统计日期,统计时间,时间戳,用户id,电池id,电压,容量,电池SOC,电流,温度,是否在线
2026年5月2日,10:07:58,1777687678,164166,12105418,5405,4529,100,0,25,在线
2026年5月2日,10:08:58,1777687738,164166,12105418,5233,4529,100,45.62,25,在线
2026年5月2日,10:09:28,1777687768,164166,12105418,5233,4529,100,45.62,25,在线
2026年5月2日,10:09:58,1777687798,164166,12105418,5233,4529,100,45.62,25,在线
2026年5月2日,10:10:28,1777687828,164166,12105418,5233,4529,100,45.62,25,在线
2026年5月2日,10:10:58,1777687858,164166,12105418,5294,4451,98,0,25,在线
2026年5月2日,10:11:28,1777687888,164166,12105418,5294,4451,98,0,25,在线
2026年5月2日,10:11:58,1777687918,164166,12105418,5195,4443,98,46.89,25,在线
2026年5月2日,10:12:28,1777687948,164166,12105418,5195,4443,98,46.89,25,在线
2026年5月2日,10:12:58,1777687978,164166,12105418,5195,4443,98,46.89,25,在线
2026年5月2日,10:13:28,1777688008,164166,12105418,5310,4443,98,0,25,在线
2026年5月2日,10:14:28,1777688068,164166,12105418,5310,4443,98,0,25,在线
2026年5月2日,10:18:28,1777688308,164166,12105418,5319,4423,98,0,25,在线
2026年5月2日,10:19:58,1777688398,164166,12105418,5319,4423,98,0,25,在线
2026年5月2日,10:29:58,1777688998,164166,12105418,5325,4423,98,0,25,在线
2026年5月2日,10:39:58,1777689598,164166,12105418,5326,4423,98,0,25,在线
2026年5月2日,10:41:58,1777689718,164166,12105418,5237,4415,98,30.55,25,在线
2026年5月2日,10:42:28,1777689748,164166,12105418,5237,4415,98,30.55,25,在线
2026年5月2日,10:42:58,1777689778,164166,12105418,5237,4415,98,30.55,25,在线
2026年5月2日,10:43:28,1777689808,164166,12105418,5319,4415,97,0,25,在线
2026年5月2日,10:47:58,1777690078,164166,12105418,5198,4393,97,47.27,25,在线
2026年5月2日,10:48:28,1777690108,164166,12105418,5198,4393,97,47.27,25,在线
2026年5月2日,10:48:58,1777690138,164166,12105418,5198,4393,97,47.27,25,在线
2026年5月2日,10:49:28,1777690168,164166,12105418,5198,4393,97,47.27,25,在线
2026年5月2日,10:49:58,1777690198,164166,12105418,5311,4393,97,0,25,在线
2026年5月2日,10:51:58,1777690318,164166,12105418,5250,4361,97,23.64,25,在线
2026年5月2日,10:52:28,1777690348,164166,12105418,5250,4361,97,23.64,25,在线
2026年5月2日,10:52:58,1777690378,164166,12105418,5250,4361,97,23.64,25,在线
2026年5月2日,10:53:28,1777690408,164166,12105418,5250,4361,97,23.64,25,在线
2026年5月2日,10:53:58,1777690438,164166,12105418,5250,4361,97,23.64,25,在线
2026年5月2日,10:54:28,1777690468,164166,12105418,5250,4361,97,23.64,25,在线
2026年5月2日,10:54:58,1777690498,164166,12105418,5250,4361,97,23.64,25,在线
2026年5月2日,10:55:28,1777690528,164166,12105418,5250,4361,97,23.64,25,在线
2026年5月2日,10:55:58,1777690558,164166,12105418,5250,4361,97,23.64,25,在线
2026年5月2日,10:56:28,1777690588,164166,12105418,5250,4361,97,23.64,25,在线
2026年5月2日,10:56:58,1777690618,164166,12105418,5276,4361,92,0,26,在线
2026年5月2日,10:58:28,1777690708,164166,12105418,5276,4361,92,0,26,在线
2026年5月2日,10:59:58,1777690798,164166,12105418,5276,4361,92,0,26,在线
2026年5月2日,11:01:28,1777690888,164166,12105418,5276,4361,92,0,26,在线
2026年5月2日,11:01:58,1777690918,164166,12105418,5307,3940,87,0,28,在线
2026年5月2日,11:03:28,1777691008,164166,12105418,5195,3925,87,45.92,28,在线
2026年5月2日,11:03:58,1777691038,164166,12105418,5195,3925,87,45.92,28,在线
2026年5月2日,11:04:28,1777691068,164166,12105418,5195,3925,87,45.92,28,在线
2026年5月2日,11:04:58,1777691098,164166,12105418,5195,3925,87,45.92,28,在线
2026年5月2日,11:05:28,1777691128,164166,12105418,5195,3925,87,45.92,28,在线
2026年5月2日,11:05:58,1777691158,164166,12105418,5195,3925,87,45.92,28,在线
2026年5月2日,11:06:28,1777691188,164166,12105418,5195,3925,87,45.92,28,在线
2026年5月2日,11:06:58,1777691218,164166,12105418,5195,3925,87,45.92,28,在线
2026年5月2日,11:07:28,1777691248,164166,12105418,5195,3925,87,45.92,28,在线
2026年5月2日,11:07:58,1777691278,164166,12105418,5195,3925,87,45.92,28,在线
2026年5月2日,11:08:28,1777691308,164166,12105418,5198,3925,83,36.07,28,在线
2026年5月2日,11:08:58,1777691338,164166,12105418,5198,3925,83,36.07,28,在线
2026年5月2日,11:09:28,1777691368,164166,12105418,5198,3925,83,36.07,28,在线
2026年5月2日,11:09:58,1777691398,164166,12105418,5198,3925,83,36.07,28,在线
2026年5月2日,11:10:28,1777691428,164166,12105418,5198,3925,83,36.07,28,在线
2026年5月2日,11:10:58,1777691458,164166,12105418,5198,3925,83,36.07,28,在线
2026年5月2日,11:11:28,1777691488,164166,12105418,5198,3925,83,36.07,28,在线
2026年5月2日,11:11:58,1777691518,164166,12105418,5198,3925,83,36.07,28,在线
2026年5月2日,11:12:28,1777691548,164166,12105418,5198,3925,83,36.07,28,在线
2026年5月2日,11:12:58,1777691578,164166,12105418,5291,3593,80,0,30,在线
2026年5月2日,11:13:28,1777691608,164166,12105418,5275,3593,79,0,30,在线
2026年5月2日,11:13:58,1777691638,164166,12105418,5275,3593,79,0,30,在线
2026年5月2日,11:14:28,1777691668,164166,12105418,5275,3593,79,0,30,在线
2026年5月2日,11:14:58,1777691698,164166,12105418,5275,3593,79,0,30,在线
2026年5月2日,11:15:28,1777691728,164166,12105418,5275,3593,79,0,30,在线
2026年5月2日,11:15:58,1777691758,164166,12105418,5275,3593,79,0,30,在线
2026年5月2日,11:16:28,1777691788,164166,12105418,5275,3593,79,0,30,在线
2026年5月2日,11:16:58,1777691818,164166,12105418,5275,3593,79,0,30,在线
2026年5月2日,11:17:30,1777691850,164166,12105418,5275,3593,79,0,30,在线
2026年5月2日,11:18:00,1777691880,164166,12105418,5275,3593,79,0,30,在线
2026年5月2日,11:18:28,1777691908,164166,12105418,5251,3355,74,0.25,31,在线
2026年5月2日,11:19:00,1777691940,164166,12105418,5251,3355,74,0.25,31,在线
2026年5月2日,11:19:28,1777691968,164166,12105418,5251,3355,74,0.25,31,在线
2026年5月2日,11:19:58,1777691998,164166,12105418,5251,3355,74,0.25,31,在线
2026年5月2日,11:20:28,1777692028,164166,12105418,5251,3355,74,0.25,31,在线
2026年5月2日,11:20:58,1777692058,164166,12105418,5251,3355,74,0.25,31,在线
2026年5月2日,11:21:28,1777692088,164166,12105418,5251,3355,74,0.25,31,在线
2026年5月2日,11:21:58,1777692118,164166,12105418,5251,3355,74,0.25,31,在线
2026年5月2日,11:22:28,1777692148,164166,12105418,5251,3355,74,0.25,31,在线
2026年5月2日,11:22:58,1777692178,164166,12105418,5251,3355,74,0.25,31,在线
2026年5月2日,11:23:28,1777692208,164166,12105418,5247,3355,70,0.27,31,在线
2026年5月2日,11:23:58,1777692238,164166,12105418,5247,3355,70,0.27,31,在线
2026年5月2日,11:24:28,1777692268,164166,12105418,5247,3355,70,0.27,31,在线
2026年5月2日,11:24:58,1777692298,164166,12105418,5247,3355,70,0.27,31,在线
2026年5月2日,11:25:28,1777692328,164166,12105418,5247,3355,70,0.27,31,在线
2026年5月2日,11:25:58,1777692358,164166,12105418,5262,3145,70,0,31,在线
2026年5月2日,11:26:28,1777692388,164166,12105418,5262,3145,70,0,31,在线
2026年5月2日,11:29:58,1777692598,164166,12105418,5269,3145,70,0,31,在线
2026年5月2日,11:30:58,1777692658,164166,12105418,5170,3145,69,46.07,32,在线
2026年5月2日,11:31:28,1777692688,164166,12105418,5170,3145,69,46.07,32,在线
2026年5月2日,11:31:58,1777692718,164166,12105418,5170,3145,69,46.07,32,在线
2026年5月2日,11:32:28,1777692748,164166,12105418,5170,3145,69,46.07,32,在线
2026年5月2日,11:32:58,1777692778,164166,12105418,5170,3145,69,46.07,32,在线
2026年5月2日,11:33:28,1777692808,164166,12105418,5244,3145,69,46.07,32,在线
2026年5月2日,11:33:58,1777692838,164166,12105418,5244,3145,69,46.07,32,在线
2026年5月2日,11:34:28,1777692868,164166,12105418,5244,3145,69,46.07,32,在线
2026年5月2日,11:34:58,1777692898,164166,12105418,5260,3072,68,0,32,在线
2026年5月2日,11:37:28,1777693048,164166,12105418,5159,3072,68,46.38,32,在线
2026年5月2日,11:37:58,1777693078,164166,12105418,5159,3072,68,46.38,32,在线
2026年5月2日,11:38:28,1777693108,164166,12105418,5159,3072,68,46.38,32,在线
2026年5月2日,11:38:58,1777693138,164166,12105418,5159,3072,68,46.38,32,在线
2026年5月2日,11:39:28,1777693168,164166,12105418,5261,3036,67,0,32,在线
2026年5月2日,11:39:58,1777693198,164166,12105418,5157,3036,67,46.37,32,在线
2026年5月2日,11:40:28,1777693228,164166,12105418,5157,3036,67,46.37,32,在线
2026年5月2日,11:40:58,1777693258,164166,12105418,5157,3036,67,46.37,32,在线
2026年5月2日,11:41:28,1777693288,164166,12105418,5157,3036,67,46.37,32,在线
2026年5月2日,11:41:58,1777693318,164166,12105418,5157,3036,67,46.37,32,在线
2026年5月2日,11:42:28,1777693348,164166,12105418,5157,3036,67,46.37,32,在线
2026年5月2日,11:42:58,1777693378,164166,12105418,5157,3036,67,46.37,32,在线
2026年5月2日,11:43:28,1777693408,164166,12105418,5157,3036,67,46.37,32,在线
2026年5月2日,11:43:58,1777693438,164166,12105418,5157,3036,67,46.37,32,在线
2026年5月2日,11:44:28,1777693468,164166,12105418,5157,3036,67,46.37,32,在线
2026年5月2日,11:44:58,1777693498,164166,12105418,5109,2874,64,45.67,32,在线
2026年5月2日,11:45:28,1777693528,164166,12105418,5109,2874,64,45.67,32,在线
2026年5月2日,11:45:58,1777693558,164166,12105418,5109,2874,64,45.67,32,在线
2026年5月2日,11:46:28,1777693588,164166,12105418,5109,2874,64,45.67,32,在线
2026年5月2日,11:46:58,1777693618,164166,12105418,5109,2874,64,45.67,32,在线
2026年5月2日,11:47:28,1777693648,164166,12105418,5249,2874,62,0,32,在线
2026年5月2日,11:47:58,1777693678,164166,12105418,5145,2786,62,46.12,32,在线
2026年5月2日,11:48:28,1777693708,164166,12105418,5145,2786,62,46.12,32,在线
2026年5月2日,11:48:58,1777693738,164166,12105418,5145,2786,62,46.12,32,在线
2026年5月2日,11:49:28,1777693768,164166,12105418,5145,2786,62,46.12,32,在线
2026年5月2日,11:49:58,1777693798,164166,12105418,5145,2786,62,46.12,32,在线
2026年5月2日,11:50:28,1777693828,164166,12105418,5145,2786,62,46.12,32,在线
2026年5月2日,11:50:58,1777693858,164166,12105418,5145,2786,62,46.12,32,在线
2026年5月2日,11:51:28,1777693888,164166,12105418,5145,2786,62,46.12,32,在线
2026年5月2日,11:51:58,1777693918,164166,12105418,5145,2786,62,46.12,32,在线
2026年5月2日,11:52:28,1777693948,164166,12105418,5145,2786,62,46.12,32,在线
2026年5月2日,11:52:58,1777693978,164166,12105418,5166,2786,58,20.19,33,在线
2026年5月2日,11:53:28,1777694008,164166,12105418,5166,2786,58,20.19,33,在线
2026年5月2日,11:53:58,1777694038,164166,12105418,5166,2786,58,20.19,33,在线
2026年5月2日,11:54:28,1777694068,164166,12105418,5166,2786,58,20.19,33,在线
2026年5月2日,11:54:58,1777694098,164166,12105418,5166,2786,58,20.19,33,在线
2026年5月2日,11:55:28,1777694128,164166,12105418,5244,2561,57,0,33,在线
2026年5月2日,11:57:28,1777694248,164166,12105418,5196,2561,57,20.95,33,在线
2026年5月2日,11:57:58,1777694278,164166,12105418,5196,2561,57,20.95,33,在线
2026年5月2日,11:58:28,1777694308,164166,12105418,5196,2561,57,20.95,33,在线
2026年5月2日,11:58:58,1777694338,164166,12105418,5196,2561,57,20.95,33,在线
2026年5月2日,11:59:28,1777694368,164166,12105418,5196,2561,57,20.95,33,在线
2026年5月2日,11:59:58,1777694398,164166,12105418,5196,2561,57,20.95,33,在线
2026年5月2日,12:00:28,1777694428,164166,12105418,5196,2561,57,20.95,33,在线
2026年5月2日,12:00:58,1777694458,164166,12105418,5196,2561,57,20.95,33,在线
2026年5月2日,12:01:28,1777694488,164166,12105418,5196,2561,57,20.95,33,在线
2026年5月2日,12:01:58,1777694518,164166,12105418,5196,2561,57,20.95,33,在线
2026年5月2日,12:02:28,1777694548,164166,12105418,5208,2348,52,0,34,在线
2026年5月2日,12:02:58,1777694578,164166,12105418,5208,2348,52,0,34,在线
2026年5月2日,12:03:28,1777694608,164166,12105418,5237,2348,52,0,34,在线
2026年5月2日,12:07:58,1777694878,164166,12105418,5147,2341,52,46.46,33,在线
2026年5月2日,12:08:28,1777694908,164166,12105418,5147,2341,52,46.46,33,在线
2026年5月2日,12:08:58,1777694938,164166,12105418,5147,2341,52,46.46,33,在线
2026年5月2日,12:09:28,1777694968,164166,12105418,5147,2341,52,46.46,33,在线
2026年5月2日,12:09:58,1777694998,164166,12105418,5147,2341,52,46.46,33,在线
2026年5月2日,12:10:30,1777695030,164166,12105418,5147,2341,52,46.46,33,在线
2026年5月2日,12:11:00,1777695060,164166,12105418,5147,2341,52,46.46,33,在线
2026年5月2日,12:11:30,1777695090,164166,12105418,5147,2341,52,46.46,33,在线
2026年5月2日,12:12:00,1777695120,164166,12105418,5147,2341,52,46.46,33,在线
2026年5月2日,12:12:30,1777695150,164166,12105418,5147,2341,52,46.46,33,在线
2026年5月2日,12:13:00,1777695180,164166,12105418,5225,2341,48,0,34,在线
2026年5月2日,12:13:30,1777695210,164166,12105418,5127,2156,48,46.67,34,在线
2026年5月2日,12:14:00,1777695240,164166,12105418,5127,2156,48,46.67,34,在线
2026年5月2日,12:14:30,1777695270,164166,12105418,5127,2156,48,46.67,34,在线
2026年5月2日,12:15:00,1777695300,164166,12105418,5127,2156,48,46.67,34,在线
2026年5月2日,12:15:30,1777695330,164166,12105418,5127,2156,48,46.67,34,在线
2026年5月2日,12:16:00,1777695360,164166,12105418,5127,2156,48,46.67,34,在线
2026年5月2日,12:16:30,1777695390,164166,12105418,5127,2156,48,46.67,34,在线
2026年5月2日,12:17:00,1777695420,164166,12105418,5127,2156,48,46.67,34,在线
2026年5月2日,12:17:30,1777695450,164166,12105418,5127,2156,48,46.67,34,在线
2026年5月2日,12:18:00,1777695480,164166,12105418,5127,2156,48,46.67,34,在线
2026年5月2日,12:18:30,1777695510,164166,12105418,5050,2156,42,44.7,35,在线
2026年5月2日,12:19:00,1777695540,164166,12105418,5050,2156,42,44.7,35,在线
2026年5月2日,12:19:30,1777695570,164166,12105418,5050,2156,42,44.7,35,在线
2026年5月2日,12:20:00,1777695600,164166,12105418,5050,2156,42,44.7,35,在线
2026年5月2日,12:20:30,1777695630,164166,12110600,5552,4040,100,0,36,在线
2026年5月2日,12:21:00,1777695660,164166,12110600,5405,4031,100,20.73,36,在线
2026年5月2日,12:21:30,1777695690,164166,12110600,5405,4031,100,20.73,36,在线
2026年5月2日,12:22:00,1777695720,164166,12110600,5405,4031,100,20.73,36,在线
2026年5月2日,12:30:00,1777696200,164166,12110600,5414,4023,100,0,36,在线
2026年5月2日,12:31:00,1777696260,164166,12110600,5357,4023,100,16.71,36,在线
2026年5月2日,12:31:30,1777696290,164166,12110600,5357,4023,100,16.71,36,在线
2026年5月2日,12:32:00,1777696320,164166,12110600,5357,4023,100,16.71,36,在线
2026年5月2日,12:32:30,1777696350,164166,12110600,5357,4023,100,16.71,36,在线
2026年5月2日,12:33:00,1777696380,164166,12110600,5357,4023,100,16.71,36,在线
2026年5月2日,12:33:30,1777696410,164166,12110600,5357,4023,100,16.71,36,在线
2026年5月2日,12:34:00,1777696440,164166,12110600,5357,4023,100,16.71,36,在线
2026年5月2日,12:34:30,1777696470,164166,12110600,5357,4023,100,16.71,36,在线
2026年5月2日,12:35:00,1777696500,164166,12110600,5357,4023,100,16.71,36,在线
2026年5月2日,12:35:30,1777696530,164166,12110600,5357,4023,100,16.71,36,在线
2026年5月2日,12:36:00,1777696560,164166,12110600,5323,3902,97,0,36,在线
2026年5月2日,12:36:30,1777696590,164166,12110600,5232,3902,97,47.57,36,在线
2026年5月2日,12:37:00,1777696620,164166,12110600,5232,3902,97,47.57,36,在线
2026年5月2日,12:37:30,1777696650,164166,12110600,5232,3902,97,47.57,36,在线
2026年5月2日,12:38:00,1777696680,164166,12110600,5232,3902,97,47.57,36,在线
2026年5月2日,12:38:30,1777696710,164166,12110600,5232,3902,97,47.57,36,在线
2026年5月2日,12:39:00,1777696740,164166,12110600,5232,3902,97,47.57,36,在线
2026年5月2日,12:39:30,1777696770,164166,12110600,5232,3902,97,47.57,36,在线
2026年5月2日,12:40:00,1777696800,164166,12110600,5232,3902,97,47.57,36,在线
2026年5月2日,12:40:30,1777696830,164166,12110600,5232,3902,97,47.57,36,在线
2026年5月2日,12:41:00,1777696860,164166,12110600,5232,3902,97,47.57,36,在线
2026年5月2日,12:41:30,1777696890,164166,12110600,5207,3691,92,47.1,37,在线
2026年5月2日,12:42:00,1777696920,164166,12110600,5207,3691,92,47.1,37,在线
2026年5月2日,12:42:30,1777696950,164166,12110600,5207,3691,92,47.1,37,在线
2026年5月2日,12:43:00,1777696980,164166,12110600,5207,3691,92,47.1,37,在线
2026年5月2日,12:43:30,1777697010,164166,12110600,5207,3691,92,47.1,37,在线
2026年5月2日,12:44:00,1777697040,164166,12110600,5207,3691,92,47.1,37,在线
2026年5月2日,12:44:30,1777697070,164166,12110600,5322,3691,88,0,37,在线
2026年5月2日,12:45:00,1777697100,164166,12110600,5229,3561,88,47.45,37,在线
2026年5月2日,12:45:30,1777697130,164166,12110600,5229,3561,88,47.45,37,在线
2026年5月2日,12:46:00,1777697160,164166,12110600,5229,3561,88,47.45,37,在线
2026年5月2日,12:46:30,1777697190,164166,12110600,5229,3561,88,47.45,37,在线
2026年5月2日,12:47:00,1777697220,164166,12110600,5229,3561,88,47.45,37,在线
2026年5月2日,12:47:30,1777697250,164166,12110600,5229,3561,88,47.45,37,在线
2026年5月2日,12:48:00,1777697280,164166,12110600,5229,3561,88,47.45,37,在线
2026年5月2日,12:48:30,1777697310,164166,12110600,5229,3561,88,47.45,37,在线
2026年5月2日,12:49:00,1777697340,164166,12110600,5229,3561,88,47.45,37,在线
2026年5月2日,12:49:30,1777697370,164166,12110600,5229,3561,88,47.45,37,在线
2026年5月2日,12:50:00,1777697400,164166,12110600,5223,3561,84,46.28,38,在线
2026年5月2日,12:50:30,1777697430,164166,12110600,5223,3561,84,46.28,38,在线
2026年5月2日,12:51:00,1777697460,164166,12110600,5223,3561,84,46.28,38,在线
2026年5月2日,12:51:30,1777697490,164166,12110600,5223,3561,84,46.28,38,在线
2026年5月2日,12:52:00,1777697520,164166,12110600,5223,3561,84,46.28,38,在线
2026年5月2日,12:52:30,1777697550,164166,12110600,5223,3561,84,46.28,38,在线
2026年5月2日,12:53:00,1777697580,164166,12110600,5223,3561,84,46.28,38,在线
2026年5月2日,12:53:30,1777697610,164166,12110600,5223,3561,84,46.28,38,在线
2026年5月2日,12:54:00,1777697640,164166,12110600,5223,3561,84,46.28,38,在线
2026年5月2日,12:54:30,1777697670,164166,12110600,5223,3561,84,46.28,38,在线
2026年5月2日,12:55:00,1777697700,164166,12110600,5215,3179,79,31.81,38,在线
2026年5月2日,12:55:30,1777697730,164166,12110600,5215,3179,79,31.81,38,在线
2026年5月2日,12:56:00,1777697760,164166,12110600,5215,3179,79,31.81,38,在线
2026年5月2日,12:56:30,1777697790,164166,12110600,5215,3179,79,31.81,38,在线
2026年5月2日,12:57:00,1777697820,164166,12110600,5215,3179,79,31.81,38,在线
2026年5月2日,12:57:30,1777697850,164166,12110600,5215,3179,79,31.81,38,在线
2026年5月2日,12:58:00,1777697880,164166,12110600,5215,3179,79,31.81,38,在线
2026年5月2日,12:58:30,1777697910,164166,12110600,5215,3179,79,31.81,38,在线
2026年5月2日,12:59:00,1777697940,164166,12110600,5307,3179,76,0,39,在线
2026年5月2日,12:59:30,1777697970,164166,12110600,5307,3179,76,0,39,在线
2026年5月2日,13:00:00,1777698000,164166,12110600,5307,3179,76,0,39,在线
2026年5月2日,13:00:30,1777698030,164166,12110600,5307,3179,76,0,39,在线
2026年5月2日,13:04:00,1777698240,164166,12110600,5321,3062,76,0,39,在线
2026年5月2日,13:07:30,1777698450,164166,12110600,5298,3062,76,6.06,39,在线
2026年5月2日,13:08:00,1777698480,164166,12110600,5298,3062,76,6.06,39,在线
2026年5月2日,13:08:30,1777698510,164166,12110600,5298,3062,76,6.06,39,在线
2026年5月2日,13:09:00,1777698540,164166,12110600,5319,3050,76,0,39,在线
2026年5月2日,13:09:30,1777698570,164166,12110600,5236,3050,75,37.71,39,在线
2026年5月2日,13:10:00,1777698600,164166,12110600,5236,3050,75,37.71,39,在线
2026年5月2日,13:10:30,1777698630,164166,12110600,5236,3050,75,37.71,39,在线
2026年5月2日,13:11:00,1777698660,164166,12110600,5315,3036,75,0,39,在线
2026年5月2日,13:14:00,1777698840,164166,12110600,5238,3036,75,30.37,39,在线
2026年5月2日,13:14:30,1777698870,164166,12110600,5238,3036,75,30.37,39,在线
2026年5月2日,13:15:00,1777698900,164166,12110600,5238,3036,75,30.37,39,在线
2026年5月2日,13:15:30,1777698930,164166,12110600,5238,3036,75,30.37,39,在线
2026年5月2日,13:16:00,1777698960,164166,12110600,5238,3036,75,30.37,39,在线
2026年5月2日,13:16:30,1777698990,164166,12110600,5249,3036,74,30.37,39,在线
2026年5月2日,13:17:01,1777699021,164166,12110600,5249,3036,74,30.37,39,在线
2026年5月2日,13:17:30,1777699050,164166,12110600,5249,3036,74,30.37,39,在线
2026年5月2日,13:18:00,1777699080,164166,12110600,5249,3036,74,30.37,39,在线
2026年5月2日,13:18:39,1777699119,164166,12110600,5249,3036,74,30.37,39,在线
2026年5月2日,13:19:00,1777699140,164166,12110600,5173,2809,70,47.25,39,在线
2026年5月2日,13:19:30,1777699170,164166,12110600,5173,2809,70,47.25,39,在线
2026年5月2日,13:20:01,1777699201,164166,12110600,5173,2809,70,47.25,39,在线
2026年5月2日,13:20:30,1777699230,164166,12110600,5173,2809,70,47.25,39,在线
2026年5月2日,13:21:00,1777699260,164166,12110600,5173,2809,70,47.25,39,在线
2026年5月2日,13:21:30,1777699290,164166,12110600,5173,2809,70,47.25,39,在线
2026年5月2日,13:22:04,1777699324,164166,12110600,5173,2809,70,47.25,39,在线
2026年5月2日,13:22:30,1777699350,164166,12110600,5173,2809,70,47.25,39,在线
2026年5月2日,13:23:01,1777699381,164166,12110600,5173,2809,70,47.25,39,在线
2026年5月2日,13:23:30,1777699410,164166,12110600,5173,2809,70,47.25,39,在线
2026年5月2日,13:24:00,1777699440,164166,12110600,5268,2809,65,0,39,在线
2026年5月2日,13:29:00,1777699740,164166,12110600,5277,2631,65,0,39,在线
2026年5月2日,13:30:00,1777699800,164166,12110600,5277,2631,65,0,39,在线
2026年5月2日,13:31:00,1777699860,164166,12110600,5196,2631,65,39.66,39,在线
2026年5月2日,13:31:30,1777699890,164166,12110600,5196,2631,65,39.66,39,在线
2026年5月2日,13:32:00,1777699920,164166,12110600,5196,2631,65,39.66,39,在线
2026年5月2日,13:32:30,1777699950,164166,12110600,5196,2631,65,39.66,39,在线
2026年5月2日,13:33:00,1777699980,164166,12110600,5196,2631,65,39.66,39,在线
2026年5月2日,13:33:30,1777700010,164166,12110600,5254,2631,63,39.66,39,在线
2026年5月2日,13:34:00,1777700040,164166,12110600,5254,2631,63,39.66,39,在线
2026年5月2日,13:34:30,1777700070,164166,12110600,5254,2631,63,39.66,39,在线
2026年5月2日,13:35:00,1777700100,164166,12110600,5254,2631,63,39.66,39,在线
2026年5月2日,13:35:30,1777700130,164166,12110600,5254,2631,63,39.66,39,在线
2026年5月2日,13:36:00,1777700160,164166,12110600,5256,2451,61,0.13,39,在线
2026年5月2日,13:36:30,1777700190,164166,12110600,5265,2451,61,0,39,在线
2026年5月2日,13:39:00,1777700340,164166,12110600,5172,2445,61,46.94,39,在线
2026年5月2日,13:39:30,1777700370,164166,12110600,5172,2445,61,46.94,39,在线
2026年5月2日,13:40:00,1777700400,164166,12110600,5172,2445,61,46.94,39,在线
2026年5月2日,13:40:30,1777700430,164166,12110600,5172,2445,61,46.94,39,在线
2026年5月2日,13:41:00,1777700460,164166,12110600,5172,2445,61,46.94,39,在线
2026年5月2日,13:41:30,1777700490,164166,12110600,5172,2445,61,46.94,39,在线
2026年5月2日,13:42:00,1777700520,164166,12110600,5172,2445,61,46.94,39,在线
2026年5月2日,13:42:30,1777700550,164166,12110600,5172,2445,61,46.94,39,在线
2026年5月2日,13:43:00,1777700580,164166,12110600,5172,2445,61,46.94,39,在线
2026年5月2日,13:43:30,1777700610,164166,12110600,5172,2445,61,46.94,39,在线
2026年5月2日,13:44:00,1777700640,164166,12110600,5137,2445,55,47.69,39,在线
2026年5月2日,13:44:30,1777700670,164166,12110600,5137,2445,55,47.69,39,在线
2026年5月2日,13:45:00,1777700700,164166,12110600,5137,2445,55,47.69,39,在线
2026年5月2日,13:45:30,1777700730,164166,12110600,5137,2445,55,47.69,39,在线
2026年5月2日,13:46:00,1777700760,164166,12110600,5137,2445,55,47.69,39,在线
2026年5月2日,13:46:30,1777700790,164166,12110600,5137,2445,55,47.69,39,在线
2026年5月2日,13:47:00,1777700820,164166,12110600,5137,2445,55,47.69,39,在线
2026年5月2日,13:47:30,1777700850,164166,12110600,5137,2445,55,47.69,39,在线
2026年5月2日,13:48:00,1777700880,164166,12110600,5137,2445,55,47.69,39,在线
2026年5月2日,13:48:30,1777700910,164166,12110600,5137,2445,55,47.69,39,在线
2026年5月2日,13:49:00,1777700940,164166,12110600,5256,2038,51,0,39,在线
2026年5月2日,13:50:00,1777701000,164166,12110600,5256,2038,51,0,39,在线
2026年5月2日,13:58:00,1777701480,164166,12110600,5172,2038,50,46.24,39,在线
2026年5月2日,13:58:30,1777701510,164166,12110600,5172,2038,50,46.24,39,在线
2026年5月2日,13:59:00,1777701540,164166,12110600,5172,2038,50,46.24,39,在线
2026年5月2日,13:59:30,1777701570,164166,12110600,5172,2038,50,46.24,39,在线
2026年5月2日,14:00:00,1777701600,164166,12110600,5160,2020,50,44.59,39,在线
2026年5月2日,14:00:30,1777701630,164166,12110600,5160,2020,50,44.59,39,在线
2026年5月2日,14:01:00,1777701660,164166,12110600,5160,2020,50,44.59,39,在线
2026年5月2日,14:01:30,1777701690,164166,12110600,5263,2002,50,0,39,在线
2026年5月2日,14:04:00,1777701840,164166,12110600,5159,2002,49,46.62,39,在线
2026年5月2日,14:04:30,1777701870,164166,12110600,5159,2002,49,46.62,39,在线
2026年5月2日,14:05:00,1777701900,164166,12110600,5159,2002,49,46.62,39,在线
2026年5月2日,14:05:30,1777701930,164166,12110600,5262,1983,49,0,39,在线
2026年5月2日,14:07:00,1777702020,164166,12110600,5172,1983,49,44.85,39,在线
2026年5月2日,14:07:30,1777702050,164166,12110600,5172,1983,49,44.85,39,在线
2026年5月2日,14:08:00,1777702080,164166,12110600,5172,1983,49,44.85,39,在线
2026年5月2日,14:08:30,1777702110,164166,12110600,5172,1983,49,44.85,39,在线
2026年5月2日,14:09:00,1777702140,164166,12110600,5172,1983,49,44.85,39,在线
2026年5月2日,14:09:30,1777702170,164166,12110600,5172,1983,49,44.85,39,在线
2026年5月2日,14:10:00,1777702200,164166,12110600,5172,1983,49,44.85,39,在线
2026年5月2日,14:10:30,1777702230,164166,12110600,5172,1983,49,44.85,39,在线
2026年5月2日,14:11:00,1777702260,164166,12110600,5172,1983,49,44.85,39,在线
2026年5月2日,14:11:30,1777702290,164166,12110600,5172,1983,49,44.85,39,在线
2026年5月2日,14:12:00,1777702320,164166,12110600,5201,1831,45,0,39,在线
2026年5月2日,14:12:30,1777702350,164166,12110600,5201,1831,45,0,39,在线
2026年5月2日,14:13:00,1777702380,164166,12110600,5201,1831,45,0,39,在线
2026年5月2日,14:13:30,1777702410,164166,12110600,5201,1831,45,0,39,在线
2026年5月2日,14:14:00,1777702440,164166,12110600,5201,1831,45,0,39,在线
2026年5月2日,14:14:30,1777702470,164166,12110600,5201,1831,45,0,39,在线
2026年5月2日,14:15:00,1777702500,164166,12110600,5201,1831,45,0,39,在线
2026年5月2日,14:15:30,1777702530,164166,12110600,5201,1831,45,0,39,在线
2026年5月2日,14:16:00,1777702560,164166,12110600,5201,1831,45,0,39,在线
2026年5月2日,14:16:30,1777702590,164166,12110600,5201,1831,45,0,39,在线
2026年5月2日,14:17:00,1777702620,164166,12110600,5192,1831,40,0,39,在线
2026年5月2日,14:17:30,1777702650,164166,12110600,5192,1831,40,0,39,在线
2026年5月2日,14:18:00,1777702680,164166,12110600,5192,1831,40,0,39,在线
2026年5月2日,14:18:30,1777702710,164166,12110600,5192,1831,40,0,39,在线
2026年5月2日,14:19:00,1777702740,164166,12110600,5192,1831,40,0,39,在线
2026年5月2日,14:19:30,1777702770,164166,12110600,5192,1831,40,0,39,在线
2026年5月2日,14:20:00,1777702800,164166,12110600,5192,1831,40,0,39,在线
2026年5月2日,14:20:30,1777702830,164166,12110600,5192,1831,40,0,39,在线
2026年5月2日,14:21:00,1777702860,164166,12110600,5192,1831,40,0,39,在线
2026年5月2日,14:21:30,1777702890,164166,12110600,5212,1502,37,0,40,在线
2026年5月2日,14:23:00,1777702980,164166,12110600,5099,1502,37,47.3,40,在线
2026年5月2日,14:23:30,1777703010,164166,12110600,5099,1502,37,47.3,40,在线
2026年5月2日,14:24:00,1777703040,164166,12110600,5099,1502,37,47.3,40,在线
2026年5月2日,14:24:30,1777703070,164166,12110600,5099,1502,37,47.3,40,在线
2026年5月2日,14:25:00,1777703100,164166,12110600,5099,1502,37,47.3,40,在线
2026年5月2日,14:25:30,1777703130,164166,12110600,5099,1502,37,47.3,40,在线
2026年5月2日,14:26:00,1777703160,164166,12110600,5099,1502,37,47.3,40,在线
2026年5月2日,14:26:30,1777703190,164166,12110600,5099,1502,37,47.3,40,在线
2026年5月2日,14:27:00,1777703220,164166,12110600,5099,1502,37,47.3,40,在线
2026年5月2日,14:27:30,1777703250,164166,12110600,5099,1502,37,47.3,40,在线
2026年5月2日,14:28:00,1777703280,164166,12110600,5203,1392,35,0,40,在线
2026年5月2日,14:28:30,1777703310,164166,12110600,5093,1392,34,47.26,40,在线
2026年5月2日,14:29:00,1777703340,164166,12110600,5093,1392,34,47.26,40,在线
2026年5月2日,14:29:30,1777703370,164166,12110600,5093,1392,34,47.26,40,在线
2026年5月2日,14:30:00,1777703400,164166,12110600,5093,1392,34,47.26,40,在线
2026年5月2日,14:30:30,1777703430,164166,12110600,5093,1392,34,47.26,40,在线
2026年5月2日,14:31:00,1777703460,164166,12110600,5093,1392,34,47.26,40,在线
2026年5月2日,14:31:30,1777703490,164166,12110600,5191,1309,32,0,40,在线
2026年5月2日,14:32:00,1777703520,164166,12110600,5087,1309,32,47.78,40,在线
2026年5月2日,14:32:30,1777703550,164166,12110600,5087,1309,32,47.78,40,在线
2026年5月2日,14:33:00,1777703580,164166,12110600,5087,1309,32,47.78,40,在线
2026年5月2日,14:33:30,1777703610,164166,12110600,5087,1309,32,47.78,40,在线
2026年5月2日,14:34:00,1777703640,164166,12110600,5087,1309,32,47.78,40,在线
2026年5月2日,14:34:30,1777703670,164166,12110600,5087,1309,32,47.78,40,在线
2026年5月2日,14:35:00,1777703700,164166,12110600,5087,1309,32,47.78,40,在线
2026年5月2日,14:35:30,1777703730,164166,12110600,5087,1309,32,47.78,40,在线
2026年5月2日,14:36:00,1777703760,164166,12110600,5087,1309,32,47.78,40,在线
2026年5月2日,14:36:30,1777703790,164166,12110600,5087,1309,32,47.78,40,在线
2026年5月2日,14:37:00,1777703820,164166,12108112,5516,3882,100,0,29,在线
2026年5月2日,14:37:30,1777703850,164166,12108112,5516,3882,100,0,29,在线
2026年5月2日,14:38:00,1777703880,164166,12108112,5345,3882,100,39.24,29,在线
2026年5月2日,14:38:30,1777703910,164166,12108112,5345,3882,100,39.24,29,在线
2026年5月2日,14:39:00,1777703940,164166,12108112,5345,3882,100,39.24,29,在线
2026年5月2日,14:39:30,1777703970,164166,12108112,5345,3882,100,39.24,29,在线
2026年5月2日,14:40:00,1777704000,164166,12108112,5345,3882,100,39.24,29,在线
2026年5月2日,14:40:30,1777704030,164166,12108112,5345,3882,100,39.24,29,在线
2026年5月2日,14:41:00,1777704060,164166,12108112,5345,3882,100,39.24,29,在线
2026年5月2日,14:41:30,1777704090,164166,12108112,5345,3882,100,39.24,29,在线
2026年5月2日,14:42:00,1777704120,164166,12108112,5345,3882,100,39.24,29,在线
2026年5月2日,14:42:30,1777704150,164166,12108112,5345,3882,100,39.24,29,在线
2026年5月2日,14:43:00,1777704180,164166,12108112,5319,3753,97,0,29,在线
2026年5月2日,14:43:30,1777704210,164166,12108112,5319,3753,97,0,29,在线
2026年5月2日,14:44:00,1777704240,164166,12108112,5319,3753,97,0,29,在线
2026年5月2日,14:50:00,1777704600,164166,12108112,5329,3753,97,0,29,在线
2026年5月2日,15:00:00,1777705200,164166,12108112,5300,3742,97,9.18,29,在线
2026年5月2日,15:00:30,1777705230,164166,12108112,5300,3742,97,9.18,29,在线
2026年5月2日,15:01:00,1777705260,164166,12108112,5324,3742,97,0,29,在线
2026年5月2日,15:10:00,1777705800,164166,12108112,5331,3739,97,0,29,在线
2026年5月2日,15:12:30,1777705950,164166,12108112,5304,3725,96,2.64,29,在线
2026年5月2日,15:13:00,1777705980,164166,12108112,5304,3725,96,2.64,29,在线
2026年5月2日,15:13:30,1777706010,164166,12108112,5304,3725,96,2.64,29,在线
2026年5月2日,15:14:00,1777706040,164166,12108112,5304,3725,96,2.64,29,在线
2026年5月2日,15:14:30,1777706070,164166,12108112,5304,3725,96,2.64,29,在线
2026年5月2日,15:15:00,1777706100,164166,12108112,5304,3725,96,2.64,29,在线
2026年5月2日,15:15:30,1777706130,164166,12108112,5304,3725,96,2.64,29,在线
2026年5月2日,15:16:00,1777706160,164166,12108112,5304,3725,96,2.64,29,在线
2026年5月2日,15:16:30,1777706190,164166,12108112,5304,3725,96,2.64,29,在线
2026年5月2日,15:17:01,1777706221,164166,12108112,5304,3725,96,2.64,29,在线
2026年5月2日,15:17:32,1777706252,164166,12108112,5243,3725,93,25.17,30,在线
2026年5月2日,15:18:01,1777706281,164166,12108112,5243,3725,93,25.17,30,在线
2026年5月2日,15:18:31,1777706311,164166,12108112,5243,3725,93,25.17,30,在线
2026年5月2日,15:19:01,1777706341,164166,12108112,5243,3725,93,25.17,30,在线
2026年5月2日,15:19:30,1777706370,164166,12108112,5243,3725,93,25.17,30,在线
2026年5月2日,15:20:00,1777706400,164166,12108112,5243,3725,93,25.17,30,在线
2026年5月2日,15:20:30,1777706430,164166,12108112,5243,3725,93,25.17,30,在线
2026年5月2日,15:21:00,1777706460,164166,12108112,5243,3725,93,25.17,30,在线
2026年5月2日,15:21:30,1777706490,164166,12108112,5243,3725,93,25.17,30,在线
2026年5月2日,15:22:00,1777706520,164166,12108112,5243,3725,93,25.17,30,在线
2026年5月2日,15:22:30,1777706550,164166,12108112,5186,3397,88,48.07,30,在线
2026年5月2日,15:23:00,1777706580,164166,12108112,5186,3397,88,48.07,30,在线
2026年5月2日,15:23:30,1777706610,164166,12108112,5186,3397,88,48.07,30,在线
2026年5月2日,15:24:00,1777706640,164166,12108112,5186,3397,88,48.07,30,在线
2026年5月2日,15:24:30,1777706670,164166,12108112,5186,3397,88,48.07,30,在线
2026年5月2日,15:25:00,1777706700,164166,12108112,5186,3397,88,48.07,30,在线
2026年5月2日,15:25:30,1777706730,164166,12108112,5186,3397,88,48.07,30,在线
2026年5月2日,15:26:00,1777706760,164166,12108112,5186,3397,88,48.07,30,在线
2026年5月2日,15:26:30,1777706790,164166,12108112,5186,3397,88,48.07,30,在线
2026年5月2日,15:27:00,1777706820,164166,12108112,5314,3397,84,0,31,在线
2026年5月2日,15:28:00,1777706880,164166,12108112,5272,3231,83,15.34,31,在线
2026年5月2日,15:28:30,1777706910,164166,12108112,5272,3231,83,15.34,31,在线
2026年5月2日,15:29:00,1777706940,164166,12108112,5272,3231,83,15.34,31,在线
2026年5月2日,15:29:30,1777706970,164166,12108112,5272,3231,83,15.34,31,在线
2026年5月2日,15:30:00,1777707000,164166,12108112,5272,3231,83,15.34,31,在线
2026年5月2日,15:30:30,1777707030,164166,12108112,5272,3231,83,15.34,31,在线
2026年5月2日,15:31:00,1777707060,164166,12108112,5272,3231,83,15.34,31,在线
2026年5月2日,15:31:30,1777707090,164166,12108112,5272,3231,83,15.34,31,在线
2026年5月2日,15:32:00,1777707120,164166,12108112,5272,3231,83,15.34,31,在线
2026年5月2日,15:32:30,1777707150,164166,12108112,5297,3231,79,0,32,在线
2026年5月2日,15:36:00,1777707360,164166,12108112,5207,3051,79,47.73,32,在线
2026年5月2日,15:36:30,1777707390,164166,12108112,5207,3051,79,47.73,32,在线
2026年5月2日,15:37:00,1777707420,164166,12108112,5207,3051,79,47.73,32,在线
2026年5月2日,15:37:30,1777707450,164166,12108112,5207,3051,79,47.73,32,在线
2026年5月2日,15:38:00,1777707480,164166,12108112,5207,3051,79,47.73,32,在线
2026年5月2日,15:38:30,1777707510,164166,12108112,5263,3051,77,47.73,32,在线
2026年5月2日,15:39:00,1777707540,164166,12108112,5290,3051,77,0,32,在线
2026年5月2日,15:40:00,1777707600,164166,12108112,5193,2969,77,47.49,32,在线
2026年5月2日,15:40:30,1777707630,164166,12108112,5193,2969,77,47.49,32,在线
2026年5月2日,15:41:00,1777707660,164166,12108112,5193,2969,77,47.49,32,在线
2026年5月2日,15:41:30,1777707690,164166,12108112,5193,2969,77,47.49,32,在线
2026年5月2日,15:42:00,1777707720,164166,12108112,5193,2969,77,47.49,32,在线
2026年5月2日,15:42:30,1777707750,164166,12108112,5193,2969,77,47.49,32,在线
2026年5月2日,15:43:00,1777707780,164166,12108112,5193,2969,77,47.49,32,在线
2026年5月2日,15:43:30,1777707810,164166,12108112,5193,2969,77,47.49,32,在线
2026年5月2日,15:44:00,1777707840,164166,12108112,5193,2969,77,47.49,32,在线
2026年5月2日,15:44:30,1777707870,164166,12108112,5280,2969,75,0,33,在线
2026年5月2日,15:47:00,1777708020,164166,12108112,5205,2881,74,33.83,33,在线
2026年5月2日,15:47:30,1777708050,164166,12108112,5205,2881,74,33.83,33,在线
2026年5月2日,15:48:00,1777708080,164166,12108112,5205,2881,74,33.83,33,在线
2026年5月2日,15:48:30,1777708110,164166,12108112,5205,2881,74,33.83,33,在线
2026年5月2日,15:49:00,1777708140,164166,12108112,5278,2881,74,0,33,在线
2026年5月2日,15:49:30,1777708170,164166,12108112,5278,2881,74,0,33,在线
2026年5月2日,15:50:00,1777708200,164166,12108112,5177,2851,74,48.39,33,在线
2026年5月2日,15:50:30,1777708230,164166,12108112,5177,2851,74,48.39,33,在线
2026年5月2日,15:51:00,1777708260,164166,12108112,5177,2851,74,48.39,33,在线
2026年5月2日,15:51:30,1777708290,164166,12108112,5177,2851,74,48.39,33,在线
2026年5月2日,15:52:00,1777708320,164166,12108112,5177,2851,74,48.39,33,在线
2026年5月2日,15:52:30,1777708350,164166,12108112,5177,2851,74,48.39,33,在线
2026年5月2日,15:53:00,1777708380,164166,12108112,5177,2851,74,48.39,33,在线
2026年5月2日,15:53:30,1777708410,164166,12108112,5177,2851,74,48.39,33,在线
2026年5月2日,15:54:00,1777708440,164166,12108112,5177,2851,74,48.39,33,在线
2026年5月2日,15:54:30,1777708470,164166,12108112,5177,2851,74,48.39,33,在线
2026年5月2日,15:55:00,1777708500,164166,12108112,5248,2851,68,0,33,在线
2026年5月2日,15:55:30,1777708530,164166,12108112,5248,2851,68,0,33,在线
2026年5月2日,15:56:00,1777708560,164166,12108112,5248,2851,68,0,33,在线
2026年5月2日,15:56:30,1777708590,164166,12108112,5248,2851,68,0,33,在线
2026年5月2日,15:57:00,1777708620,164166,12108112,5248,2851,68,0,33,在线
2026年5月2日,15:57:30,1777708650,164166,12108112,5248,2851,68,0,33,在线
2026年5月2日,16:00:00,1777708800,164166,12108112,5162,2503,65,45.18,33,在线
2026年5月2日,16:00:30,1777708830,164166,12108112,5162,2503,65,45.18,33,在线
2026年5月2日,16:01:00,1777708860,164166,12108112,5162,2503,65,45.18,33,在线
2026年5月2日,16:01:30,1777708890,164166,12108112,5162,2503,65,45.18,33,在线
2026年5月2日,16:02:00,1777708920,164166,12108112,5162,2503,65,45.18,33,在线
2026年5月2日,16:02:30,1777708950,164166,12108112,5261,2503,63,0,33,在线
2026年5月2日,16:03:00,1777708980,164166,12108112,5261,2503,63,0,33,在线
2026年5月2日,16:03:30,1777709010,164166,12108112,5261,2503,63,0,33,在线
2026年5月2日,16:07:30,1777709250,164166,12108112,5270,2451,63,0,33,在线
2026年5月2日,16:10:00,1777709400,164166,12108112,5271,2451,63,0,33,在线
2026年5月2日,16:19:00,1777709940,164166,12108112,5189,2451,63,31.76,33,在线
2026年5月2日,16:19:30,1777709970,164166,12108112,5189,2451,63,31.76,33,在线
2026年5月2日,16:20:00,1777710000,164166,12108112,5189,2451,63,31.76,33,在线
2026年5月2日,16:20:30,1777710030,164166,12108112,5189,2451,63,31.76,33,在线
2026年5月2日,16:21:00,1777710060,164166,12108112,5189,2451,63,31.76,33,在线
2026年5月2日,16:21:30,1777710090,164166,12108112,5147,2451,62,31.76,33,在线
2026年5月2日,16:22:00,1777710120,164166,12108112,5147,2451,62,31.76,33,在线
2026年5月2日,16:22:30,1777710150,164166,12108112,5147,2451,62,31.76,33,在线
2026年5月2日,16:23:00,1777710180,164166,12108112,5147,2451,62,31.76,33,在线
2026年5月2日,16:23:30,1777710210,164166,12108112,5147,2451,62,31.76,33,在线
2026年5月2日,16:24:00,1777710240,164166,12108112,5235,2301,59,0,33,在线
2026年5月2日,16:24:30,1777710270,164166,12108112,5235,2301,59,0,33,在线
2026年5月2日,16:25:00,1777710300,164166,12108112,5235,2301,59,0,33,在线
2026年5月2日,16:25:30,1777710330,164166,12108112,5235,2301,59,0,33,在线
2026年5月2日,16:28:30,1777710510,164166,12108112,5235,2301,59,0,33,在线
2026年5月2日,16:29:00,1777710540,164166,12108112,5250,2135,55,0,33,在线
2026年5月2日,16:29:30,1777710570,164166,12108112,5163,2135,55,43.74,33,在线
2026年5月2日,16:30:00,1777710600,164166,12108112,5163,2135,55,43.74,33,在线
2026年5月2日,16:30:30,1777710630,164166,12108112,5163,2135,55,43.74,33,在线
2026年5月2日,16:31:00,1777710660,164166,12108112,5163,2135,55,43.74,33,在线
2026年5月2日,16:31:30,1777710690,164166,12108112,5163,2135,55,43.74,33,在线
2026年5月2日,16:32:00,1777710720,164166,12108112,5163,2135,55,43.74,33,在线
2026年5月2日,16:32:30,1777710750,164166,12108112,5163,2135,55,43.74,33,在线
2026年5月2日,16:33:00,1777710780,164166,12108112,5163,2135,55,43.74,33,在线
2026年5月2日,16:33:30,1777710810,164166,12108112,5163,2135,55,43.74,33,在线
2026年5月2日,16:34:00,1777710840,164166,12108112,5163,2135,55,43.74,33,在线
2026年5月2日,16:34:30,1777710870,164166,12108112,5094,1935,50,50.29,34,在线
2026年5月2日,16:35:00,1777710900,164166,12108112,5094,1935,50,50.29,34,在线
2026年5月2日,16:35:30,1777710930,164166,12108112,5094,1935,50,50.29,34,在线
2026年5月2日,16:36:00,1777710960,164166,12108112,5094,1935,50,50.29,34,在线
2026年5月2日,16:36:30,1777710990,164166,12108112,5127,1884,49,47.98,34,在线
2026年5月2日,16:37:00,1777711020,164166,12108112,5127,1884,49,47.98,34,在线
2026年5月2日,16:37:30,1777711050,164166,12108112,5127,1884,49,47.98,34,在线
2026年5月2日,16:38:00,1777711080,164166,12108112,5127,1884,49,47.98,34,在线
2026年5月2日,16:38:30,1777711110,164166,12108112,5247,1884,48,0,34,在线
2026年5月2日,16:40:00,1777711200,164166,12108112,5179,1846,48,31.46,34,在线
2026年5月2日,16:40:30,1777711230,164166,12108112,5179,1846,48,31.46,34,在线
2026年5月2日,16:41:00,1777711260,164166,12108112,5179,1846,48,31.46,34,在线
2026年5月2日,16:41:30,1777711290,164166,12108112,5179,1846,48,31.46,34,在线
2026年5月2日,16:42:00,1777711320,164166,12108112,5179,1846,48,31.46,34,在线
2026年5月2日,16:42:30,1777711350,164166,12108112,5179,1846,48,31.46,34,在线
2026年5月2日,16:43:00,1777711380,164166,12108112,5179,1846,48,31.46,34,在线
2026年5月2日,16:43:30,1777711410,164166,12108112,5179,1846,48,31.46,34,在线
2026年5月2日,16:44:00,1777711440,164166,12108112,5179,1846,48,31.46,34,在线
2026年5月2日,16:44:30,1777711470,164166,12108112,5179,1846,48,31.46,34,在线
2026年5月2日,16:45:00,1777711500,164166,12108112,5103,1846,44,48.34,34,在线
2026年5月2日,16:45:30,1777711530,164166,12108112,5103,1846,44,48.34,34,在线
2026年5月2日,16:46:00,1777711560,164166,12108112,5103,1846,44,48.34,34,在线
2026年5月2日,16:46:30,1777711590,164166,12108112,5103,1846,44,48.34,34,在线
2026年5月2日,16:47:00,1777711620,164166,12108112,5103,1846,44,48.34,34,在线
2026年5月2日,16:47:30,1777711650,164166,12108112,5103,1846,44,48.34,34,在线
2026年5月2日,16:48:00,1777711680,164166,12108112,5103,1846,44,48.34,34,在线
2026年5月2日,16:48:30,1777711710,164166,12108112,5103,1846,44,48.34,34,在线
2026年5月2日,16:49:00,1777711740,164166,12108112,5103,1846,44,48.34,34,在线
2026年5月2日,16:49:30,1777711770,164166,12108112,5103,1846,44,48.34,34,在线
2026年5月2日,16:50:00,1777711800,164166,12108112,5200,1515,39,0,35,在线
2026年5月2日,16:51:00,1777711860,164166,12108112,5200,1515,39,0,35,在线
2026年5月2日,16:51:30,1777711890,164166,12108112,5200,1515,39,0,35,在线
2026年5月2日,16:52:00,1777711920,164166,12108112,5200,1515,39,0,35,在线
2026年5月2日,16:52:30,1777711950,164166,12108112,5200,1515,39,0,35,在线
2026年5月2日,16:53:00,1777711980,164166,12108112,5200,1515,39,0,35,在线
2026年5月2日,16:53:31,1777712011,164166,12108112,5200,1515,39,0,35,在线
2026年5月2日,16:54:00,1777712040,164166,12103194,5564,4132,100,0,40,在线
2026年5月2日,16:54:30,1777712070,164166,12103194,5564,4132,100,0,40,在线
2026年5月2日,16:55:00,1777712100,164166,12103194,5352,4132,100,47.49,40,在线
2026年5月2日,16:55:30,1777712130,164166,12103194,5352,4132,100,47.49,40,在线
2026年5月2日,16:56:00,1777712160,164166,12103194,5352,4132,100,47.49,40,在线
2026年5月2日,16:56:30,1777712190,164166,12103194,5352,4132,100,47.49,40,在线
2026年5月2日,16:57:00,1777712220,164166,12103194,5322,4077,99,0,40,在线
2026年5月2日,16:58:00,1777712280,164166,12103194,5322,4077,99,0,40,在线
2026年5月2日,17:00:00,1777712400,164166,12103194,5322,4077,99,0,40,在线
2026年5月2日,17:07:00,1777712820,164166,12103194,5280,4071,99,20.39,39,在线
2026年5月2日,17:07:30,1777712850,164166,12103194,5280,4071,99,20.39,39,在线
2026年5月2日,17:08:00,1777712880,164166,12103194,5280,4071,99,20.39,39,在线
2026年5月2日,17:08:30,1777712910,164166,12103194,5280,4071,99,20.39,39,在线
2026年5月2日,17:09:00,1777712940,164166,12103194,5280,4071,99,20.39,39,在线
2026年5月2日,17:09:30,1777712970,164166,12103194,5320,4071,98,0,39,在线
2026年5月2日,17:10:00,1777713000,164166,12103194,5320,4071,98,0,39,在线
2026年5月2日,17:14:30,1777713270,164166,12103194,5327,4032,98,0,39,在线
2026年5月2日,17:18:30,1777713510,164166,12103194,5233,4032,97,46.28,39,在线
2026年5月2日,17:19:00,1777713540,164166,12103194,5233,4032,97,46.28,39,在线
2026年5月2日,17:19:30,1777713570,164166,12103194,5233,4032,97,46.28,39,在线
2026年5月2日,17:20:00,1777713600,164166,12103194,5233,4032,97,46.28,39,在线
2026年5月2日,17:20:30,1777713630,164166,12103194,5233,4032,97,46.28,39,在线
2026年5月2日,17:21:00,1777713660,164166,12103194,5233,4032,97,46.28,39,在线
2026年5月2日,17:21:30,1777713690,164166,12103194,5233,4032,97,46.28,39,在线
2026年5月2日,17:22:00,1777713720,164166,12103194,5233,4032,97,46.28,39,在线
2026年5月2日,17:22:30,1777713750,164166,12103194,5233,4032,97,46.28,39,在线
2026年5月2日,17:23:00,1777713780,164166,12103194,5233,4032,97,46.28,39,在线
2026年5月2日,17:23:30,1777713810,164166,12103194,5219,3914,95,42.68,39,在线
2026年5月2日,17:24:00,1777713840,164166,12103194,5219,3914,95,42.68,39,在线
2026年5月2日,17:24:30,1777713870,164166,12103194,5219,3914,95,42.68,39,在线
2026年5月2日,17:25:00,1777713900,164166,12103194,5219,3914,95,42.68,39,在线
2026年5月2日,17:25:30,1777713930,164166,12103194,5219,3914,95,42.68,39,在线
2026年5月2日,17:26:00,1777713960,164166,12103194,5219,3914,95,42.68,39,在线
2026年5月2日,17:26:30,1777713990,164166,12103194,5219,3914,95,42.68,39,在线
2026年5月2日,17:27:00,1777714020,164166,12103194,5219,3914,95,42.68,39,在线
2026年5月2日,17:27:30,1777714050,164166,12103194,5219,3914,95,42.68,39,在线
2026年5月2日,17:28:00,1777714080,164166,12103194,5219,3914,95,42.68,39,在线
2026年5月2日,17:28:30,1777714110,164166,12103194,5278,3914,90,0,40,在线
2026年5月2日,17:29:00,1777714140,164166,12103194,5278,3914,90,0,40,在线
2026年5月2日,17:29:30,1777714170,164166,12103194,5278,3914,90,0,40,在线
2026年5月2日,17:30:00,1777714200,164166,12103194,5278,3914,90,0,40,在线
2026年5月2日,17:30:30,1777714230,164166,12103194,5278,3914,90,0,40,在线
2026年5月2日,17:31:00,1777714260,164166,12103194,5278,3914,90,0,40,在线
2026年5月2日,17:31:30,1777714290,164166,12103194,5278,3914,90,0,40,在线
2026年5月2日,17:32:00,1777714320,164166,12103194,5278,3914,90,0,40,在线
2026年5月2日,17:32:30,1777714350,164166,12103194,5278,3914,90,0,40,在线
2026年5月2日,17:33:00,1777714380,164166,12103194,5278,3914,90,0,40,在线
2026年5月2日,17:33:30,1777714410,164166,12103194,5203,3542,86,47.19,40,在线
2026年5月2日,17:34:00,1777714440,164166,12103194,5203,3542,86,47.19,40,在线
2026年5月2日,17:34:30,1777714470,164166,12103194,5203,3542,86,47.19,40,在线
2026年5月2日,17:35:00,1777714500,164166,12103194,5319,3542,85,0,40,在线
2026年5月2日,17:38:00,1777714680,164166,12103194,5319,3499,85,-0.96,40,在线
2026年5月2日,17:38:30,1777714710,164166,12103194,5221,3496,84,48.27,40,在线
2026年5月2日,17:39:00,1777714740,164166,12103194,5221,3496,84,48.27,40,在线
2026年5月2日,17:39:30,1777714770,164166,12103194,5221,3496,84,48.27,40,在线
2026年5月2日,17:40:00,1777714800,164166,12103194,5221,3496,84,48.27,40,在线
2026年5月2日,17:40:30,1777714830,164166,12103194,5221,3496,84,48.27,40,在线
2026年5月2日,17:41:00,1777714860,164166,12103194,5221,3496,84,48.27,40,在线
2026年5月2日,17:41:30,1777714890,164166,12103194,5221,3496,84,48.27,40,在线
2026年5月2日,17:42:00,1777714920,164166,12103194,5221,3496,84,48.27,40,在线
2026年5月2日,17:42:30,1777714950,164166,12103194,5221,3496,84,48.27,40,在线
2026年5月2日,17:43:00,1777714980,164166,12103194,5221,3496,84,48.27,40,在线
2026年5月2日,17:43:30,1777715010,164166,12103194,5316,3370,82,0,40,在线
2026年5月2日,17:44:00,1777715040,164166,12103194,5221,3363,81,47,40,在线
2026年5月2日,17:44:30,1777715070,164166,12103194,5221,3363,81,47,40,在线
2026年5月2日,17:45:00,1777715100,164166,12103194,5221,3363,81,47,40,在线
2026年5月2日,17:45:30,1777715130,164166,12103194,5221,3363,81,47,40,在线
2026年5月2日,17:46:00,1777715160,164166,12103194,5221,3363,81,47,40,在线
2026年5月2日,17:46:30,1777715190,164166,12103194,5221,3363,81,47,40,在线
2026年5月2日,17:47:00,1777715220,164166,12103194,5221,3363,81,47,40,在线
2026年5月2日,17:47:30,1777715250,164166,12103194,5221,3363,81,47,40,在线
2026年5月2日,17:48:00,1777715280,164166,12103194,5221,3363,81,47,40,在线
2026年5月2日,17:48:30,1777715310,164166,12103194,5221,3363,81,47,40,在线
2026年5月2日,17:49:00,1777715340,164166,12103194,5279,3363,77,2.52,41,在线
2026年5月2日,17:49:30,1777715370,164166,12103194,5279,3363,77,2.52,41,在线
2026年5月2日,17:50:00,1777715400,164166,12103194,5279,3363,77,2.52,41,在线
2026年5月2日,17:50:30,1777715430,164166,12103194,5302,3164,77,0,41,在线
2026年5月2日,17:51:00,1777715460,164166,12103194,5302,3164,77,0,41,在线
2026年5月2日,17:51:30,1777715490,164166,12103194,5302,3164,77,0,41,在线
2026年5月2日,17:57:00,1777715820,164166,12103194,5221,3159,76,47.66,41,在线
2026年5月2日,17:57:30,1777715850,164166,12103194,5221,3159,76,47.66,41,在线
2026年5月2日,17:58:00,1777715880,164166,12103194,5221,3159,76,47.66,41,在线
2026年5月2日,17:58:30,1777715910,164166,12103194,5221,3159,76,47.66,41,在线
2026年5月2日,17:59:00,1777715940,164166,12103194,5221,3159,76,47.66,41,在线
2026年5月2日,17:59:30,1777715970,164166,12103194,5221,3159,76,47.66,41,在线
2026年5月2日,18:00:00,1777716000,164166,12103194,5221,3159,76,47.66,41,在线
2026年5月2日,18:00:30,1777716030,164166,12103194,5195,3116,75,47.3,41,在线
2026年5月2日,18:01:00,1777716060,164166,12103194,5195,3116,75,47.3,41,在线
2026年5月2日,18:01:30,1777716090,164166,12103194,5195,3116,75,47.3,41,在线
2026年5月2日,18:02:00,1777716120,164166,12103194,5195,3116,75,47.3,41,在线
2026年5月2日,18:02:30,1777716150,164166,12103194,5195,3116,75,47.3,41,在线
2026年5月2日,18:03:00,1777716180,164166,12103194,5291,3116,75,0,41,在线
2026年5月2日,18:03:30,1777716210,164166,12103194,5188,3076,74,48.21,41,在线
2026年5月2日,18:04:00,1777716240,164166,12103194,5188,3076,74,48.21,41,在线
2026年5月2日,18:04:30,1777716270,164166,12103194,5188,3076,74,48.21,41,在线
2026年5月2日,18:05:00,1777716300,164166,12103194,5188,3076,74,48.21,41,在线
2026年5月2日,18:05:30,1777716330,164166,12103194,5188,3076,74,48.21,41,在线
2026年5月2日,18:06:00,1777716360,164166,12103194,5188,3076,74,48.21,41,在线
2026年5月2日,18:06:30,1777716390,164166,12103194,5188,3076,74,48.21,41,在线
2026年5月2日,18:07:00,1777716420,164166,12103194,5188,3076,74,48.21,41,在线
2026年5月2日,18:07:30,1777716450,164166,12103194,5188,3076,74,48.21,41,在线
2026年5月2日,18:08:00,1777716480,164166,12103194,5188,3076,74,48.21,41,在线
2026年5月2日,18:08:30,1777716510,164166,12103194,5141,3076,70,47.75,41,在线
2026年5月2日,18:09:00,1777716540,164166,12103194,5141,3076,70,47.75,41,在线
2026年5月2日,18:09:30,1777716570,164166,12103194,5141,3076,70,47.75,41,在线
2026年5月2日,18:10:00,1777716600,164166,12103194,5141,3076,70,47.75,41,在线
2026年5月2日,18:10:30,1777716630,164166,12103194,5141,3076,70,47.75,41,在线
2026年5月2日,18:11:00,1777716660,164166,12103194,5141,3076,70,47.75,41,在线
2026年5月2日,18:11:30,1777716690,164166,12103194,5141,3076,70,47.75,41,在线
2026年5月2日,18:12:00,1777716720,164166,12103194,5141,3076,70,47.75,41,在线
2026年5月2日,18:12:30,1777716750,164166,12103194,5264,2758,67,0,41,在线
2026年5月2日,18:13:00,1777716780,164166,12103194,5264,2758,67,0,41,在线
2026年5月2日,18:14:30,1777716870,164166,12103194,5172,2758,67,47.4,41,在线
2026年5月2日,18:15:00,1777716900,164166,12103194,5172,2758,67,47.4,41,在线
2026年5月2日,18:15:30,1777716930,164166,12103194,5172,2758,67,47.4,41,在线
2026年5月2日,18:16:00,1777716960,164166,12103194,5172,2758,67,47.4,41,在线
2026年5月2日,18:16:30,1777716990,164166,12103194,5172,2758,67,47.4,41,在线
2026年5月2日,18:17:00,1777717020,164166,12103194,5172,2758,67,47.4,41,在线
2026年5月2日,18:17:30,1777717050,164166,12103194,5172,2758,67,47.4,41,在线
2026年5月2日,18:18:00,1777717080,164166,12103194,5172,2758,67,47.4,41,在线
2026年5月2日,18:18:30,1777717110,164166,12103194,5172,2758,67,47.4,41,在线
2026年5月2日,18:19:00,1777717140,164166,12103194,5172,2758,67,47.4,41,在线
2026年5月2日,18:19:30,1777717170,164166,12103194,5224,2581,62,0.31,41,在线
2026年5月2日,18:20:00,1777717200,164166,12103194,5224,2581,62,0.31,41,在线
2026年5月2日,18:20:30,1777717230,164166,12103194,5224,2581,62,0.31,41,在线
2026年5月2日,18:21:00,1777717260,164166,12103194,5261,2581,62,0,41,在线
2026年5月2日,18:21:30,1777717290,164166,12103194,5261,2581,62,0,41,在线
2026年5月2日,18:22:00,1777717320,164166,12103194,5261,2581,62,0,41,在线
2026年5月2日,18:22:30,1777717350,164166,12103194,5261,2581,62,0,41,在线
2026年5月2日,18:23:00,1777717380,164166,12103194,5169,2562,62,47.82,41,在线
2026年5月2日,18:23:30,1777717410,164166,12103194,5169,2562,62,47.82,41,在线
2026年5月2日,18:24:00,1777717440,164166,12103194,5169,2562,62,47.82,41,在线
2026年5月2日,18:24:30,1777717470,164166,12103194,5169,2562,62,47.82,41,在线
2026年5月2日,18:25:00,1777717500,164166,12103194,5169,2562,62,47.82,41,在线
2026年5月2日,18:25:30,1777717530,164166,12103194,5169,2562,62,47.82,41,在线
2026年5月2日,18:26:00,1777717560,164166,12103194,5169,2562,62,47.82,41,在线
2026年5月2日,18:26:30,1777717590,164166,12103194,5169,2562,62,47.82,41,在线
2026年5月2日,18:27:00,1777717620,164166,12103194,5169,2562,62,47.82,41,在线
2026年5月2日,18:27:30,1777717650,164166,12103194,5169,2562,62,47.82,41,在线
2026年5月2日,18:28:00,1777717680,164166,12103194,5152,2562,57,46.5,41,在线
2026年5月2日,18:28:30,1777717710,164166,12103194,5152,2562,57,46.5,41,在线
2026年5月2日,18:29:00,1777717740,164166,12103194,5152,2562,57,46.5,41,在线
2026年5月2日,18:29:30,1777717770,164166,12103194,5152,2562,57,46.5,41,在线
2026年5月2日,18:30:00,1777717800,164166,12103194,5152,2562,57,46.5,41,在线
2026年5月2日,18:30:30,1777717830,164166,12103194,5152,2562,57,46.5,41,在线
2026年5月2日,18:31:00,1777717860,164166,12103194,5152,2562,57,46.5,41,在线
2026年5月2日,18:31:30,1777717890,164166,12103194,5152,2562,57,46.5,41,在线
2026年5月2日,18:32:00,1777717920,164166,12103194,5152,2562,57,46.5,41,在线
2026年5月2日,18:32:30,1777717950,164166,12103194,5250,2238,54,0,41,在线
2026年5月2日,18:33:00,1777717980,164166,12103194,5154,2238,54,45.64,41,在线
2026年5月2日,18:33:30,1777718010,164166,12103194,5154,2238,54,45.64,41,在线
2026年5月2日,18:34:00,1777718040,164166,12103194,5154,2238,54,45.64,41,在线
2026年5月2日,18:34:30,1777718070,164166,12103194,5154,2238,54,45.64,41,在线
2026年5月2日,18:35:00,1777718100,164166,12103194,5154,2238,54,45.64,41,在线
2026年5月2日,18:35:30,1777718130,164166,12104238,5523,4046,100,0,34,在线
2026年5月2日,18:36:30,1777718190,164166,12104238,5269,4046,100,46.44,34,在线
2026年5月2日,18:37:00,1777718220,164166,12104238,5269,4046,100,46.44,34,在线
2026年5月2日,18:37:30,1777718250,164166,12104238,5358,4024,99,0,34,在线
2026年5月2日,18:40:00,1777718400,164166,12104238,5358,4024,99,0,34,在线
2026年5月2日,18:46:00,1777718760,164166,12104238,5246,4015,99,33.95,34,在线
2026年5月2日,18:46:30,1777718790,164166,12104238,5246,4015,99,33.95,34,在线
2026年5月2日,18:47:00,1777718820,164166,12104238,5246,4015,99,33.95,34,在线
2026年5月2日,18:47:30,1777718850,164166,12104238,5246,4015,99,33.95,34,在线
2026年5月2日,18:48:00,1777718880,164166,12104238,5246,4015,99,33.95,34,在线
2026年5月2日,18:48:30,1777718910,164166,12104238,5316,4015,99,33.95,34,在线
2026年5月2日,18:49:00,1777718940,164166,12104238,5316,4015,99,33.95,34,在线
2026年5月2日,18:49:30,1777718970,164166,12104238,5316,4015,99,33.95,34,在线
2026年5月2日,18:50:00,1777719000,164166,12104238,5316,4015,99,33.95,34,在线
2026年5月2日,18:50:30,1777719030,164166,12104238,5316,4015,99,33.95,34,在线
2026年5月2日,18:51:00,1777719060,164166,12104238,5186,4015,97,49.3,34,在线
2026年5月2日,18:51:30,1777719090,164166,12104238,5186,4015,97,49.3,34,在线
2026年5月2日,18:52:00,1777719120,164166,12104238,5186,4015,97,49.3,34,在线
2026年5月2日,18:52:30,1777719150,164166,12104238,5186,4015,97,49.3,34,在线
2026年5月2日,18:53:00,1777719180,164166,12104238,5186,4015,97,49.3,34,在线
2026年5月2日,18:53:30,1777719210,164166,12104238,5180,4015,94,49.3,34,在线
2026年5月2日,18:54:00,1777719240,164166,12104238,5180,4015,94,49.3,34,在线
2026年5月2日,18:54:30,1777719270,164166,12104238,5180,4015,94,49.3,34,在线
2026年5月2日,18:55:00,1777719300,164166,12104238,5180,4015,94,49.3,34,在线
2026年5月2日,18:55:30,1777719330,164166,12104238,5180,4015,94,49.3,34,在线
2026年5月2日,18:56:01,1777719361,164166,12104238,5306,3699,91,0,35,在线
2026年5月2日,19:00:00,1777719600,164166,12104238,5314,3699,91,0,35,在线
2026年5月2日,19:03:00,1777719780,164166,12104238,5321,3664,91,0,35,在线
2026年5月2日,19:04:30,1777719870,164166,12104238,5212,3664,90,48.76,35,在线
2026年5月2日,19:05:00,1777719900,164166,12104238,5212,3664,90,48.76,35,在线
2026年5月2日,19:05:30,1777719930,164166,12104238,5212,3664,90,48.76,35,在线
2026年5月2日,19:06:00,1777719960,164166,12104238,5212,3664,90,48.76,35,在线
2026年5月2日,19:06:30,1777719990,164166,12104238,5212,3664,90,48.76,35,在线
2026年5月2日,19:07:00,1777720020,164166,12104238,5182,3664,88,48.76,35,在线
2026年5月2日,19:07:30,1777720050,164166,12104238,5182,3664,88,48.76,35,在线
2026年5月2日,19:08:00,1777720080,164166,12104238,5182,3664,88,48.76,35,在线
2026年5月2日,19:08:30,1777720110,164166,12104238,5182,3664,88,48.76,35,在线
2026年5月2日,19:09:00,1777720140,164166,12104238,5182,3664,88,48.76,35,在线
2026年5月2日,19:09:30,1777720170,164166,12104238,5291,3454,85,0,35,在线
2026年5月2日,19:10:00,1777720200,164166,12104238,5291,3454,85,0,35,在线
2026年5月2日,19:12:00,1777720320,164166,12104238,5235,3454,84,0,35,在线
2026年5月2日,19:14:30,1777720470,164166,12104238,5307,3454,83,0.44,36,在线
2026年5月2日,19:15:00,1777720500,164166,12104238,5314,3361,83,0,36,在线
2026年5月2日,19:20:00,1777720800,164166,12104238,5323,3361,83,0,35,在线
2026年5月2日,19:23:00,1777720980,164166,12104238,5209,3353,83,49.27,35,在线
2026年5月2日,19:23:30,1777721010,164166,12104238,5209,3353,83,49.27,35,在线
2026年5月2日,19:24:00,1777721040,164166,12104238,5209,3353,83,49.27,35,在线
2026年5月2日,19:24:30,1777721070,164166,12104238,5209,3353,83,49.27,35,在线
2026年5月2日,19:25:00,1777721100,164166,12104238,5209,3353,83,49.27,35,在线
2026年5月2日,19:25:30,1777721130,164166,12104238,5266,3353,82,49.27,35,在线
2026年5月2日,19:26:00,1777721160,164166,12104238,5266,3353,82,49.27,35,在线
2026年5月2日,19:26:30,1777721190,164166,12104238,5266,3353,82,49.27,35,在线
2026年5月2日,19:27:00,1777721220,164166,12104238,5266,3353,82,49.27,35,在线
2026年5月2日,19:27:30,1777721250,164166,12104238,5266,3353,82,49.27,35,在线
2026年5月2日,19:28:00,1777721280,164166,12104238,5280,3353,81,2.6,36,在线
2026年5月2日,19:28:30,1777721310,164166,12104238,5280,3353,81,2.6,36,在线
2026年5月2日,19:29:00,1777721340,164166,12104238,5280,3353,81,2.6,36,在线
2026年5月2日,19:29:30,1777721370,164166,12104238,5280,3353,81,2.6,36,在线
2026年5月2日,19:30:00,1777721400,164166,12104238,5280,3353,81,2.6,36,在线
2026年5月2日,19:30:30,1777721430,164166,12104238,5280,3353,81,2.6,36,在线
2026年5月2日,19:31:00,1777721460,164166,12104238,5280,3353,81,2.6,36,在线
2026年5月2日,19:31:30,1777721490,164166,12104238,5269,3353,78,2.6,36,在线
2026年5月2日,19:32:00,1777721520,164166,12104238,5269,3353,78,2.6,36,在线
2026年5月2日,19:32:30,1777721550,164166,12104238,5269,3353,78,2.6,36,在线
2026年5月2日,19:33:00,1777721580,164166,12104238,5266,3137,77,0.24,36,在线
2026年5月2日,19:33:30,1777721610,164166,12104238,5266,3137,77,0.24,36,在线
2026年5月2日,19:34:00,1777721640,164166,12104238,5266,3137,77,0.24,36,在线
2026年5月2日,19:34:30,1777721670,164166,12104238,5266,3137,77,0.24,36,在线
2026年5月2日,19:35:00,1777721700,164166,12104238,5266,3137,77,0.24,36,在线
2026年5月2日,19:35:30,1777721730,164166,12104238,5149,3137,77,0.24,36,在线
2026年5月2日,19:36:04,1777721764,164166,12104238,5149,3137,77,0.24,36,在线
2026年5月2日,19:36:34,1777721794,164166,12104238,5149,3137,77,0.24,36,在线
2026年5月2日,19:37:00,1777721820,164166,12104238,5149,3137,77,0.24,36,在线
2026年5月2日,19:37:30,1777721850,164166,12104238,5149,3137,77,0.24,36,在线
2026年5月2日,19:38:00,1777721880,164166,12104238,5217,3137,73,0,36,在线
2026年5月2日,19:40:00,1777722000,164166,12104238,5217,3137,73,0,36,在线
2026年5月2日,19:40:32,1777722032,164166,12104238,5260,2897,72,0,36,在线
2026年5月2日,19:41:30,1777722090,164166,12104238,5172,2897,71,44.71,36,在线
2026年5月2日,19:42:01,1777722121,164166,12104238,5172,2897,71,44.71,36,在线
2026年5月2日,19:42:30,1777722150,164166,12104238,5172,2897,71,44.71,36,在线
2026年5月2日,19:43:01,1777722181,164166,12104238,5172,2897,71,44.71,36,在线
2026年5月2日,19:43:31,1777722211,164166,12104238,5172,2897,71,44.71,36,在线
2026年5月2日,19:44:00,1777722240,164166,12104238,5167,2897,70,44.71,36,在线
2026年5月2日,19:44:30,1777722270,164166,12104238,5167,2897,70,44.71,36,在线
2026年5月2日,19:45:00,1777722300,164166,12104238,5167,2897,70,44.71,36,在线
2026年5月2日,19:45:30,1777722330,164166,12104238,5167,2897,70,44.71,36,在线
2026年5月2日,19:46:00,1777722360,164166,12104238,5167,2897,70,44.71,36,在线
2026年5月2日,19:46:35,1777722395,164166,12104238,5153,2721,67,40.7,37,在线
2026年5月2日,19:47:00,1777722420,164166,12104238,5153,2721,67,40.7,37,在线
2026年5月2日,19:47:30,1777722450,164166,12104238,5153,2721,67,40.7,37,在线
2026年5月2日,19:48:00,1777722480,164166,12104238,5153,2721,67,40.7,37,在线
2026年5月2日,19:48:30,1777722510,164166,12104238,5153,2721,67,40.7,37,在线
2026年5月2日,19:49:00,1777722540,164166,12104238,5134,2721,66,40.7,37,在线
2026年5月2日,19:49:30,1777722570,164166,12104238,5134,2721,66,40.7,37,在线
2026年5月2日,19:50:00,1777722600,164166,12104238,5134,2721,66,40.7,37,在线
2026年5月2日,19:50:34,1777722634,164166,12104238,5134,2721,66,40.7,37,在线
2026年5月2日,19:51:00,1777722660,164166,12104238,5134,2721,66,40.7,37,在线
2026年5月2日,19:51:35,1777722695,164166,12104238,5143,2721,63,47.87,37,在线
2026年5月2日,19:52:30,1777722750,164166,12104238,5143,2721,63,47.87,37,在线
2026年5月2日,19:53:00,1777722780,164166,12104238,5143,2721,63,47.87,37,在线
2026年5月2日,19:53:34,1777722814,164166,12104238,5143,2721,63,47.87,37,在线
2026年5月2日,19:54:02,1777722842,164166,12104238,5214,2721,61,47.87,37,在线
2026年5月2日,19:54:30,1777722870,164166,12104238,5214,2721,61,47.87,37,在线
2026年5月2日,19:55:01,1777722901,164166,12104238,5214,2721,61,47.87,37,在线
2026年5月2日,19:55:30,1777722930,164166,12104238,5214,2721,61,47.87,37,在线
2026年5月2日,19:56:00,1777722960,164166,12104238,5214,2721,61,47.87,37,在线
2026年5月2日,19:56:30,1777722990,164166,12104238,5229,2368,58,0.68,37,在线
2026年5月2日,19:57:00,1777723020,164166,12104238,5229,2368,58,0.68,37,在线
2026年5月2日,19:57:34,1777723054,164166,12104238,5229,2368,58,0.68,37,在线
2026年5月2日,19:58:02,1777723082,164166,12104238,5229,2368,58,0.68,37,在线
2026年5月2日,19:58:30,1777723110,164166,12104238,5229,2368,58,0.68,37,在线
2026年5月2日,19:59:04,1777723144,164166,12104238,5229,2368,58,0.68,37,在线
2026年5月2日,19:59:30,1777723170,164166,12104238,5229,2368,58,0.68,37,在线
2026年5月2日,20:00:04,1777723204,164166,12104238,5229,2368,58,0.68,37,在线
2026年5月2日,20:00:30,1777723230,164166,12104238,5229,2368,58,0.68,37,在线
2026年5月2日,20:01:00,1777723260,164166,12104238,5252,2368,56,0,37,在线
2026年5月2日,20:06:00,1777723560,164166,12104238,5263,2279,56,0,37,在线
2026年5月2日,20:10:01,1777723801,164166,12104238,5264,2279,56,0,37,在线
2026年5月2日,20:10:30,1777723830,164166,12104238,5264,2279,56,0,37,在线
2026年5月2日,20:12:03,1777723923,164166,12104238,5155,2268,56,49.07,37,在线
2026年5月2日,20:12:30,1777723950,164166,12104238,5155,2268,56,49.07,37,在线
2026年5月2日,20:13:00,1777723980,164166,12104238,5155,2268,56,49.07,37,在线
2026年5月2日,20:13:30,1777724010,164166,12104238,5155,2268,56,49.07,37,在线
2026年5月2日,20:14:00,1777724040,164166,12104238,5155,2268,56,49.07,37,在线
2026年5月2日,20:14:30,1777724070,164166,12104238,5155,2268,56,49.07,37,在线
2026年5月2日,20:15:00,1777724100,164166,12104238,5154,2268,55,49.07,37,在线
2026年5月2日,20:15:30,1777724130,164166,12104238,5154,2268,55,49.07,37,在线
2026年5月2日,20:16:00,1777724160,164166,12104238,5154,2268,55,49.07,37,在线
2026年5月2日,20:16:30,1777724190,164166,12104238,5154,2268,55,49.07,37,在线
2026年5月2日,20:17:01,1777724221,164166,12104238,5154,2268,55,49.07,37,在线
2026年5月2日,20:17:30,1777724250,164166,12104238,5099,2268,52,48.36,37,在线
2026年5月2日,20:18:00,1777724280,164166,12104238,5099,2268,52,48.36,37,在线
2026年5月2日,20:18:30,1777724310,164166,12104238,5099,2268,52,48.36,37,在线
2026年5月2日,20:19:01,1777724341,164166,12104238,5099,2268,52,48.36,37,在线
2026年5月2日,20:19:30,1777724370,164166,12104238,5099,2268,52,48.36,37,在线
2026年5月2日,20:20:00,1777724400,164166,12104238,5187,2268,50,48.36,37,在线
2026年5月2日,20:20:30,1777724430,164166,12104238,5187,2268,50,48.36,37,在线
2026年5月2日,20:21:00,1777724460,164166,12104238,5187,2268,50,48.36,37,在线
2026年5月2日,20:21:30,1777724490,164166,12104238,5187,2268,50,48.36,37,在线
2026年5月2日,20:22:00,1777724520,164166,12104238,5187,2268,50,48.36,37,在线
2026年5月2日,20:22:30,1777724550,164166,12104238,5086,1880,46,48.28,37,在线
2026年5月2日,20:23:00,1777724580,164166,12104238,5086,1880,46,48.28,37,在线
2026年5月2日,20:23:30,1777724610,164166,12104238,5086,1880,46,48.28,37,在线
2026年5月2日,20:24:01,1777724641,164166,12104238,5086,1880,46,48.28,37,在线
2026年5月2日,20:24:30,1777724670,164166,12104238,5086,1880,46,48.28,37,在线
2026年5月2日,20:25:00,1777724700,164166,12104238,5207,1880,43,48.28,37,在线
2026年5月2日,20:25:30,1777724730,164166,12104238,5219,1880,43,0,38,在线
2026年5月2日,20:27:00,1777724820,164166,12104238,5183,1748,43,16.78,38,在线
2026年5月2日,20:27:30,1777724850,164166,12104238,5183,1748,43,16.78,38,在线
2026年5月2日,20:28:00,1777724880,164166,12104238,5183,1748,43,16.78,38,在线
2026年5月2日,20:28:30,1777724910,164166,12104238,5183,1748,43,16.78,38,在线
2026年5月2日,20:29:00,1777724940,164166,12104238,5183,1748,43,16.78,38,在线
2026年5月2日,20:29:30,1777724970,164166,12104238,5183,1748,43,16.78,38,在线
2026年5月2日,20:30:00,1777725000,164166,12104238,5218,1748,41,0,38,在线
2026年5月2日,20:30:30,1777725030,164166,12104238,5109,1660,41,47.69,38,在线
2026年5月2日,20:31:00,1777725060,164166,12104238,5109,1660,41,47.69,38,在线
2026年5月2日,20:31:31,1777725091,164166,12104238,5109,1660,41,47.69,38,在线
2026年5月2日,20:32:00,1777725120,164166,12104238,5109,1660,41,47.69,38,在线
2026年5月2日,20:32:30,1777725150,164166,12104238,5109,1660,41,47.69,38,在线
2026年5月2日,20:33:00,1777725180,164166,12104238,5093,1660,39,47.69,38,在线
2026年5月2日,20:33:30,1777725210,164166,12104238,5093,1660,39,47.69,38,在线
2026年5月2日,20:34:00,1777725240,164166,12104238,5093,1660,39,47.69,38,在线
2026年5月2日,20:34:30,1777725270,164166,12104238,5093,1660,39,47.69,38,在线
2026年5月2日,20:35:00,1777725300,164166,12104238,5093,1660,39,47.69,38,在线
2026年5月2日,20:35:30,1777725330,164166,12104238,5173,1660,36,0.42,39,在线
2026年5月2日,20:36:00,1777725360,164166,12104238,5173,1660,36,0.42,39,在线
2026年5月2日,20:36:30,1777725390,164166,12104238,5195,1442,36,0,39,在线
2026年5月2日,20:38:30,1777725510,164166,12104238,5095,1442,35,45.88,39,在线
2026年5月2日,20:39:02,1777725542,164166,12104238,5095,1442,35,45.88,39,在线
2026年5月2日,20:39:30,1777725570,164166,12104238,5095,1442,35,45.88,39,在线
2026年5月2日,20:40:00,1777725600,164166,12104238,5095,1442,35,45.88,39,在线
2026年5月2日,20:40:30,1777725630,164166,12104238,5095,1442,35,45.88,39,在线
2026年5月2日,20:41:00,1777725660,164166,12104238,5044,1442,33,45.88,39,在线
2026年5月2日,20:41:30,1777725690,164166,12104238,5044,1442,33,45.88,39,在线
2026年5月2日,20:42:00,1777725720,164166,12104238,5044,1442,33,45.88,39,在线
2026年5月2日,20:42:30,1777725750,164166,12104238,5044,1442,33,45.88,39,在线
2026年5月2日,20:43:00,1777725780,164166,12104238,5176,1288,32,0,40,在线
2026年5月2日,20:44:30,1777725870,164166,12104238,5107,1288,32,25.57,40,在线
2026年5月2日,20:45:00,1777725900,164166,12104238,5107,1288,32,25.57,40,在线
2026年5月2日,20:45:30,1777725930,164166,12104238,5107,1288,32,25.57,40,在线
2026年5月2日,20:46:00,1777725960,164166,12104238,5107,1288,32,25.57,40,在线
2026年5月2日,20:46:30,1777725990,164166,12104238,5107,1288,32,25.57,40,在线
2026年5月2日,20:47:01,1777726021,164166,12104238,4999,1288,29,25.57,40,在线
2026年5月2日,20:47:30,1777726050,164166,12104238,4999,1288,29,25.57,40,在线
2026年5月2日,20:48:02,1777726082,164166,12104238,4999,1288,29,25.57,40,在线
2026年5月2日,20:48:30,1777726110,164166,12104238,4999,1288,29,25.57,40,在线
2026年5月2日,20:49:01,1777726141,164166,12104238,4999,1288,29,25.57,40,在线
2026年5月2日,20:49:30,1777726170,164166,12104238,4973,1003,25,48.36,41,在线
2026年5月2日,20:50:00,1777726200,164166,12104238,4973,1003,25,48.36,41,在线
2026年5月2日,20:50:30,1777726230,164166,12104238,4973,1003,25,48.36,41,在线
2026年5月2日,20:51:00,1777726260,164166,12104238,4973,1003,25,48.36,41,在线
2026年5月2日,20:51:30,1777726290,164166,12104238,4973,1003,25,48.36,41,在线
2026年5月2日,20:52:01,1777726321,164166,12104238,5059,1003,23,48.36,41,在线
2026年5月2日,20:52:30,1777726350,164166,12104238,5059,1003,23,48.36,41,在线
2026年5月2日,20:53:01,1777726381,164166,12104238,5059,1003,23,48.36,41,在线
2026年5月2日,20:53:33,1777726413,164166,12104238,5059,1003,23,48.36,41,在线
2026年5月2日,20:54:00,1777726440,164166,12104238,5059,1003,23,48.36,41,在线
2026年5月2日,20:54:30,1777726470,164166,12104238,5058,1003,20,9.86,42,在线
2026年5月2日,20:55:00,1777726500,164166,12100414,5455,4286,100,0,36,在线
2026年5月2日,20:56:00,1777726560,164166,12100414,5272,4273,100,48.18,36,在线
2026年5月2日,20:56:32,1777726592,164166,12100414,5272,4273,100,48.18,36,在线
2026年5月2日,20:57:00,1777726620,164166,12100414,5339,4273,99,0,36,在线
2026年5月2日,20:57:40,1777726660,164166,12100414,5339,4273,99,0,36,在线
2026年5月2日,20:58:10,1777726690,164166,12100414,5339,4273,99,0,36,在线
2026年5月2日,20:59:00,1777726740,164166,12100414,5339,4273,99,0,36,在线
2026年5月2日,20:59:30,1777726770,164166,12100414,5339,4273,99,0,36,在线
2026年5月2日,21:00:00,1777726800,164166,12100414,5339,4273,99,0,36,在线
2026年5月2日,21:00:30,1777726830,164166,12100414,5337,4273,99,0,36,在线
2026年5月2日,21:01:00,1777726860,164166,12100414,5337,4273,99,0,36,在线
2026年5月2日,21:01:30,1777726890,164166,12100414,5337,4273,99,0,36,在线
2026年5月2日,21:02:00,1777726920,164166,12100414,5337,4273,99,0,36,在线
2026年5月2日,21:02:30,1777726950,164166,12100414,5335,4260,99,0,36,在线
2026年5月2日,21:03:00,1777726980,164166,12100414,5335,4260,99,0,36,在线
2026年5月2日,21:03:33,1777727013,164166,12100414,5335,4260,99,0,36,在线
2026年5月2日,21:04:00,1777727040,164166,12100414,5335,4260,99,0,36,在线
2026年5月2日,21:04:30,1777727070,164166,12100414,5335,4260,99,0,36,在线
2026年5月2日,21:05:00,1777727100,164166,12100414,5332,4260,99,0,36,在线
2026年5月2日,21:05:30,1777727130,164166,12100414,5332,4260,99,0,36,在线
2026年5月2日,21:06:00,1777727160,164166,12100414,5332,4260,99,0,36,在线
2026年5月2日,21:06:30,1777727190,164166,12100414,5332,4260,99,0,36,在线
2026年5月2日,21:07:00,1777727220,164166,12100414,5332,4260,99,0,36,在线
2026年5月2日,21:07:31,1777727251,164166,12100414,5329,4260,99,0,36,在线
2026年5月2日,21:08:00,1777727280,164166,12100414,5329,4260,99,0,36,在线
2026年5月2日,21:08:30,1777727310,164166,12100414,5329,4260,99,0,36,在线
2026年5月2日,21:09:00,1777727340,164166,12100414,5329,4260,99,0,36,在线
2026年5月2日,21:09:30,1777727370,164166,12100414,5329,4260,99,0,36,在线
2026年5月2日,21:10:00,1777727400,164166,12100414,5328,4260,99,0,36,在线
2026年5月2日,21:10:32,1777727432,164166,12100414,5328,4260,99,0,36,在线
2026年5月2日,21:11:02,1777727462,164166,12100414,5216,4244,99,47.61,36,在线
2026年5月2日,21:11:31,1777727491,164166,12100414,5216,4244,99,47.61,36,在线
2026年5月2日,21:12:00,1777727520,164166,12100414,5216,4244,99,47.61,36,在线
2026年5月2日,21:12:30,1777727550,164166,12100414,5314,4244,99,0,36,在线
2026年5月2日,21:13:00,1777727580,164166,12100414,5314,4244,99,0,36,在线
2026年5月2日,21:13:30,1777727610,164166,12100414,5314,4244,99,0,36,在线
2026年5月2日,21:14:00,1777727640,164166,12100414,5314,4244,99,0,36,在线
2026年5月2日,21:14:30,1777727670,164166,12100414,5229,4217,98,40.01,36,在线
2026年5月2日,21:15:00,1777727700,164166,12100414,5229,4217,98,40.01,36,在线
2026年5月2日,21:15:31,1777727731,164166,12100414,5229,4217,98,40.01,36,在线
2026年5月2日,21:16:00,1777727760,164166,12100414,5229,4217,98,40.01,36,在线
2026年5月2日,21:16:30,1777727790,164166,12100414,5229,4217,98,40.01,36,在线
2026年5月2日,21:17:00,1777727820,164166,12100414,5229,4217,98,40.01,36,在线
2026年5月2日,21:17:34,1777727854,164166,12100414,5229,4217,98,40.01,36,在线
2026年5月2日,21:18:00,1777727880,164166,12100414,5313,4217,96,0,36,在线
2026年5月2日,21:20:00,1777728000,164166,12100414,5313,4217,96,0,36,在线
2026年5月2日,21:22:00,1777728120,164166,12100414,5219,4123,96,47.59,36,在线
2026年5月2日,21:22:30,1777728150,164166,12100414,5219,4123,96,47.59,36,在线
2026年5月2日,21:23:00,1777728180,164166,12100414,5219,4123,96,47.59,36,在线
2026年5月2日,21:23:30,1777728210,164166,12100414,5219,4123,96,47.59,36,在线
2026年5月2日,21:24:00,1777728240,164166,12100414,5317,4123,95,0,36,在线
2026年5月2日,21:24:30,1777728270,164166,12100414,5317,4123,95,0,36,在线
2026年5月2日,21:25:03,1777728303,164166,12100414,5317,4123,95,0,36,在线
2026年5月2日,21:25:30,1777728330,164166,12100414,5317,4123,95,0,36,在线
2026年5月2日,21:26:00,1777728360,164166,12100414,5317,4123,95,0,36,在线
2026年5月2日,21:26:30,1777728390,164166,12100414,5317,4123,95,0,36,在线
2026年5月2日,21:27:00,1777728420,164166,12100414,5321,4123,95,0,36,在线
2026年5月2日,21:27:30,1777728450,164166,12100414,5268,4090,95,19.07,36,在线
2026年5月2日,21:28:00,1777728480,164166,12100414,5268,4090,95,19.07,36,在线
2026年5月2日,21:28:30,1777728510,164166,12100414,5268,4090,95,19.07,36,在线
2026年5月2日,21:29:00,1777728540,164166,12100414,5268,4090,95,19.07,36,在线
2026年5月2日,21:29:30,1777728570,164166,12100414,5268,4090,95,19.07,36,在线
2026年5月2日,21:30:00,1777728600,164166,12100414,5268,4090,95,19.07,36,在线
2026年5月2日,21:30:30,1777728630,164166,12100414,5268,4090,95,19.07,36,在线
2026年5月2日,21:31:00,1777728660,164166,12100414,5268,4090,95,19.07,36,在线
2026年5月2日,21:31:30,1777728690,164166,12100414,5268,4090,95,19.07,36,在线
2026年5月2日,21:32:00,1777728720,164166,12100414,5268,4090,95,19.07,36,在线
2026年5月2日,21:32:30,1777728750,164166,12100414,5186,4090,90,47.3,36,在线
2026年5月2日,21:33:00,1777728780,164166,12100414,5186,4090,90,47.3,36,在线
2026年5月2日,21:33:30,1777728810,164166,12100414,5186,4090,90,47.3,36,在线
2026年5月2日,21:34:00,1777728840,164166,12100414,5186,4090,90,47.3,36,在线
2026年5月2日,21:34:30,1777728870,164166,12100414,5186,4090,90,47.3,36,在线
2026年5月2日,21:35:00,1777728900,164166,12100414,5186,4090,90,47.3,36,在线
2026年5月2日,21:35:30,1777728930,164166,12100414,5186,4090,90,47.3,36,在线
2026年5月2日,21:36:00,1777728960,164166,12100414,5186,4090,90,47.3,36,在线
2026年5月2日,21:36:30,1777728990,164166,12100414,5186,4090,90,47.3,36,在线
2026年5月2日,21:37:00,1777729020,164166,12100414,5186,4090,90,47.3,36,在线
2026年5月2日,21:37:30,1777729050,164166,12100414,5192,3660,85,47.14,37,在线
2026年5月2日,21:38:00,1777729080,164166,12100414,5192,3660,85,47.14,37,在线
2026年5月2日,21:38:33,1777729113,164166,12100414,5192,3660,85,47.14,37,在线
2026年5月2日,21:39:00,1777729140,164166,12100414,5192,3660,85,47.14,37,在线
2026年5月2日,21:39:30,1777729170,164166,12100414,5192,3660,85,47.14,37,在线
2026年5月2日,21:40:00,1777729200,164166,12100414,5313,3660,85,0,37,在线
2026年5月2日,21:40:30,1777729230,164166,12100414,5313,3660,85,0,37,在线
2026年5月2日,21:41:00,1777729260,164166,12100414,5313,3660,85,0,37,在线
2026年5月2日,21:41:30,1777729290,164166,12100414,5234,3618,84,34.41,37,在线
2026年5月2日,21:42:00,1777729320,164166,12100414,5234,3618,84,34.41,37,在线
2026年5月2日,21:42:31,1777729351,164166,12100414,5234,3618,84,34.41,37,在线
2026年5月2日,21:43:01,1777729381,164166,12100414,5234,3618,84,34.41,37,在线
2026年5月2日,21:43:30,1777729410,164166,12100414,5234,3618,84,34.41,37,在线
2026年5月2日,21:44:00,1777729440,164166,12100414,5234,3618,84,34.41,37,在线
2026年5月2日,21:44:30,1777729470,164166,12100414,5234,3618,84,34.41,37,在线
2026年5月2日,21:45:00,1777729500,164166,12100414,5234,3618,84,34.41,37,在线
2026年5月2日,21:45:30,1777729530,164166,12100414,5234,3618,84,34.41,37,在线
2026年5月2日,21:46:00,1777729560,164166,12100414,5234,3618,84,34.41,37,在线
2026年5月2日,21:46:30,1777729590,164166,12100414,5294,3618,80,0.46,38,在线
2026年5月2日,21:47:00,1777729620,164166,12100414,5304,3427,80,0,38,在线
2026年5月2日,21:47:30,1777729650,164166,12100414,5304,3427,80,0,38,在线
2026年5月2日,21:48:00,1777729680,164166,12100414,5231,3427,80,43.61,38,在线
2026年5月2日,21:48:30,1777729710,164166,12100414,5231,3427,80,43.61,38,在线
2026年5月2日,21:49:00,1777729740,164166,12100414,5231,3427,80,43.61,38,在线
2026年5月2日,21:49:30,1777729770,164166,12100414,5231,3427,80,43.61,38,在线
2026年5月2日,21:50:00,1777729800,164166,12100414,5231,3427,80,43.61,38,在线
2026年5月2日,21:50:30,1777729830,164166,12100414,5231,3427,80,43.61,38,在线
2026年5月2日,21:51:00,1777729860,164166,12100414,5231,3427,80,43.61,38,在线
2026年5月2日,21:51:30,1777729890,164166,12100414,5231,3427,80,43.61,38,在线
2026年5月2日,21:52:00,1777729920,164166,12100414,5231,3427,80,43.61,38,在线
2026年5月2日,21:52:30,1777729950,164166,12100414,5231,3427,80,43.61,38,在线
2026年5月2日,21:53:00,1777729980,164166,12100414,5275,3262,76,0.44,38,在线
2026年5月2日,21:53:30,1777730010,164166,12100414,5275,3262,76,0.44,38,在线
2026年5月2日,21:54:00,1777730040,164166,12100414,5287,3262,76,0,38,在线
2026年5月2日,21:54:30,1777730070,164166,12100414,5287,3262,76,0,38,在线
2026年5月2日,21:55:00,1777730100,164166,12100414,5230,3255,76,25.31,38,在线
2026年5月2日,21:55:30,1777730130,164166,12100414,5230,3255,76,25.31,38,在线
2026年5月2日,21:56:00,1777730160,164166,12100414,5230,3255,76,25.31,38,在线
2026年5月2日,21:56:30,1777730190,164166,12100414,5230,3255,76,25.31,38,在线
2026年5月2日,21:57:00,1777730220,164166,12100414,5230,3255,76,25.31,38,在线
2026年5月2日,21:57:32,1777730252,164166,12100414,5230,3255,76,25.31,38,在线
2026年5月2日,21:58:00,1777730280,164166,12100414,5230,3255,76,25.31,38,在线
2026年5月2日,21:58:30,1777730310,164166,12100414,5230,3255,76,25.31,38,在线
2026年5月2日,21:59:00,1777730340,164166,12100414,5272,3255,74,0,38,在线
2026年5月2日,21:59:31,1777730371,164166,12100414,5272,3255,74,0,38,在线
2026年5月2日,22:00:00,1777730400,164166,12100414,5272,3255,74,0,38,在线
2026年5月2日,22:00:33,1777730433,164166,12100414,5272,3255,74,0,38,在线
2026年5月2日,22:01:00,1777730460,164166,12100414,5272,3255,74,0,38,在线
2026年5月2日,22:01:34,1777730494,164166,12100414,5272,3255,74,0,38,在线
2026年5月2日,22:02:00,1777730520,164166,12100414,5272,3255,74,0,38,在线
2026年5月2日,22:02:30,1777730550,164166,12100414,5279,3255,74,0,38,在线
2026年5月2日,22:03:02,1777730582,164166,12100414,5279,3255,74,0,38,在线
2026年5月2日,22:03:30,1777730610,164166,12100414,5279,3255,74,0,38,在线
2026年5月2日,22:04:39,1777730679,164166,12100414,5281,3154,73,0,38,在线
2026年5月2日,22:05:30,1777730730,164166,12100414,5281,3154,73,0,38,在线
2026年5月2日,22:06:00,1777730760,164166,12100414,5281,3154,73,0,38,在线
2026年5月2日,22:06:30,1777730790,164166,12100414,5282,3154,73,0,38,在线
2026年5月2日,22:07:00,1777730820,164166,12100414,5282,3154,73,0,38,在线
2026年5月2日,22:07:31,1777730851,164166,12100414,5282,3154,73,0,38,在线
2026年5月2日,22:08:00,1777730880,164166,12100414,5282,3154,73,0,38,在线
2026年5月2日,22:08:30,1777730910,164166,12100414,5282,3154,73,0,38,在线
2026年5月2日,22:09:00,1777730940,164166,12100414,5282,3154,73,0,38,在线
2026年5月2日,22:09:30,1777730970,164166,12100414,5282,3154,73,0,38,在线
2026年5月2日,22:10:03,1777731003,164166,12100414,5282,3154,73,0,38,在线
2026年5月2日,22:10:30,1777731030,164166,12100414,5282,3154,73,0,38,在线
2026年5月2日,22:11:00,1777731060,164166,12100414,5282,3154,73,0,38,在线
2026年5月2日,22:11:30,1777731090,164166,12100414,5282,3154,73,0,38,在线
2026年5月2日,22:12:00,1777731120,164166,12100414,5282,3154,73,0,38,在线
2026年5月2日,22:12:34,1777731154,164166,12100414,5282,3154,73,0,38,在线
2026年5月2日,22:13:00,1777731180,164166,12100414,5282,3154,73,0,38,在线
2026年5月2日,22:13:30,1777731210,164166,12100414,5282,3154,73,0,38,在线
2026年5月2日,22:14:00,1777731240,164166,12100414,5282,3154,73,0,38,在线
2026年5月2日,22:14:32,1777731272,164166,12100414,5282,3154,73,0,38,在线
2026年5月2日,22:15:01,1777731301,164166,12100414,5282,3154,73,0,38,在线
2026年5月2日,22:15:30,1777731330,164166,12100414,5282,3154,73,0,38,在线
2026年5月2日,22:16:00,1777731360,164166,12100414,5282,3154,73,0,38,在线
2026年5月2日,22:16:30,1777731390,164166,12100414,5282,3154,73,0,38,在线
2026年5月2日,22:17:00,1777731420,164166,12100414,5282,3154,73,0,38,在线
2026年5月2日,22:17:30,1777731450,164166,12100414,5183,3137,73,39.98,38,在线
2026年5月2日,22:18:00,1777731480,164166,12100414,5183,3137,73,39.98,38,在线
2026年5月2日,22:18:30,1777731510,164166,12100414,5183,3137,73,39.98,38,在线
2026年5月2日,22:19:00,1777731540,164166,12100414,5183,3137,73,39.98,38,在线
2026年5月2日,22:19:30,1777731570,164166,12100414,5183,3137,73,39.98,38,在线
2026年5月2日,22:20:00,1777731600,164166,12100414,5183,3137,73,39.98,38,在线
2026年5月2日,22:20:32,1777731632,164166,12100414,5183,3137,73,39.98,38,在线
2026年5月2日,22:21:01,1777731661,164166,12100414,5183,3137,73,39.98,38,在线
2026年5月2日,22:21:32,1777731692,164166,12100414,5183,3137,73,39.98,38,在线
2026年5月2日,22:22:00,1777731720,164166,12100414,5183,3137,73,39.98,38,在线
2026年5月2日,22:22:31,1777731751,164166,12100414,5172,3137,71,47.8,38,在线
2026年5月2日,22:23:00,1777731780,164166,12100414,5172,3137,71,47.8,38,在线
2026年5月2日,22:23:30,1777731810,164166,12100414,5172,3137,71,47.8,38,在线
2026年5月2日,22:24:00,1777731840,164166,12100414,5172,3137,71,47.8,38,在线
2026年5月2日,22:24:30,1777731870,164166,12100414,5172,3137,71,47.8,38,在线
2026年5月2日,22:25:00,1777731900,164166,12100414,5172,3137,71,47.8,38,在线
2026年5月2日,22:25:30,1777731930,164166,12100414,5172,3137,71,47.8,38,在线
2026年5月2日,22:26:04,1777731964,164166,12100414,5172,3137,71,47.8,38,在线
2026年5月2日,22:26:30,1777731990,164166,12100414,5172,3137,71,47.8,38,在线
2026年5月2日,22:27:00,1777732020,164166,12100414,5172,3137,71,47.8,38,在线
2026年5月2日,22:27:30,1777732050,164166,12100414,5172,3137,71,47.8,38,在线
2026年5月2日,22:28:00,1777732080,164166,12100414,5172,3137,71,47.8,38,在线
2026年5月2日,22:28:30,1777732110,164166,12100414,5172,3137,71,47.8,38,在线
2026年5月2日,22:29:00,1777732140,164166,12100414,5172,3137,71,47.8,38,在线
2026年5月2日,22:29:30,1777732170,164166,12100414,5172,3137,71,47.8,38,在线
2026年5月2日,22:30:00,1777732200,164166,12100414,5172,3137,71,47.8,38,在线
2026年5月2日,22:30:31,1777732231,164166,12100414,5172,3137,71,47.8,38,在线
2026年5月2日,22:31:00,1777732260,164166,12100414,5172,3137,71,47.8,38,在线
2026年5月2日,22:31:31,1777732291,164166,12100414,5172,3137,71,47.8,38,在线
2026年5月2日,22:32:00,1777732320,164166,12100414,5172,3137,71,47.8,38,在线
2026年5月2日,22:32:30,1777732350,164166,12100414,5172,3137,71,47.8,38,在线
2026年5月2日,22:33:02,1777732382,164166,12100414,5172,3137,71,47.8,38,在线
2026年5月2日,22:33:31,1777732411,164166,12100414,5172,3137,71,47.8,38,在线
2026年5月2日,22:34:00,1777732440,164166,12100414,5172,3137,71,47.8,38,在线
2026年5月2日,22:34:34,1777732474,164166,12100414,5172,3137,71,47.8,38,在线
2026年5月2日,22:35:00,1777732500,164166,12100414,5172,3137,71,47.8,38,在线
2026年5月2日,22:35:34,1777732534,164166,12100414,5172,3137,71,47.8,38,在线
2026年5月2日,22:36:04,1777732564,164166,12100414,5172,3137,71,47.8,38,在线
2026年5月2日,22:36:30,1777732590,164166,12100414,5172,3137,71,47.8,38,在线
2026年5月2日,22:37:00,1777732620,164166,12100414,5172,3137,71,47.8,38,在线
2026年5月2日,22:37:33,1777732653,164166,12100414,5172,3137,71,47.8,38,在线
2026年5月2日,22:38:00,1777732680,164166,12100414,5172,3137,71,47.8,38,在线
2026年5月2日,22:38:30,1777732710,164166,12100414,5172,3137,71,47.8,38,在线
2026年5月2日,22:39:01,1777732741,164166,12100414,5172,3137,71,47.8,38,在线
2026年5月2日,22:39:30,1777732770,164166,12100414,5172,3137,71,47.8,38,在线
2026年5月2日,22:40:00,1777732800,164166,12100414,5172,3137,71,47.8,38,在线
2026年5月2日,22:40:30,1777732830,164166,12100414,5172,3137,71,47.8,38,在线
2026年5月2日,22:41:00,1777732860,164166,12100414,5172,3137,71,47.8,38,在线
2026年5月2日,22:41:30,1777732890,164166,12100414,5172,3137,71,47.8,38,在线
2026年5月2日,22:42:00,1777732920,164166,12100414,5172,3137,71,47.8,38,在线
2026年5月2日,22:42:30,1777732950,164166,12100414,5172,3137,71,47.8,38,在线
2026年5月2日,22:43:00,1777732980,164166,12100414,5172,3137,71,47.8,38,在线
2026年5月2日,22:43:30,1777733010,164166,12100414,5172,3137,71,47.8,38,在线
2026年5月2日,22:44:00,1777733040,164166,12100414,5172,3137,71,47.8,38,在线
2026年5月2日,22:44:33,1777733073,164166,12100414,5172,3137,71,47.8,38,在线
2026年5月2日,22:45:02,1777733102,164166,12100414,5172,3137,71,47.8,38,在线
2026年5月2日,22:45:30,1777733130,164166,12100414,5172,3137,71,47.8,38,在线
2026年5月2日,22:46:00,1777733160,164166,12100414,5172,3137,71,47.8,38,在线
2026年5月2日,22:46:31,1777733191,164166,12100414,5172,3137,71,47.8,38,在线
2026年5月2日,22:47:00,1777733220,164166,12100414,5172,3137,71,47.8,38,在线
2026年5月2日,22:47:30,1777733250,164166,12100414,5172,3137,71,47.8,38,在线
2026年5月2日,22:48:00,1777733280,164166,12100414,5172,3137,71,47.8,38,在线
2026年5月2日,22:48:32,1777733312,164166,12100414,5172,3137,71,47.8,38,在线
2026年5月2日,22:49:00,1777733340,164166,12100414,5172,3137,71,47.8,38,在线
2026年5月2日,22:49:30,1777733370,164166,12100414,5172,3137,71,47.8,38,在线
2026年5月2日,22:50:00,1777733400,164166,12100414,5172,3137,71,47.8,38,在线
2026年5月2日,22:50:31,1777733431,164166,12100414,5172,3137,71,47.8,38,在线
2026年5月2日,22:51:00,1777733460,164166,12100414,5172,3137,71,47.8,38,在线
2026年5月2日,22:51:30,1777733490,164166,12100414,5172,3137,71,47.8,38,在线
2026年5月2日,22:52:00,1777733520,164166,12100414,5172,3137,71,47.8,38,在线
2026年5月2日,22:52:30,1777733550,164166,12100414,5172,3137,71,47.8,38,在线
2026年5月2日,22:53:00,1777733580,164166,12100414,5172,3137,71,47.8,38,在线
2026年5月2日,22:53:30,1777733610,164166,12100414,5172,3137,71,47.8,38,在线
2026年5月2日,22:54:00,1777733640,164166,12100414,5172,3137,71,47.8,38,在线
2026年5月2日,22:54:30,1777733670,164166,12100414,5172,3137,71,47.8,38,在线
2026年5月2日,22:55:00,1777733700,164166,12100414,5172,3137,71,47.8,38,在线
2026年5月2日,22:55:30,1777733730,164166,12100414,5172,3137,71,47.8,38,在线
2026年5月2日,22:56:00,1777733760,164166,12100414,5172,3137,71,47.8,38,在线
2026年5月2日,22:56:31,1777733791,164166,12100414,5172,3137,71,47.8,38,在线
2026年5月2日,22:57:00,1777733820,164166,12100414,5172,3137,71,47.8,38,在线
2026年5月2日,22:57:33,1777733853,164166,12100414,5172,3137,71,47.8,38,在线
2026年5月2日,22:58:03,1777733883,164166,12100414,5172,3137,71,47.8,38,在线
2026年5月2日,22:58:30,1777733910,164166,12100414,5172,3137,71,47.8,38,在线
2026年5月2日,22:59:05,1777733945,164166,12100414,5172,3137,71,47.8,38,在线
2026年5月2日,22:59:30,1777733970,164166,12100414,5172,3137,71,47.8,38,在线
2026年5月2日,23:00:00,1777734000,164166,12100414,5172,3137,71,47.8,38,在线
2026年5月2日,23:00:30,1777734030,164166,12100414,5172,3137,71,47.8,38,在线
2026年5月2日,23:01:00,1777734060,164166,12100414,5172,3137,71,47.8,38,在线
2026年5月2日,23:01:30,1777734090,164166,12100414,5172,3137,71,47.8,38,在线
2026年5月2日,23:02:00,1777734120,164166,12100414,5172,3137,71,47.8,38,在线
2026年5月2日,23:02:30,1777734150,164166,12100414,5172,3137,71,47.8,38,在线
2026年5月2日,23:03:01,1777734181,164166,12100414,5172,3137,71,47.8,38,在线
2026年5月2日,23:03:30,1777734210,164166,12100414,5172,3137,71,47.8,38,在线
2026年5月2日,23:04:00,1777734240,164166,12100414,5172,3137,71,47.8,38,在线
2026年5月2日,23:04:32,1777734272,164166,12100414,5172,3137,71,47.8,38,在线
2026年5月2日,23:05:00,1777734300,164166,12100414,5172,3137,71,47.8,38,在线
2026年5月2日,23:05:30,1777734330,164166,12100414,5172,3137,71,47.8,38,在线
2026年5月2日,23:06:00,1777734360,164166,12100414,5172,3137,71,47.8,38,在线
2026年5月2日,23:06:30,1777734390,164166,12100414,5172,3137,71,47.8,38,在线
2026年5月2日,23:07:00,1777734420,164166,12100414,5172,3137,71,47.8,38,在线
2026年5月2日,23:07:30,1777734450,164166,12100414,5172,3137,71,47.8,38,在线
2026年5月2日,23:08:00,1777734480,164166,12100414,5172,3137,71,47.8,38,在线
2026年5月2日,23:08:30,1777734510,164166,12100414,5172,3137,71,47.8,38,在线
2026年5月2日,23:09:00,1777734540,164166,12100414,5172,3137,71,47.8,38,在线
2026年5月2日,23:09:30,1777734570,164166,12100414,5172,3137,71,47.8,38,在线
2026年5月2日,23:10:00,1777734600,164166,12100414,5172,3137,71,47.8,38,在线
2026年5月2日,23:10:30,1777734630,164166,12100414,5172,3137,71,47.8,38,在线
2026年5月2日,23:11:01,1777734661,164166,12100414,5172,3137,71,47.8,38,在线
2026年5月2日,23:11:34,1777734694,164166,12100414,5172,3137,71,47.8,38,在线
2026年5月2日,23:12:00,1777734720,164166,12100414,5172,3137,71,47.8,38,在线
2026年5月2日,23:12:30,1777734750,164166,12100414,5172,3137,71,47.8,38,在线
2026年5月2日,23:13:00,1777734780,164166,12100414,5172,3137,71,47.8,38,在线
2026年5月2日,23:13:30,1777734810,164166,12100414,5172,3137,71,47.8,38,在线
2026年5月2日,23:14:01,1777734841,164166,12100414,5172,3137,71,47.8,38,在线
2026年5月2日,23:14:30,1777734870,164166,12100414,5172,3137,71,47.8,38,在线
2026年5月2日,23:15:00,1777734900,164166,12100414,5172,3137,71,47.8,38,在线
2026年5月2日,23:15:30,1777734930,164166,12100414,5172,3137,71,47.8,38,在线
2026年5月2日,23:16:01,1777734961,164166,12100414,5172,3137,71,47.8,38,在线
2026年5月2日,23:16:30,1777734990,164166,12100414,5172,3137,71,47.8,38,在线
2026年5月2日,23:17:01,1777735021,164166,12100414,5172,3137,71,47.8,38,在线
2026年5月2日,23:17:30,1777735050,164166,12100414,5172,3137,71,47.8,38,在线
2026年5月2日,23:18:00,1777735080,164166,12100414,5172,3137,71,47.8,38,在线
2026年5月2日,23:18:30,1777735110,164166,12100414,5172,3137,71,47.8,38,在线
2026年5月2日,23:19:00,1777735140,164166,12100414,5172,3137,71,47.8,38,在线
2026年5月2日,23:19:30,1777735170,164166,12100414,5172,3137,71,47.8,38,在线
2026年5月2日,23:20:00,1777735200,164166,12100414,5172,3137,71,47.8,38,在线
2026年5月2日,23:20:33,1777735233,164166,12100414,5172,3137,71,47.8,38,在线
2026年5月2日,23:21:00,1777735260,164166,12100414,5172,3137,71,47.8,38,在线
2026年5月2日,23:21:30,1777735290,164166,12100414,5172,3137,71,47.8,38,在线
2026年5月2日,23:22:00,1777735320,164166,12100414,5172,3137,71,47.8,38,在线
2026年5月2日,23:22:30,1777735350,164166,12100414,5172,3137,71,47.8,38,离线
2026年5月2日,23:23:00,1777735380,164166,12100414,5172,3137,71,47.8,38,离线
2026年5月2日,23:23:30,1777735410,164166,12100414,5172,3137,71,47.8,38,离线
2026年5月2日,23:24:00,1777735440,164166,12100414,5172,3137,71,47.8,38,离线
2026年5月2日,23:24:30,1777735470,164166,12100414,5172,3137,71,47.8,38,离线
2026年5月2日,23:25:03,1777735503,164166,12100414,5172,3137,71,47.8,38,离线
2026年5月2日,23:25:30,1777735530,164166,12100414,5172,3137,71,47.8,38,离线
2026年5月2日,23:26:02,1777735562,164166,12100414,5172,3137,71,47.8,38,离线
2026年5月2日,23:26:35,1777735595,164166,12100414,5172,3137,71,47.8,38,离线
2026年5月2日,23:27:30,1777735650,164166,12100414,5172,3137,71,47.8,38,离线
2026年5月2日,23:28:04,1777735684,164166,12100414,5172,3137,71,47.8,38,离线
2026年5月2日,23:28:32,1777735712,164166,12100414,5172,3137,71,47.8,38,离线
2026年5月2日,23:29:00,1777735740,164166,12100414,5172,3137,71,47.8,38,离线
2026年5月2日,23:29:30,1777735770,164166,12100414,5172,3137,71,47.8,38,离线
2026年5月2日,23:30:00,1777735800,164166,12100414,5172,3137,71,47.8,38,离线
2026年5月2日,23:30:30,1777735830,164166,12100414,5172,3137,71,47.8,38,离线
2026年5月2日,23:31:00,1777735860,164166,12100414,5172,3137,71,47.8,38,离线
2026年5月2日,23:31:30,1777735890,164166,12100414,5172,3137,71,47.8,38,离线
2026年5月2日,23:32:00,1777735920,164166,12100414,5172,3137,71,47.8,38,离线
2026年5月2日,23:32:32,1777735952,164166,12100414,5172,3137,71,47.8,38,离线
2026年5月2日,23:33:00,1777735980,164166,12100414,5172,3137,71,47.8,38,离线
2026年5月2日,23:33:30,1777736010,164166,12100414,5172,3137,71,47.8,38,离线
2026年5月2日,23:34:05,1777736045,164166,12100414,5172,3137,71,47.8,38,离线
2026年5月2日,23:34:30,1777736070,164166,12100414,5172,3137,71,47.8,38,离线
2026年5月2日,23:35:00,1777736100,164166,12100414,5172,3137,71,47.8,38,离线
2026年5月2日,23:35:30,1777736130,164166,12100414,5172,3137,71,47.8,38,离线
2026年5月2日,23:36:00,1777736160,164166,12100414,5172,3137,71,47.8,38,离线
2026年5月2日,23:36:30,1777736190,164166,12100414,5172,3137,71,47.8,38,离线
2026年5月2日,23:37:00,1777736220,164166,12100414,5172,3137,71,47.8,38,离线
2026年5月2日,23:37:32,1777736252,164166,12100414,5172,3137,71,47.8,38,离线
2026年5月2日,23:38:00,1777736280,164166,12100414,5172,3137,71,47.8,38,离线
2026年5月2日,23:38:30,1777736310,164166,12100414,5172,3137,71,47.8,38,离线
2026年5月2日,23:39:00,1777736340,164166,12100414,5172,3137,71,47.8,38,离线
2026年5月2日,23:39:30,1777736370,164166,12100414,5172,3137,71,47.8,38,离线
2026年5月2日,23:40:00,1777736400,164166,12100414,5172,3137,71,47.8,38,离线
2026年5月2日,23:40:31,1777736431,164166,12100414,5172,3137,71,47.8,38,离线
2026年5月2日,23:41:00,1777736460,164166,12100414,5172,3137,71,47.8,38,离线
2026年5月2日,23:41:33,1777736493,164166,12100414,5172,3137,71,47.8,38,离线
2026年5月2日,23:42:01,1777736521,164166,12100414,5172,3137,71,47.8,38,离线
2026年5月2日,23:42:30,1777736550,164166,12100414,5172,3137,71,47.8,38,离线
2026年5月2日,23:43:00,1777736580,164166,12100414,5172,3137,71,47.8,38,离线
2026年5月2日,23:43:30,1777736610,164166,12100414,5172,3137,71,47.8,38,离线
2026年5月2日,23:44:00,1777736640,164166,12100414,5172,3137,71,47.8,38,离线
2026年5月2日,23:44:30,1777736670,164166,12100414,5172,3137,71,47.8,38,离线
2026年5月2日,23:45:03,1777736703,164166,12100414,5172,3137,71,47.8,38,离线
2026年5月2日,23:45:30,1777736730,164166,12100414,5172,3137,71,47.8,38,离线
2026年5月2日,23:46:00,1777736760,164166,12100414,5172,3137,71,47.8,38,离线
2026年5月2日,23:46:30,1777736790,164166,12100414,5172,3137,71,47.8,38,离线
2026年5月2日,23:47:03,1777736823,164166,12100414,5172,3137,71,47.8,38,离线
2026年5月2日,23:47:30,1777736850,164166,12100414,5172,3137,71,47.8,38,离线
2026年5月2日,23:48:00,1777736880,164166,12100414,5172,3137,71,47.8,38,离线
2026年5月2日,23:48:34,1777736914,164166,12100414,5172,3137,71,47.8,38,离线
2026年5月2日,23:49:00,1777736940,164166,12100414,5172,3137,71,47.8,38,离线
2026年5月2日,23:49:30,1777736970,164166,12100414,5172,3137,71,47.8,38,离线
2026年5月2日,23:50:04,1777737004,164166,12100414,5172,3137,71,47.8,38,离线
2026年5月2日,23:50:30,1777737030,164166,12100414,5172,3137,71,47.8,38,离线
2026年5月2日,23:51:00,1777737060,164166,12100414,5172,3137,71,47.8,38,离线
2026年5月2日,23:51:30,1777737090,164166,12100414,5172,3137,71,47.8,38,离线
2026年5月2日,23:52:00,1777737120,164166,12100414,5172,3137,71,47.8,38,离线
2026年5月2日,23:52:30,1777737150,164166,12100414,5172,3137,71,47.8,38,离线
2026年5月2日,23:53:01,1777737181,164166,12100414,5172,3137,71,47.8,38,离线
2026年5月2日,23:53:30,1777737210,164166,12100414,5172,3137,71,47.8,38,离线
2026年5月2日,23:54:00,1777737240,164166,12100414,5172,3137,71,47.8,38,离线
2026年5月2日,23:54:30,1777737270,164166,12100414,5172,3137,71,47.8,38,离线
2026年5月2日,23:55:00,1777737300,164166,12100414,5172,3137,71,47.8,38,离线
2026年5月2日,23:55:30,1777737330,164166,12100414,5172,3137,71,47.8,38,离线
2026年5月2日,23:56:00,1777737360,164166,12100414,5172,3137,71,47.8,38,离线
2026年5月2日,23:56:30,1777737390,164166,12100414,5172,3137,71,47.8,38,离线
2026年5月2日,23:57:00,1777737420,164166,12100414,5172,3137,71,47.8,38,离线
2026年5月2日,23:57:31,1777737451,164166,12100414,5172,3137,71,47.8,38,离线
2026年5月2日,23:58:00,1777737480,164166,12100414,5172,3137,71,47.8,38,离线
2026年5月2日,23:58:33,1777737513,164166,12100414,5172,3137,71,47.8,38,离线
2026年5月2日,23:59:00,1777737540,164166,12100414,5172,3137,71,47.8,38,离线
2026年5月2日,23:59:30,1777737570,164166,12100414,5172,3137,71,47.8,38,离线
2026年5月3日,0:00:01,1777737601,164166,12100414,5172,3137,71,47.8,38,离线
2026年5月3日,0:00:34,1777737634,164166,12100414,5172,3137,71,47.8,38,离线
2026年5月3日,0:01:00,1777737660,164166,12100414,5172,3137,71,47.8,38,离线
2026年5月3日,0:01:30,1777737690,164166,12100414,5172,3137,71,47.8,38,离线
2026年5月3日,0:02:00,1777737720,164166,12100414,5172,3137,71,47.8,38,离线
2026年5月3日,0:02:30,1777737750,164166,12100414,5172,3137,71,47.8,38,离线
2026年5月3日,0:03:00,1777737780,164166,12100414,5172,3137,71,47.8,38,离线
2026年5月3日,0:03:30,1777737810,164166,12100414,5172,3137,71,47.8,38,离线
2026年5月3日,0:04:00,1777737840,164166,12100414,5172,3137,71,47.8,38,离线
2026年5月3日,0:04:30,1777737870,164166,12100414,5172,3137,71,47.8,38,离线
2026年5月3日,0:05:00,1777737900,164166,12100414,5172,3137,71,47.8,38,离线
2026年5月3日,0:05:30,1777737930,164166,12100414,5172,3137,71,47.8,38,离线
2026年5月3日,0:06:00,1777737960,164166,12100414,5172,3137,71,47.8,38,离线
2026年5月3日,0:06:30,1777737990,164166,12100414,5172,3137,71,47.8,38,离线
2026年5月3日,0:07:00,1777738020,164166,12100414,5172,3137,71,47.8,38,离线
2026年5月3日,0:07:30,1777738050,164166,12100414,5172,3137,71,47.8,38,离线
2026年5月3日,0:08:00,1777738080,164166,12100414,5172,3137,71,47.8,38,离线
2026年5月3日,0:08:30,1777738110,164166,12100414,5172,3137,71,47.8,38,离线
2026年5月3日,0:09:00,1777738140,164166,12100414,5172,3137,71,47.8,38,离线
2026年5月3日,0:09:30,1777738170,164166,12100414,5172,3137,71,47.8,38,离线
2026年5月3日,0:10:00,1777738200,164166,12100414,5172,3137,71,47.8,38,离线
2026年5月3日,0:10:30,1777738230,164166,12100414,5172,3137,71,47.8,38,离线
2026年5月3日,0:11:00,1777738260,164166,12100414,5172,3137,71,47.8,38,离线
2026年5月3日,0:11:30,1777738290,164166,12100414,5172,3137,71,47.8,38,离线
2026年5月3日,0:12:00,1777738320,164166,12100414,5172,3137,71,47.8,38,离线
2026年5月3日,0:12:30,1777738350,164166,12100414,5172,3137,71,47.8,38,离线
2026年5月3日,0:13:00,1777738380,164166,12100414,5172,3137,71,47.8,38,离线
2026年5月3日,0:13:30,1777738410,164166,12100414,5172,3137,71,47.8,38,离线
2026年5月3日,0:14:00,1777738440,164166,12100414,5172,3137,71,47.8,38,离线
2026年5月3日,0:14:30,1777738470,164166,12100414,5172,3137,71,47.8,38,离线
2026年5月3日,0:15:00,1777738500,164166,12100414,5172,3137,71,47.8,38,离线
2026年5月3日,0:15:30,1777738530,164166,12100414,5172,3137,71,47.8,38,离线
2026年5月3日,0:16:00,1777738560,164166,12100414,5172,3137,71,47.8,38,离线
2026年5月3日,0:16:30,1777738590,164166,12100414,5172,3137,71,47.8,38,离线
2026年5月3日,0:17:00,1777738620,164166,12100414,5172,3137,71,47.8,38,离线
2026年5月3日,0:17:30,1777738650,164166,12100414,5172,3137,71,47.8,38,离线
2026年5月3日,0:18:00,1777738680,164166,12100414,5172,3137,71,47.8,38,离线
2026年5月3日,0:18:30,1777738710,164166,12100414,5172,3137,71,47.8,38,离线
2026年5月3日,0:19:00,1777738740,164166,12100414,5172,3137,71,47.8,38,离线
2026年5月3日,0:19:30,1777738770,164166,12100414,5172,3137,71,47.8,38,离线
2026年5月3日,0:20:00,1777738800,164166,12100414,5172,3137,71,47.8,38,离线
2026年5月3日,0:20:30,1777738830,164166,12100414,5172,3137,71,47.8,38,离线
2026年5月3日,0:21:00,1777738860,164166,12100414,5172,3137,71,47.8,38,离线
2026年5月3日,0:21:30,1777738890,164166,12100414,5172,3137,71,47.8,38,离线
2026年5月3日,0:22:00,1777738920,164166,12100414,5172,3137,71,47.8,38,离线
2026年5月3日,0:22:30,1777738950,164166,12100414,5172,3137,71,47.8,38,离线
2026年5月3日,0:23:00,1777738980,164166,12100414,5172,3137,71,47.8,38,离线
2026年5月3日,0:23:30,1777739010,164166,12100414,5172,3137,71,47.8,38,离线
2026年5月3日,0:24:00,1777739040,164166,12100414,5172,3137,71,47.8,38,离线
2026年5月3日,0:24:30,1777739070,164166,12100414,5172,3137,71,47.8,38,离线
2026年5月3日,0:25:00,1777739100,164166,12100414,5172,3137,71,47.8,38,离线
2026年5月3日,0:25:30,1777739130,164166,12100414,5172,3137,71,47.8,38,离线
2026年5月3日,0:26:00,1777739160,164166,12100414,5172,3137,71,47.8,38,离线
2026年5月3日,0:26:30,1777739190,164166,12100414,5172,3137,71,47.8,38,离线
2026年5月3日,0:27:00,1777739220,164166,12100414,5172,3137,71,47.8,38,离线
2026年5月3日,0:27:30,1777739250,164166,12100414,5172,3137,71,47.8,38,离线
2026年5月3日,0:28:00,1777739280,164166,12100414,5172,3137,71,47.8,38,离线
2026年5月3日,0:28:30,1777739310,164166,12100414,5172,3137,71,47.8,38,离线
2026年5月3日,0:29:00,1777739340,164166,12100414,5172,3137,71,47.8,38,离线
2026年5月3日,0:29:30,1777739370,164166,12100414,5172,3137,71,47.8,38,离线
2026年5月3日,0:30:00,1777739400,164166,12100414,5172,3137,71,47.8,38,离线
2026年5月3日,0:30:30,1777739430,164166,12100414,5172,3137,71,47.8,38,离线
2026年5月3日,0:31:00,1777739460,164166,12100414,5172,3137,71,47.8,38,离线
2026年5月3日,0:31:30,1777739490,164166,12100414,5172,3137,71,47.8,38,离线
2026年5月3日,0:32:00,1777739520,164166,12100414,5172,3137,71,47.8,38,离线
2026年5月3日,0:32:30,1777739550,164166,12100414,5172,3137,71,47.8,38,离线
2026年5月3日,0:33:00,1777739580,164166,12100414,5172,3137,71,47.8,38,离线
2026年5月3日,0:33:30,1777739610,164166,12100414,5172,3137,71,47.8,38,离线
2026年5月3日,0:34:00,1777739640,164166,12100414,5172,3137,71,47.8,38,离线
2026年5月3日,0:34:30,1777739670,164166,12100414,5172,3137,71,47.8,38,离线
2026年5月3日,0:35:00,1777739700,164166,12100414,5172,3137,71,47.8,38,离线
2026年5月3日,0:35:30,1777739730,164166,12100414,5172,3137,71,47.8,38,离线
2026年5月3日,0:36:00,1777739760,164166,12100414,5172,3137,71,47.8,38,离线
2026年5月3日,0:36:30,1777739790,164166,12100414,5172,3137,71,47.8,38,离线
2026年5月3日,0:37:00,1777739820,164166,12100414,5172,3137,71,47.8,38,离线
2026年5月3日,0:37:30,1777739850,164166,12100414,5172,3137,71,47.8,38,离线
2026年5月3日,0:38:00,1777739880,164166,12100414,5172,3137,71,47.8,38,离线
2026年5月3日,0:38:30,1777739910,164166,12100414,5172,3137,71,47.8,38,离线
2026年5月3日,0:39:00,1777739940,164166,12100414,5172,3137,71,47.8,38,离线
2026年5月3日,0:39:30,1777739970,164166,12100414,5172,3137,71,47.8,38,离线
2026年5月3日,0:40:00,1777740000,164166,12100414,5172,3137,71,47.8,38,离线
2026年5月3日,0:40:30,1777740030,164166,12100414,5172,3137,71,47.8,38,离线
2026年5月3日,0:41:00,1777740060,164166,12100414,5172,3137,71,47.8,38,离线
2026年5月3日,0:41:30,1777740090,164166,12100414,5172,3137,71,47.8,38,离线
2026年5月3日,0:42:00,1777740120,164166,12100414,5172,3137,71,47.8,38,离线
2026年5月3日,0:42:30,1777740150,164166,12100414,5172,3137,71,47.8,38,离线
2026年5月3日,0:43:00,1777740180,164166,12100414,5172,3137,71,47.8,38,离线
2026年5月3日,0:43:30,1777740210,164166,12100414,5172,3137,71,47.8,38,离线
2026年5月3日,0:44:00,1777740240,164166,12100414,5172,3137,71,47.8,38,离线
2026年5月3日,0:44:30,1777740270,164166,12100414,5172,3137,71,47.8,38,离线
2026年5月3日,0:45:00,1777740300,164166,12100414,5172,3137,71,47.8,38,离线
2026年5月3日,0:45:30,1777740330,164166,12100414,5172,3137,71,47.8,38,离线
2026年5月3日,0:46:00,1777740360,164166,12100414,5172,3137,71,47.8,38,离线
2026年5月3日,0:46:30,1777740390,164166,12100414,5172,3137,71,47.8,38,离线
2026年5月3日,0:47:00,1777740420,164166,12100414,5172,3137,71,47.8,38,离线
2026年5月3日,0:47:30,1777740450,164166,12100414,5172,3137,71,47.8,38,离线
2026年5月3日,0:48:00,1777740480,164166,12100414,5172,3137,71,47.8,38,离线
2026年5月3日,0:48:30,1777740510,164166,12100414,5172,3137,71,47.8,38,离线
2026年5月3日,0:49:00,1777740540,164166,12100414,5172,3137,71,47.8,38,离线
2026年5月3日,0:49:30,1777740570,164166,12100414,5172,3137,71,47.8,38,离线
2026年5月3日,0:50:00,1777740600,164166,12100414,5172,3137,71,47.8,38,离线
2026年5月3日,0:50:30,1777740630,164166,12100414,5172,3137,71,47.8,38,离线
2026年5月3日,0:51:00,1777740660,164166,12100414,5172,3137,71,47.8,38,离线
2026年5月3日,0:51:30,1777740690,164166,12100414,5172,3137,71,47.8,38,离线
2026年5月3日,0:52:00,1777740720,164166,12100414,5172,3137,71,47.8,38,离线
2026年5月3日,0:52:30,1777740750,164166,12100414,5172,3137,71,47.8,38,离线
2026年5月3日,0:53:00,1777740780,164166,12100414,5172,3137,71,47.8,38,离线
2026年5月3日,0:53:30,1777740810,164166,12100414,5172,3137,71,47.8,38,离线
2026年5月3日,0:54:00,1777740840,164166,12100414,5172,3137,71,47.8,38,离线
2026年5月3日,0:54:30,1777740870,164166,12100414,5172,3137,71,47.8,38,离线
2026年5月3日,0:55:00,1777740900,164166,12100414,5172,3137,71,47.8,38,离线
2026年5月3日,0:55:31,1777740931,164166,12100414,5172,3137,71,47.8,38,离线
2026年5月3日,0:56:00,1777740960,164166,12100414,5172,3137,71,47.8,38,离线
2026年5月3日,0:56:30,1777740990,164166,12100414,5172,3137,71,47.8,38,离线
2026年5月3日,0:57:00,1777741020,164166,12100414,5172,3137,71,47.8,38,离线
2026年5月3日,0:57:30,1777741050,164166,12100414,5172,3137,71,47.8,38,离线
2026年5月3日,0:58:00,1777741080,164166,12100414,5172,3137,71,47.8,38,离线
2026年5月3日,0:58:30,1777741110,164166,12100414,5172,3137,71,47.8,38,离线
2026年5月3日,0:59:00,1777741140,164166,12100414,5172,3137,71,47.8,38,离线
2026年5月3日,0:59:30,1777741170,164166,12100414,5172,3137,71,47.8,38,离线
2026年5月3日,1:00:00,1777741200,164166,12100414,5172,3137,71,47.8,38,离线
2026年5月3日,1:00:30,1777741230,164166,12100414,5172,3137,71,47.8,38,离线
2026年5月3日,1:01:00,1777741260,164166,12100414,5172,3137,71,47.8,38,离线
2026年5月3日,1:01:30,1777741290,164166,12100414,5172,3137,71,47.8,38,离线
2026年5月3日,1:02:00,1777741320,164166,12100414,5172,3137,71,47.8,38,离线
2026年5月3日,1:02:30,1777741350,164166,12100414,5172,3137,71,47.8,38,离线
2026年5月3日,1:03:00,1777741380,164166,12100414,5172,3137,71,47.8,38,离线
2026年5月3日,1:03:30,1777741410,164166,12100414,5172,3137,71,47.8,38,离线
2026年5月3日,1:04:00,1777741440,164166,12100414,5172,3137,71,47.8,38,离线
2026年5月3日,1:04:30,1777741470,164166,12100414,5172,3137,71,47.8,38,离线
2026年5月3日,1:05:00,1777741500,164166,12100414,5172,3137,71,47.8,38,离线
2026年5月3日,1:05:30,1777741530,164166,12100414,5172,3137,71,47.8,38,离线
2026年5月3日,1:06:00,1777741560,164166,12100414,5172,3137,71,47.8,38,离线
2026年5月3日,1:06:30,1777741590,164166,12100414,5172,3137,71,47.8,38,离线
2026年5月3日,1:07:00,1777741620,164166,12100414,5172,3137,71,47.8,38,离线
2026年5月3日,1:07:30,1777741650,164166,12100414,5172,3137,71,47.8,38,离线
2026年5月3日,1:08:00,1777741680,164166,12100414,5172,3137,71,47.8,38,离线
2026年5月3日,1:08:30,1777741710,164166,12100414,5172,3137,71,47.8,38,离线
2026年5月3日,1:09:00,1777741740,164166,12100414,5172,3137,71,47.8,38,离线
2026年5月3日,1:09:30,1777741770,164166,12100414,5172,3137,71,47.8,38,离线
2026年5月3日,1:10:00,1777741800,164166,12100414,5172,3137,71,47.8,38,离线
2026年5月3日,1:10:30,1777741830,164166,12100414,5172,3137,71,47.8,38,离线
2026年5月3日,1:11:00,1777741860,164166,12100414,5172,3137,71,47.8,38,离线
2026年5月3日,1:11:30,1777741890,164166,12100414,5172,3137,71,47.8,38,离线
2026年5月3日,1:12:00,1777741920,164166,12100414,5172,3137,71,47.8,38,离线
2026年5月3日,1:12:30,1777741950,164166,12100414,5172,3137,71,47.8,38,离线
2026年5月3日,1:13:00,1777741980,164166,12100414,5172,3137,71,47.8,38,离线
2026年5月3日,1:13:30,1777742010,164166,12100414,5172,3137,71,47.8,38,离线
2026年5月3日,1:14:00,1777742040,164166,12100414,5172,3137,71,47.8,38,离线
2026年5月3日,1:14:30,1777742070,164166,12100414,5172,3137,71,47.8,38,离线
2026年5月3日,1:15:00,1777742100,164166,12100414,5172,3137,71,47.8,38,离线
2026年5月3日,1:15:30,1777742130,164166,12100414,5172,3137,71,47.8,38,离线
2026年5月3日,1:16:00,1777742160,164166,12100414,5172,3137,71,47.8,38,离线
2026年5月3日,1:16:30,1777742190,164166,12100414,5172,3137,71,47.8,38,离线
2026年5月3日,1:17:00,1777742220,164166,12100414,5172,3137,71,47.8,38,离线
2026年5月3日,1:17:30,1777742250,164166,12100414,5172,3137,71,47.8,38,离线
2026年5月3日,1:18:00,1777742280,164166,12100414,5172,3137,71,47.8,38,离线
2026年5月3日,1:18:30,1777742310,164166,12100414,5172,3137,71,47.8,38,离线
2026年5月3日,1:19:00,1777742340,164166,12100414,5172,3137,71,47.8,38,离线
2026年5月3日,1:19:30,1777742370,164166,12100414,5172,3137,71,47.8,38,离线
2026年5月3日,1:20:00,1777742400,164166,12100414,5172,3137,71,47.8,38,离线
2026年5月3日,1:20:30,1777742430,164166,12100414,5172,3137,71,47.8,38,离线
2026年5月3日,1:21:00,1777742460,164166,12100414,5172,3137,71,47.8,38,离线
2026年5月3日,1:21:30,1777742490,164166,12100414,5172,3137,71,47.8,38,离线
2026年5月3日,1:22:00,1777742520,164166,12100414,5172,3137,71,47.8,38,离线
2026年5月3日,1:22:30,1777742550,164166,12100414,5172,3137,71,47.8,38,离线
2026年5月3日,1:23:00,1777742580,164166,12100414,5172,3137,71,47.8,38,离线
2026年5月3日,1:23:30,1777742610,164166,12100414,5172,3137,71,47.8,38,离线
2026年5月3日,1:24:00,1777742640,164166,12100414,5172,3137,71,47.8,38,离线
2026年5月3日,1:24:30,1777742670,164166,12100414,5172,3137,71,47.8,38,离线
2026年5月3日,1:25:00,1777742700,164166,12100414,5172,3137,71,47.8,38,离线
2026年5月3日,1:25:30,1777742730,164166,12100414,5172,3137,71,47.8,38,离线
2026年5月3日,1:26:00,1777742760,164166,12100414,5172,3137,71,47.8,38,离线
2026年5月3日,1:26:30,1777742790,164166,12100414,5172,3137,71,47.8,38,离线
2026年5月3日,1:27:00,1777742820,164166,12100414,5172,3137,71,47.8,38,离线
2026年5月3日,1:27:30,1777742850,164166,12100414,5172,3137,71,47.8,38,离线
2026年5月3日,1:28:00,1777742880,164166,12100414,5172,3137,71,47.8,38,离线
2026年5月3日,1:28:30,1777742910,164166,12100414,5172,3137,71,47.8,38,离线
2026年5月3日,1:29:00,1777742940,164166,12100414,5172,3137,71,47.8,38,离线
2026年5月3日,1:29:30,1777742970,164166,12100414,5172,3137,71,47.8,38,离线
2026年5月3日,1:30:00,1777743000,164166,12100414,5172,3137,71,47.8,38,离线
2026年5月3日,1:30:30,1777743030,164166,12100414,5172,3137,71,47.8,38,离线
2026年5月3日,1:31:00,1777743060,164166,12100414,5172,3137,71,47.8,38,离线
2026年5月3日,1:31:30,1777743090,164166,12100414,5172,3137,71,47.8,38,离线
2026年5月3日,1:32:00,1777743120,164166,12100414,5172,3137,71,47.8,38,离线
2026年5月3日,1:32:30,1777743150,164166,12100414,5172,3137,71,47.8,38,离线
2026年5月3日,1:33:00,1777743180,164166,12100414,5172,3137,71,47.8,38,离线
2026年5月3日,1:33:30,1777743210,164166,12100414,5172,3137,71,47.8,38,离线
2026年5月3日,1:34:00,1777743240,164166,12100414,5172,3137,71,47.8,38,离线
2026年5月3日,1:34:30,1777743270,164166,12100414,5172,3137,71,47.8,38,离线
2026年5月3日,1:34:59,1777743299,164166,12100414,5172,3137,71,47.8,38,离线
2026年5月3日,1:35:30,1777743330,164166,12100414,5172,3137,71,47.8,38,离线
2026年5月3日,1:36:00,1777743360,164166,12100414,5172,3137,71,47.8,38,离线
2026年5月3日,1:36:30,1777743390,164166,12100414,5172,3137,71,47.8,38,离线
2026年5月3日,1:37:00,1777743420,164166,12100414,5172,3137,71,47.8,38,离线
2026年5月3日,1:37:30,1777743450,164166,12100414,5172,3137,71,47.8,38,离线
2026年5月3日,1:38:00,1777743480,164166,12100414,5172,3137,71,47.8,38,离线
2026年5月3日,1:38:30,1777743510,164166,12100414,5172,3137,71,47.8,38,离线
2026年5月3日,1:39:00,1777743540,164166,12100414,5172,3137,71,47.8,38,离线
2026年5月3日,1:39:30,1777743570,164166,12100414,5172,3137,71,47.8,38,离线
2026年5月3日,1:40:00,1777743600,164166,12100414,5172,3137,71,47.8,38,离线
2026年5月3日,1:40:30,1777743630,164166,12100414,5172,3137,71,47.8,38,离线
2026年5月3日,1:41:00,1777743660,164166,12100414,5172,3137,71,47.8,38,离线
2026年5月3日,1:41:29,1777743689,164166,12100414,5172,3137,71,47.8,38,离线
2026年5月3日,1:42:00,1777743720,164166,12100414,5172,3137,71,47.8,38,离线
2026年5月3日,1:42:29,1777743749,164166,12100414,5172,3137,71,47.8,38,离线
2026年5月3日,1:43:00,1777743780,164166,12100414,5172,3137,71,47.8,38,离线
2026年5月3日,1:43:30,1777743810,164166,12100414,5172,3137,71,47.8,38,离线
2026年5月3日,1:44:00,1777743840,164166,12100414,5172,3137,71,47.8,38,离线
2026年5月3日,1:44:30,1777743870,164166,12100414,5172,3137,71,47.8,38,离线
2026年5月3日,1:45:00,1777743900,164166,12100414,5172,3137,71,47.8,38,离线
2026年5月3日,1:45:30,1777743930,164166,12100414,5172,3137,71,47.8,38,离线
2026年5月3日,1:46:00,1777743960,164166,12100414,5172,3137,71,47.8,38,离线
2026年5月3日,1:46:30,1777743990,164166,12100414,5172,3137,71,47.8,38,离线
2026年5月3日,1:47:00,1777744020,164166,12100414,5172,3137,71,47.8,38,离线
2026年5月3日,1:47:30,1777744050,164166,12100414,5172,3137,71,47.8,38,离线
2026年5月3日,1:48:00,1777744080,164166,12100414,5172,3137,71,47.8,38,离线
2026年5月3日,1:48:30,1777744110,164166,12100414,5172,3137,71,47.8,38,离线
2026年5月3日,1:49:00,1777744140,164166,12100414,5172,3137,71,47.8,38,离线
2026年5月3日,1:49:30,1777744170,164166,12100414,5172,3137,71,47.8,38,离线
2026年5月3日,1:50:00,1777744200,164166,12100414,5172,3137,71,47.8,38,离线
2026年5月3日,1:50:30,1777744230,164166,12100414,5172,3137,71,47.8,38,离线
2026年5月3日,1:51:00,1777744260,164166,12100414,5172,3137,71,47.8,38,离线
2026年5月3日,1:51:30,1777744290,164166,12100414,5172,3137,71,47.8,38,离线
2026年5月3日,1:52:00,1777744320,164166,12100414,5172,3137,71,47.8,38,离线
2026年5月3日,1:52:29,1777744349,164166,12100414,5172,3137,71,47.8,38,离线
2026年5月3日,1:53:00,1777744380,164166,12100414,5172,3137,71,47.8,38,离线
2026年5月3日,1:53:29,1777744409,164166,12100414,5172,3137,71,47.8,38,离线
2026年5月3日,1:53:59,1777744439,164166,12100414,5172,3137,71,47.8,38,离线
2026年5月3日,1:54:30,1777744470,164166,12100414,5172,3137,71,47.8,38,离线
2026年5月3日,1:55:00,1777744500,164166,12100414,5172,3137,71,47.8,38,离线
2026年5月3日,1:55:30,1777744530,164166,12100414,5172,3137,71,47.8,38,离线
2026年5月3日,1:56:00,1777744560,164166,12100414,5172,3137,71,47.8,38,离线
2026年5月3日,1:56:30,1777744590,164166,12100414,5172,3137,71,47.8,38,离线
2026年5月3日,1:57:00,1777744620,164166,12100414,5172,3137,71,47.8,38,离线
2026年5月3日,1:57:30,1777744650,164166,12100414,5172,3137,71,47.8,38,离线
2026年5月3日,1:58:00,1777744680,164166,12100414,5172,3137,71,47.8,38,离线
2026年5月3日,1:58:30,1777744710,164166,12100414,5172,3137,71,47.8,38,离线
2026年5月3日,1:59:00,1777744740,164166,12100414,5172,3137,71,47.8,38,离线
2026年5月3日,1:59:29,1777744769,164166,12100414,5172,3137,71,47.8,38,离线
2026年5月3日,2:00:00,1777744800,164166,12100414,5172,3137,71,47.8,38,离线
2026年5月3日,2:00:29,1777744829,164166,12100414,5172,3137,71,47.8,38,离线
2026年5月3日,2:00:59,1777744859,164166,12100414,5172,3137,71,47.8,38,离线
2026年5月3日,2:01:30,1777744890,164166,12100414,5172,3137,71,47.8,38,离线
2026年5月3日,2:02:00,1777744920,164166,12100414,5172,3137,71,47.8,38,离线
2026年5月3日,2:02:30,1777744950,164166,12100414,5172,3137,71,47.8,38,离线
2026年5月3日,2:02:59,1777744979,164166,12100414,5172,3137,71,47.8,38,离线
2026年5月3日,2:03:30,1777745010,164166,12100414,5172,3137,71,47.8,38,离线
2026年5月3日,2:04:00,1777745040,164166,12100414,5172,3137,71,47.8,38,离线
2026年5月3日,2:04:30,1777745070,164166,12100414,5172,3137,71,47.8,38,离线
2026年5月3日,2:05:00,1777745100,164166,12100414,5172,3137,71,47.8,38,离线
2026年5月3日,2:05:30,1777745130,164166,12100414,5172,3137,71,47.8,38,离线
2026年5月3日,2:06:00,1777745160,164166,12100414,5172,3137,71,47.8,38,离线
2026年5月3日,2:06:30,1777745190,164166,12100414,5172,3137,71,47.8,38,离线
2026年5月3日,2:07:00,1777745220,164166,12100414,5172,3137,71,47.8,38,离线
2026年5月3日,2:07:30,1777745250,164166,12100414,5172,3137,71,47.8,38,离线
2026年5月3日,2:08:00,1777745280,164166,12100414,5172,3137,71,47.8,38,离线
2026年5月3日,2:08:30,1777745310,164166,12100414,5172,3137,71,47.8,38,离线
2026年5月3日,2:08:59,1777745339,164166,12100414,5172,3137,71,47.8,38,离线
2026年5月3日,2:09:29,1777745369,164166,12100414,5172,3137,71,47.8,38,离线
2026年5月3日,2:09:59,1777745399,164166,12100414,5172,3137,71,47.8,38,离线
2026年5月3日,2:10:29,1777745429,164166,12100414,5172,3137,71,47.8,38,离线
2026年5月3日,2:11:00,1777745460,164166,12100414,5172,3137,71,47.8,38,离线
2026年5月3日,2:11:29,1777745489,164166,12100414,5172,3137,71,47.8,38,离线
2026年5月3日,2:12:00,1777745520,164166,12100414,5172,3137,71,47.8,38,离线
2026年5月3日,2:12:30,1777745550,164166,12100414,5172,3137,71,47.8,38,离线
2026年5月3日,2:13:00,1777745580,164166,12100414,5172,3137,71,47.8,38,离线
2026年5月3日,2:13:30,1777745610,164166,12100414,5172,3137,71,47.8,38,离线
2026年5月3日,2:14:00,1777745640,164166,12100414,5172,3137,71,47.8,38,离线
2026年5月3日,2:14:29,1777745669,164166,12100414,5172,3137,71,47.8,38,离线
2026年5月3日,2:14:59,1777745699,164166,12100414,5172,3137,71,47.8,38,离线
2026年5月3日,2:15:30,1777745730,164166,12100414,5172,3137,71,47.8,38,离线
2026年5月3日,2:16:00,1777745760,164166,12100414,5172,3137,71,47.8,38,离线
2026年5月3日,2:16:29,1777745789,164166,12100414,5172,3137,71,47.8,38,离线
2026年5月3日,2:16:59,1777745819,164166,12100414,5172,3137,71,47.8,38,离线
2026年5月3日,2:17:29,1777745849,164166,12100414,5172,3137,71,47.8,38,离线
2026年5月3日,2:18:00,1777745880,164166,12100414,5172,3137,71,47.8,38,离线
2026年5月3日,2:18:29,1777745909,164166,12100414,5172,3137,71,47.8,38,离线
2026年5月3日,2:18:59,1777745939,164166,12100414,5172,3137,71,47.8,38,离线
2026年5月3日,2:19:30,1777745970,164166,12100414,5172,3137,71,47.8,38,离线
2026年5月3日,2:20:00,1777746000,164166,12100414,5172,3137,71,47.8,38,离线
2026年5月3日,2:20:29,1777746029,164166,12100414,5172,3137,71,47.8,38,离线
2026年5月3日,2:21:00,1777746060,164166,12100414,5172,3137,71,47.8,38,离线
2026年5月3日,2:21:30,1777746090,164166,12100414,5172,3137,71,47.8,38,离线
2026年5月3日,2:22:00,1777746120,164166,12100414,5172,3137,71,47.8,38,离线
2026年5月3日,2:22:30,1777746150,164166,12100414,5172,3137,71,47.8,38,离线
2026年5月3日,2:23:00,1777746180,164166,12100414,5172,3137,71,47.8,38,离线
2026年5月3日,2:23:30,1777746210,164166,12100414,5172,3137,71,47.8,38,离线
2026年5月3日,2:23:59,1777746239,164166,12100414,5172,3137,71,47.8,38,离线
2026年5月3日,2:24:29,1777746269,164166,12100414,5172,3137,71,47.8,38,离线
2026年5月3日,2:25:00,1777746300,164166,12100414,5172,3137,71,47.8,38,离线
2026年5月3日,2:25:29,1777746329,164166,12100414,5172,3137,71,47.8,38,离线
2026年5月3日,2:25:59,1777746359,164166,12100414,5172,3137,71,47.8,38,离线
2026年5月3日,2:26:30,1777746390,164166,12100414,5172,3137,71,47.8,38,离线
2026年5月3日,2:26:59,1777746419,164166,12100414,5172,3137,71,47.8,38,离线
2026年5月3日,2:27:30,1777746450,164166,12100414,5172,3137,71,47.8,38,离线
2026年5月3日,2:28:00,1777746480,164166,12100414,5172,3137,71,47.8,38,离线
2026年5月3日,2:28:29,1777746509,164166,12100414,5172,3137,71,47.8,38,离线
2026年5月3日,2:29:00,1777746540,164166,12100414,5172,3137,71,47.8,38,离线
2026年5月3日,2:29:29,1777746569,164166,12100414,5172,3137,71,47.8,38,离线
2026年5月3日,2:29:59,1777746599,164166,12100414,5172,3137,71,47.8,38,离线
2026年5月3日,2:30:30,1777746630,164166,12100414,5172,3137,71,47.8,38,离线
2026年5月3日,2:31:00,1777746660,164166,12100414,5172,3137,71,47.8,38,离线
2026年5月3日,2:31:29,1777746689,164166,12100414,5172,3137,71,47.8,38,离线
2026年5月3日,2:32:00,1777746720,164166,12100414,5172,3137,71,47.8,38,离线
2026年5月3日,2:32:29,1777746749,164166,12100414,5172,3137,71,47.8,38,离线
2026年5月3日,2:32:59,1777746779,164166,12100414,5172,3137,71,47.8,38,离线
2026年5月3日,2:33:29,1777746809,164166,12100414,5172,3137,71,47.8,38,离线
2026年5月3日,2:33:59,1777746839,164166,12100414,5172,3137,71,47.8,38,离线
2026年5月3日,2:34:30,1777746870,164166,12100414,5172,3137,71,47.8,38,离线
2026年5月3日,2:34:59,1777746899,164166,12100414,5172,3137,71,47.8,38,离线
2026年5月3日,2:35:29,1777746929,164166,12100414,5172,3137,71,47.8,38,离线
2026年5月3日,2:35:59,1777746959,164166,12100414,5172,3137,71,47.8,38,离线
2026年5月3日,2:36:29,1777746989,164166,12100414,5172,3137,71,47.8,38,离线
2026年5月3日,2:36:59,1777747019,164166,12100414,5172,3137,71,47.8,38,离线
2026年5月3日,2:37:34,1777747054,164166,12100414,5172,3137,71,47.8,38,离线
2026年5月3日,2:38:06,1777747086,164166,12100414,5172,3137,71,47.8,38,离线
2026年5月3日,2:38:48,1777747128,164166,12100414,5172,3137,71,47.8,38,离线
2026年5月3日,2:39:37,1777747177,164166,12100414,5172,3137,71,47.8,38,离线
2026年5月3日,2:40:04,1777747204,164166,12100414,5172,3137,71,47.8,38,离线
2026年5月3日,2:40:30,1777747230,164166,12100414,5172,3137,71,47.8,38,离线
2026年5月3日,2:40:59,1777747259,164166,12100414,5172,3137,71,47.8,38,离线
2026年5月3日,2:41:29,1777747289,164166,12100414,5172,3137,71,47.8,38,离线
2026年5月3日,2:41:59,1777747319,164166,12100414,5172,3137,71,47.8,38,离线
2026年5月3日,2:42:29,1777747349,164166,12100414,5172,3137,71,47.8,38,离线
2026年5月3日,2:42:59,1777747379,164166,12100414,5172,3137,71,47.8,38,离线
2026年5月3日,2:43:30,1777747410,164166,12100414,5172,3137,71,47.8,38,离线
2026年5月3日,2:43:59,1777747439,164166,12100414,5172,3137,71,47.8,38,离线
2026年5月3日,2:44:29,1777747469,164166,12100414,5172,3137,71,47.8,38,离线
2026年5月3日,2:44:59,1777747499,164166,12100414,5172,3137,71,47.8,38,离线
2026年5月3日,2:45:30,1777747530,164166,12100414,5172,3137,71,47.8,38,离线
2026年5月3日,2:45:59,1777747559,164166,12100414,5172,3137,71,47.8,38,离线
2026年5月3日,2:46:29,1777747589,164166,12100414,5172,3137,71,47.8,38,离线
2026年5月3日,2:46:59,1777747619,164166,12100414,5172,3137,71,47.8,38,离线
2026年5月3日,2:47:29,1777747649,164166,12100414,5172,3137,71,47.8,38,离线
2026年5月3日,2:48:00,1777747680,164166,12100414,5172,3137,71,47.8,38,离线
2026年5月3日,2:48:29,1777747709,164166,12100414,5172,3137,71,47.8,38,离线
2026年5月3日,2:48:59,1777747739,164166,12100414,5172,3137,71,47.8,38,离线
2026年5月3日,2:49:29,1777747769,164166,12100414,5172,3137,71,47.8,38,离线
2026年5月3日,2:49:59,1777747799,164166,12100414,5172,3137,71,47.8,38,离线
2026年5月3日,2:50:29,1777747829,164166,12100414,5172,3137,71,47.8,38,离线
2026年5月3日,2:51:00,1777747860,164166,12100414,5172,3137,71,47.8,38,离线
2026年5月3日,2:51:29,1777747889,164166,12100414,5172,3137,71,47.8,38,离线
2026年5月3日,2:52:00,1777747920,164166,12100414,5172,3137,71,47.8,38,离线
2026年5月3日,2:52:29,1777747949,164166,12100414,5172,3137,71,47.8,38,离线
2026年5月3日,2:52:59,1777747979,164166,12100414,5172,3137,71,47.8,38,离线
2026年5月3日,2:53:29,1777748009,164166,12100414,5172,3137,71,47.8,38,离线
2026年5月3日,2:53:59,1777748039,164166,12100414,5172,3137,71,47.8,38,离线
2026年5月3日,2:54:29,1777748069,164166,12100414,5172,3137,71,47.8,38,离线
2026年5月3日,2:54:59,1777748099,164166,12100414,5172,3137,71,47.8,38,离线
2026年5月3日,2:55:29,1777748129,164166,12100414,5172,3137,71,47.8,38,离线
2026年5月3日,2:56:00,1777748160,164166,12100414,5172,3137,71,47.8,38,离线
2026年5月3日,2:56:29,1777748189,164166,12100414,5172,3137,71,47.8,38,离线
2026年5月3日,2:57:00,1777748220,164166,12100414,5172,3137,71,47.8,38,离线
2026年5月3日,2:57:29,1777748249,164166,12100414,5172,3137,71,47.8,38,离线
2026年5月3日,2:57:59,1777748279,164166,12100414,5172,3137,71,47.8,38,离线
2026年5月3日,2:58:29,1777748309,164166,12100414,5172,3137,71,47.8,38,离线
2026年5月3日,2:58:59,1777748339,164166,12100414,5172,3137,71,47.8,38,离线
2026年5月3日,2:59:29,1777748369,164166,12100414,5172,3137,71,47.8,38,离线
2026年5月3日,3:00:00,1777748400,164166,12100414,5172,3137,71,47.8,38,离线
2026年5月3日,3:00:29,1777748429,164166,12100414,5172,3137,71,47.8,38,离线
2026年5月3日,3:00:59,1777748459,164166,12100414,5172,3137,71,47.8,38,离线
2026年5月3日,3:01:30,1777748490,164166,12100414,5172,3137,71,47.8,38,离线
2026年5月3日,3:01:59,1777748519,164166,12100414,5172,3137,71,47.8,38,离线
2026年5月3日,3:02:29,1777748549,164166,12100414,5172,3137,71,47.8,38,离线
2026年5月3日,3:02:59,1777748579,164166,12100414,5172,3137,71,47.8,38,离线
2026年5月3日,3:03:29,1777748609,164166,12100414,5172,3137,71,47.8,38,离线
2026年5月3日,3:03:59,1777748639,164166,12100414,5172,3137,71,47.8,38,离线
2026年5月3日,3:04:29,1777748669,164166,12100414,5172,3137,71,47.8,38,离线
2026年5月3日,3:04:59,1777748699,164166,12100414,5172,3137,71,47.8,38,离线
2026年5月3日,3:05:29,1777748729,164166,12100414,5172,3137,71,47.8,38,离线
2026年5月3日,3:05:59,1777748759,164166,12100414,5172,3137,71,47.8,38,离线
2026年5月3日,3:06:29,1777748789,164166,12100414,5172,3137,71,47.8,38,离线
2026年5月3日,3:07:00,1777748820,164166,12100414,5172,3137,71,47.8,38,离线
2026年5月3日,3:07:29,1777748849,164166,12100414,5172,3137,71,47.8,38,离线
2026年5月3日,3:07:59,1777748879,164166,12100414,5172,3137,71,47.8,38,离线
2026年5月3日,3:08:30,1777748910,164166,12100414,5172,3137,71,47.8,38,离线
2026年5月3日,3:08:59,1777748939,164166,12100414,5172,3137,71,47.8,38,离线
2026年5月3日,3:09:29,1777748969,164166,12100414,5172,3137,71,47.8,38,离线
2026年5月3日,3:09:59,1777748999,164166,12100414,5172,3137,71,47.8,38,离线
2026年5月3日,3:10:29,1777749029,164166,12100414,5172,3137,71,47.8,38,离线
2026年5月3日,3:10:59,1777749059,164166,12100414,5172,3137,71,47.8,38,离线
2026年5月3日,3:11:29,1777749089,164166,12100414,5172,3137,71,47.8,38,离线
2026年5月3日,3:11:59,1777749119,164166,12100414,5172,3137,71,47.8,38,离线
2026年5月3日,3:12:30,1777749150,164166,12100414,5172,3137,71,47.8,38,离线
2026年5月3日,3:12:59,1777749179,164166,12100414,5172,3137,71,47.8,38,离线
2026年5月3日,3:13:29,1777749209,164166,12100414,5172,3137,71,47.8,38,离线
2026年5月3日,3:13:59,1777749239,164166,12100414,5172,3137,71,47.8,38,离线
2026年5月3日,3:14:29,1777749269,164166,12100414,5172,3137,71,47.8,38,离线
2026年5月3日,3:14:59,1777749299,164166,12100414,5172,3137,71,47.8,38,离线
2026年5月3日,3:15:29,1777749329,164166,12100414,5172,3137,71,47.8,38,离线
2026年5月3日,3:15:59,1777749359,164166,12100414,5172,3137,71,47.8,38,离线
2026年5月3日,3:16:29,1777749389,164166,12100414,5172,3137,71,47.8,38,离线
2026年5月3日,3:16:59,1777749419,164166,12100414,5172,3137,71,47.8,38,离线
2026年5月3日,3:17:29,1777749449,164166,12100414,5172,3137,71,47.8,38,离线
2026年5月3日,3:18:00,1777749480,164166,12100414,5172,3137,71,47.8,38,离线
2026年5月3日,3:18:29,1777749509,164166,12100414,5172,3137,71,47.8,38,离线
2026年5月3日,3:18:59,1777749539,164166,12100414,5172,3137,71,47.8,38,离线
2026年5月3日,3:19:29,1777749569,164166,12100414,5172,3137,71,47.8,38,离线
2026年5月3日,3:19:59,1777749599,164166,12100414,5172,3137,71,47.8,38,离线
2026年5月3日,3:20:29,1777749629,164166,12100414,5172,3137,71,47.8,38,离线
2026年5月3日,3:20:59,1777749659,164166,12100414,5172,3137,71,47.8,38,离线
2026年5月3日,3:21:29,1777749689,164166,12100414,5172,3137,71,47.8,38,离线
2026年5月3日,3:21:59,1777749719,164166,12100414,5172,3137,71,47.8,38,离线
2026年5月3日,3:22:29,1777749749,164166,12100414,5172,3137,71,47.8,38,离线
2026年5月3日,3:23:00,1777749780,164166,12100414,5172,3137,71,47.8,38,离线
2026年5月3日,3:23:30,1777749810,164166,12100414,5172,3137,71,47.8,38,离线
2026年5月3日,3:23:59,1777749839,164166,12100414,5172,3137,71,47.8,38,离线
2026年5月3日,3:24:29,1777749869,164166,12100414,5172,3137,71,47.8,38,离线
2026年5月3日,3:24:59,1777749899,164166,12100414,5172,3137,71,47.8,38,离线
2026年5月3日,3:25:29,1777749929,164166,12100414,5172,3137,71,47.8,38,离线
2026年5月3日,3:25:59,1777749959,164166,12100414,5172,3137,71,47.8,38,离线
2026年5月3日,3:26:29,1777749989,164166,12100414,5172,3137,71,47.8,38,离线
2026年5月3日,3:26:59,1777750019,164166,12100414,5172,3137,71,47.8,38,离线
2026年5月3日,3:27:29,1777750049,164166,12100414,5172,3137,71,47.8,38,离线
2026年5月3日,3:27:59,1777750079,164166,12100414,5172,3137,71,47.8,38,离线
2026年5月3日,3:28:29,1777750109,164166,12100414,5172,3137,71,47.8,38,离线
2026年5月3日,3:29:00,1777750140,164166,12100414,5172,3137,71,47.8,38,离线
2026年5月3日,3:29:29,1777750169,164166,12100414,5172,3137,71,47.8,38,离线
2026年5月3日,3:29:59,1777750199,164166,12100414,5172,3137,71,47.8,38,离线
2026年5月3日,3:30:29,1777750229,164166,12100414,5172,3137,71,47.8,38,离线
2026年5月3日,3:30:59,1777750259,164166,12100414,5172,3137,71,47.8,38,离线
2026年5月3日,3:31:29,1777750289,164166,12100414,5172,3137,71,47.8,38,离线
2026年5月3日,3:31:59,1777750319,164166,12100414,5172,3137,71,47.8,38,离线
2026年5月3日,3:32:29,1777750349,164166,12100414,5172,3137,71,47.8,38,离线
2026年5月3日,3:32:59,1777750379,164166,12100414,5172,3137,71,47.8,38,离线
2026年5月3日,3:33:29,1777750409,164166,12100414,5172,3137,71,47.8,38,离线
2026年5月3日,3:33:59,1777750439,164166,12100414,5172,3137,71,47.8,38,离线
2026年5月3日,3:34:30,1777750470,164166,12100414,5172,3137,71,47.8,38,离线
2026年5月3日,3:34:59,1777750499,164166,12100414,5172,3137,71,47.8,38,离线
2026年5月3日,3:35:29,1777750529,164166,12100414,5172,3137,71,47.8,38,离线
2026年5月3日,3:35:59,1777750559,164166,12100414,5172,3137,71,47.8,38,离线
2026年5月3日,3:36:29,1777750589,164166,12100414,5172,3137,71,47.8,38,离线
2026年5月3日,3:36:59,1777750619,164166,12100414,5172,3137,71,47.8,38,离线
2026年5月3日,3:37:29,1777750649,164166,12100414,5172,3137,71,47.8,38,离线
2026年5月3日,3:37:59,1777750679,164166,12100414,5172,3137,71,47.8,38,离线
2026年5月3日,3:38:29,1777750709,164166,12100414,5172,3137,71,47.8,38,离线
2026年5月3日,3:38:59,1777750739,164166,12100414,5172,3137,71,47.8,38,离线
2026年5月3日,3:39:30,1777750770,164166,12100414,5172,3137,71,47.8,38,离线
2026年5月3日,3:40:00,1777750800,164166,12100414,5172,3137,71,47.8,38,离线
2026年5月3日,3:40:29,1777750829,164166,12100414,5172,3137,71,47.8,38,离线
2026年5月3日,3:40:59,1777750859,164166,12100414,5172,3137,71,47.8,38,离线
2026年5月3日,3:41:29,1777750889,164166,12100414,5172,3137,71,47.8,38,离线
2026年5月3日,3:41:59,1777750919,164166,12100414,5172,3137,71,47.8,38,离线
2026年5月3日,3:42:29,1777750949,164166,12100414,5172,3137,71,47.8,38,离线
2026年5月3日,3:42:59,1777750979,164166,12100414,5172,3137,71,47.8,38,离线
2026年5月3日,3:43:29,1777751009,164166,12100414,5172,3137,71,47.8,38,离线
2026年5月3日,3:43:59,1777751039,164166,12100414,5172,3137,71,47.8,38,离线
2026年5月3日,3:44:29,1777751069,164166,12100414,5172,3137,71,47.8,38,离线
2026年5月3日,3:44:59,1777751099,164166,12100414,5172,3137,71,47.8,38,离线
2026年5月3日,3:45:30,1777751130,164166,12100414,5172,3137,71,47.8,38,离线
2026年5月3日,3:45:59,1777751159,164166,12100414,5172,3137,71,47.8,38,离线
2026年5月3日,3:46:29,1777751189,164166,12100414,5172,3137,71,47.8,38,离线
2026年5月3日,3:46:59,1777751219,164166,12100414,5172,3137,71,47.8,38,离线
2026年5月3日,3:47:29,1777751249,164166,12100414,5172,3137,71,47.8,38,离线
2026年5月3日,3:47:59,1777751279,164166,12100414,5172,3137,71,47.8,38,离线
2026年5月3日,3:48:29,1777751309,164166,12100414,5172,3137,71,47.8,38,离线
2026年5月3日,3:48:59,1777751339,164166,12100414,5172,3137,71,47.8,38,离线
2026年5月3日,3:49:29,1777751369,164166,12100414,5172,3137,71,47.8,38,离线
2026年5月3日,3:49:59,1777751399,164166,12100414,5172,3137,71,47.8,38,离线
2026年5月3日,3:50:29,1777751429,164166,12100414,5172,3137,71,47.8,38,离线
2026年5月3日,3:51:00,1777751460,164166,12100414,5172,3137,71,47.8,38,离线
2026年5月3日,3:51:29,1777751489,164166,12100414,5172,3137,71,47.8,38,离线
2026年5月3日,3:51:59,1777751519,164166,12100414,5172,3137,71,47.8,38,离线
2026年5月3日,3:52:29,1777751549,164166,12100414,5172,3137,71,47.8,38,离线
2026年5月3日,3:52:59,1777751579,164166,12100414,5172,3137,71,47.8,38,离线
2026年5月3日,3:53:29,1777751609,164166,12100414,5172,3137,71,47.8,38,离线
2026年5月3日,3:53:59,1777751639,164166,12100414,5172,3137,71,47.8,38,离线
2026年5月3日,3:54:29,1777751669,164166,12100414,5172,3137,71,47.8,38,离线
2026年5月3日,3:54:59,1777751699,164166,12100414,5172,3137,71,47.8,38,离线
2026年5月3日,3:55:29,1777751729,164166,12100414,5172,3137,71,47.8,38,离线
2026年5月3日,3:55:59,1777751759,164166,12100414,5172,3137,71,47.8,38,离线
2026年5月3日,3:56:30,1777751790,164166,12100414,5172,3137,71,47.8,38,离线
2026年5月3日,3:56:59,1777751819,164166,12100414,5172,3137,71,47.8,38,离线
2026年5月3日,3:57:29,1777751849,164166,12100414,5172,3137,71,47.8,38,离线
2026年5月3日,3:57:59,1777751879,164166,12100414,5172,3137,71,47.8,38,离线
2026年5月3日,3:58:29,1777751909,164166,12100414,5172,3137,71,47.8,38,离线
2026年5月3日,3:58:59,1777751939,164166,12100414,5172,3137,71,47.8,38,离线
2026年5月3日,3:59:29,1777751969,164166,12100414,5172,3137,71,47.8,38,离线
2026年5月3日,3:59:59,1777751999,164166,12100414,5172,3137,71,47.8,38,离线
2026年5月3日,4:00:29,1777752029,164166,12100414,5172,3137,71,47.8,38,离线
2026年5月3日,4:00:59,1777752059,164166,12100414,5172,3137,71,47.8,38,离线
2026年5月3日,4:01:29,1777752089,164166,12100414,5172,3137,71,47.8,38,离线
2026年5月3日,4:02:00,1777752120,164166,12100414,5172,3137,71,47.8,38,离线
2026年5月3日,4:02:29,1777752149,164166,12100414,5172,3137,71,47.8,38,离线
2026年5月3日,4:02:59,1777752179,164166,12100414,5172,3137,71,47.8,38,离线
2026年5月3日,4:03:29,1777752209,164166,12100414,5172,3137,71,47.8,38,离线
2026年5月3日,4:03:59,1777752239,164166,12100414,5172,3137,71,47.8,38,离线
2026年5月3日,4:04:29,1777752269,164166,12100414,5172,3137,71,47.8,38,离线
2026年5月3日,4:04:59,1777752299,164166,12100414,5172,3137,71,47.8,38,离线
2026年5月3日,4:05:29,1777752329,164166,12100414,5172,3137,71,47.8,38,离线
2026年5月3日,4:05:59,1777752359,164166,12100414,5172,3137,71,47.8,38,离线
2026年5月3日,4:06:29,1777752389,164166,12100414,5172,3137,71,47.8,38,离线
2026年5月3日,4:06:59,1777752419,164166,12100414,5172,3137,71,47.8,38,离线
2026年5月3日,4:07:30,1777752450,164166,12100414,5172,3137,71,47.8,38,离线
2026年5月3日,4:07:59,1777752479,164166,12100414,5172,3137,71,47.8,38,离线
2026年5月3日,4:08:29,1777752509,164166,12100414,5172,3137,71,47.8,38,离线
2026年5月3日,4:09:00,1777752540,164166,12100414,5172,3137,71,47.8,38,离线
2026年5月3日,4:09:29,1777752569,164166,12100414,5172,3137,71,47.8,38,离线
2026年5月3日,4:09:59,1777752599,164166,12100414,5172,3137,71,47.8,38,离线
2026年5月3日,4:10:29,1777752629,164166,12100414,5172,3137,71,47.8,38,离线
2026年5月3日,4:10:59,1777752659,164166,12100414,5172,3137,71,47.8,38,离线
2026年5月3日,4:11:29,1777752689,164166,12100414,5172,3137,71,47.8,38,离线
2026年5月3日,4:11:59,1777752719,164166,12100414,5172,3137,71,47.8,38,离线
2026年5月3日,4:12:29,1777752749,164166,12100414,5172,3137,71,47.8,38,离线
2026年5月3日,4:13:00,1777752780,164166,12100414,5172,3137,71,47.8,38,离线
2026年5月3日,4:13:29,1777752809,164166,12100414,5172,3137,71,47.8,38,离线
2026年5月3日,4:13:59,1777752839,164166,12100414,5172,3137,71,47.8,38,离线
2026年5月3日,4:14:29,1777752869,164166,12100414,5172,3137,71,47.8,38,离线
2026年5月3日,4:14:59,1777752899,164166,12100414,5172,3137,71,47.8,38,离线
2026年5月3日,4:15:29,1777752929,164166,12100414,5172,3137,71,47.8,38,离线
2026年5月3日,4:15:59,1777752959,164166,12100414,5172,3137,71,47.8,38,离线
2026年5月3日,4:16:29,1777752989,164166,12100414,5172,3137,71,47.8,38,离线
2026年5月3日,4:16:59,1777753019,164166,12100414,5172,3137,71,47.8,38,离线
2026年5月3日,4:17:29,1777753049,164166,12100414,5172,3137,71,47.8,38,离线
2026年5月3日,4:17:59,1777753079,164166,12100414,5172,3137,71,47.8,38,离线
2026年5月3日,4:18:30,1777753110,164166,12100414,5172,3137,71,47.8,38,离线
2026年5月3日,4:18:59,1777753139,164166,12100414,5172,3137,71,47.8,38,离线
2026年5月3日,4:19:29,1777753169,164166,12100414,5172,3137,71,47.8,38,离线
2026年5月3日,4:19:59,1777753199,164166,12100414,5172,3137,71,47.8,38,离线
2026年5月3日,4:20:29,1777753229,164166,12100414,5172,3137,71,47.8,38,离线
2026年5月3日,4:20:59,1777753259,164166,12100414,5172,3137,71,47.8,38,离线
2026年5月3日,4:21:29,1777753289,164166,12100414,5172,3137,71,47.8,38,离线
2026年5月3日,4:21:59,1777753319,164166,12100414,5172,3137,71,47.8,38,离线
2026年5月3日,4:22:29,1777753349,164166,12100414,5172,3137,71,47.8,38,离线
2026年5月3日,4:22:59,1777753379,164166,12100414,5172,3137,71,47.8,38,离线
2026年5月3日,4:23:29,1777753409,164166,12100414,5172,3137,71,47.8,38,离线
2026年5月3日,4:24:00,1777753440,164166,12100414,5172,3137,71,47.8,38,离线
2026年5月3日,4:24:29,1777753469,164166,12100414,5172,3137,71,47.8,38,离线
2026年5月3日,4:24:59,1777753499,164166,12100414,5172,3137,71,47.8,38,离线
2026年5月3日,4:25:29,1777753529,164166,12100414,5172,3137,71,47.8,38,离线
2026年5月3日,4:25:59,1777753559,164166,12100414,5172,3137,71,47.8,38,离线
2026年5月3日,4:26:29,1777753589,164166,12100414,5172,3137,71,47.8,38,离线
2026年5月3日,4:26:59,1777753619,164166,12100414,5172,3137,71,47.8,38,离线
2026年5月3日,4:27:29,1777753649,164166,12100414,5172,3137,71,47.8,38,离线
2026年5月3日,4:28:00,1777753680,164166,12100414,5172,3137,71,47.8,38,离线
2026年5月3日,4:28:29,1777753709,164166,12100414,5172,3137,71,47.8,38,离线
2026年5月3日,4:28:59,1777753739,164166,12100414,5172,3137,71,47.8,38,离线
2026年5月3日,4:29:30,1777753770,164166,12100414,5172,3137,71,47.8,38,离线
2026年5月3日,4:29:59,1777753799,164166,12100414,5172,3137,71,47.8,38,离线
2026年5月3日,4:30:29,1777753829,164166,12100414,5172,3137,71,47.8,38,离线
2026年5月3日,4:30:59,1777753859,164166,12100414,5172,3137,71,47.8,38,离线
2026年5月3日,4:31:29,1777753889,164166,12100414,5172,3137,71,47.8,38,离线
2026年5月3日,4:31:59,1777753919,164166,12100414,5172,3137,71,47.8,38,离线
2026年5月3日,4:32:29,1777753949,164166,12100414,5172,3137,71,47.8,38,离线
2026年5月3日,4:32:59,1777753979,164166,12100414,5172,3137,71,47.8,38,离线
2026年5月3日,4:33:29,1777754009,164166,12100414,5172,3137,71,47.8,38,离线
2026年5月3日,4:33:59,1777754039,164166,12100414,5172,3137,71,47.8,38,离线
2026年5月3日,4:34:29,1777754069,164166,12100414,5172,3137,71,47.8,38,离线
2026年5月3日,4:35:00,1777754100,164166,12100414,5172,3137,71,47.8,38,离线
2026年5月3日,4:35:29,1777754129,164166,12100414,5172,3137,71,47.8,38,离线
2026年5月3日,4:35:59,1777754159,164166,12100414,5172,3137,71,47.8,38,离线
2026年5月3日,4:36:29,1777754189,164166,12100414,5172,3137,71,47.8,38,离线
2026年5月3日,4:36:59,1777754219,164166,12100414,5172,3137,71,47.8,38,离线
2026年5月3日,4:37:29,1777754249,164166,12100414,5172,3137,71,47.8,38,离线
2026年5月3日,4:37:59,1777754279,164166,12100414,5172,3137,71,47.8,38,离线
2026年5月3日,4:38:29,1777754309,164166,12100414,5172,3137,71,47.8,38,离线
2026年5月3日,4:38:59,1777754339,164166,12100414,5172,3137,71,47.8,38,离线
2026年5月3日,4:39:29,1777754369,164166,12100414,5172,3137,71,47.8,38,离线
2026年5月3日,4:39:59,1777754399,164166,12100414,5172,3137,71,47.8,38,离线
2026年5月3日,4:40:30,1777754430,164166,12100414,5172,3137,71,47.8,38,离线
2026年5月3日,4:40:59,1777754459,164166,12100414,5172,3137,71,47.8,38,离线
2026年5月3日,4:41:29,1777754489,164166,12100414,5172,3137,71,47.8,38,离线
2026年5月3日,4:41:59,1777754519,164166,12100414,5172,3137,71,47.8,38,离线
2026年5月3日,4:42:29,1777754549,164166,12100414,5172,3137,71,47.8,38,离线
2026年5月3日,4:42:59,1777754579,164166,12100414,5172,3137,71,47.8,38,离线
2026年5月3日,4:43:29,1777754609,164166,12100414,5172,3137,71,47.8,38,离线
2026年5月3日,4:43:59,1777754639,164166,12100414,5172,3137,71,47.8,38,离线
2026年5月3日,4:44:29,1777754669,164166,12100414,5172,3137,71,47.8,38,离线
2026年5月3日,4:44:59,1777754699,164166,12100414,5172,3137,71,47.8,38,离线
2026年5月3日,4:45:29,1777754729,164166,12100414,5172,3137,71,47.8,38,离线
2026年5月3日,4:46:00,1777754760,164166,12100414,5172,3137,71,47.8,38,离线
2026年5月3日,4:46:29,1777754789,164166,12100414,5172,3137,71,47.8,38,离线
2026年5月3日,4:46:59,1777754819,164166,12100414,5172,3137,71,47.8,38,离线
2026年5月3日,4:47:29,1777754849,164166,12100414,5172,3137,71,47.8,38,离线
2026年5月3日,4:47:59,1777754879,164166,12100414,5172,3137,71,47.8,38,离线
2026年5月3日,4:48:29,1777754909,164166,12100414,5172,3137,71,47.8,38,离线
2026年5月3日,4:48:59,1777754939,164166,12100414,5172,3137,71,47.8,38,离线
2026年5月3日,4:49:29,1777754969,164166,12100414,5172,3137,71,47.8,38,离线
2026年5月3日,4:49:59,1777754999,164166,12100414,5172,3137,71,47.8,38,离线
2026年5月3日,4:50:29,1777755029,164166,12100414,5172,3137,71,47.8,38,离线
2026年5月3日,4:50:59,1777755059,164166,12100414,5172,3137,71,47.8,38,离线
2026年5月3日,4:51:30,1777755090,164166,12100414,5172,3137,71,47.8,38,离线
2026年5月3日,4:51:59,1777755119,164166,12100414,5172,3137,71,47.8,38,离线
2026年5月3日,4:52:29,1777755149,164166,12100414,5172,3137,71,47.8,38,离线
2026年5月3日,4:52:59,1777755179,164166,12100414,5172,3137,71,47.8,38,离线
2026年5月3日,4:53:29,1777755209,164166,12100414,5172,3137,71,47.8,38,离线
2026年5月3日,4:53:59,1777755239,164166,12100414,5172,3137,71,47.8,38,离线
2026年5月3日,4:54:29,1777755269,164166,12100414,5172,3137,71,47.8,38,离线
2026年5月3日,4:54:59,1777755299,164166,12100414,5172,3137,71,47.8,38,离线
2026年5月3日,4:55:33,1777755333,164166,12100414,5172,3137,71,47.8,38,离线
2026年5月3日,4:55:59,1777755359,164166,12100414,5172,3137,71,47.8,38,离线
2026年5月3日,4:56:30,1777755390,164166,12100414,5172,3137,71,47.8,38,离线
2026年5月3日,4:57:00,1777755420,164166,12100414,5172,3137,71,47.8,38,离线
2026年5月3日,4:57:29,1777755449,164166,12100414,5172,3137,71,47.8,38,离线
2026年5月3日,4:57:59,1777755479,164166,12100414,5172,3137,71,47.8,38,离线
2026年5月3日,4:58:29,1777755509,164166,12100414,5172,3137,71,47.8,38,离线
2026年5月3日,4:58:59,1777755539,164166,12100414,5172,3137,71,47.8,38,离线
2026年5月3日,4:59:29,1777755569,164166,12100414,5172,3137,71,47.8,38,离线
2026年5月3日,4:59:59,1777755599,164166,12100414,5172,3137,71,47.8,38,离线
2026年5月3日,5:00:29,1777755629,164166,12100414,5172,3137,71,47.8,38,离线
2026年5月3日,5:00:59,1777755659,164166,12100414,5172,3137,71,47.8,38,离线
2026年5月3日,5:01:29,1777755689,164166,12100414,5172,3137,71,47.8,38,离线
2026年5月3日,5:01:59,1777755719,164166,12100414,5172,3137,71,47.8,38,离线
2026年5月3日,5:02:30,1777755750,164166,12100414,5172,3137,71,47.8,38,离线
2026年5月3日,5:02:59,1777755779,164166,12100414,5172,3137,71,47.8,38,离线
2026年5月3日,5:03:29,1777755809,164166,12100414,5172,3137,71,47.8,38,离线
2026年5月3日,5:03:59,1777755839,164166,12100414,5172,3137,71,47.8,38,离线
2026年5月3日,5:04:29,1777755869,164166,12100414,5172,3137,71,47.8,38,离线
2026年5月3日,5:04:59,1777755899,164166,12100414,5172,3137,71,47.8,38,离线
2026年5月3日,5:05:29,1777755929,164166,12100414,5172,3137,71,47.8,38,离线
2026年5月3日,5:05:59,1777755959,164166,12100414,5172,3137,71,47.8,38,离线
2026年5月3日,5:06:29,1777755989,164166,12100414,5172,3137,71,47.8,38,离线
2026年5月3日,5:06:59,1777756019,164166,12100414,5172,3137,71,47.8,38,离线
2026年5月3日,5:07:29,1777756049,164166,12100414,5172,3137,71,47.8,38,离线
2026年5月3日,5:08:00,1777756080,164166,12100414,5172,3137,71,47.8,38,离线
2026年5月3日,5:08:29,1777756109,164166,12100414,5172,3137,71,47.8,38,离线
2026年5月3日,5:08:59,1777756139,164166,12100414,5172,3137,71,47.8,38,离线
2026年5月3日,5:09:29,1777756169,164166,12100414,5172,3137,71,47.8,38,离线
2026年5月3日,5:09:59,1777756199,164166,12100414,5172,3137,71,47.8,38,离线
2026年5月3日,5:10:29,1777756229,164166,12100414,5172,3137,71,47.8,38,离线
2026年5月3日,5:10:59,1777756259,164166,12100414,5172,3137,71,47.8,38,离线
2026年5月3日,5:11:29,1777756289,164166,12100414,5172,3137,71,47.8,38,离线
2026年5月3日,5:11:59,1777756319,164166,12100414,5172,3137,71,47.8,38,离线
2026年5月3日,5:12:29,1777756349,164166,12100414,5172,3137,71,47.8,38,离线
2026年5月3日,5:12:59,1777756379,164166,12100414,5172,3137,71,47.8,38,离线
2026年5月3日,5:13:30,1777756410,164166,12100414,5172,3137,71,47.8,38,离线
2026年5月3日,5:13:59,1777756439,164166,12100414,5172,3137,71,47.8,38,离线
2026年5月3日,5:14:29,1777756469,164166,12100414,5172,3137,71,47.8,38,离线
2026年5月3日,5:14:59,1777756499,164166,12100414,5172,3137,71,47.8,38,离线
2026年5月3日,5:15:29,1777756529,164166,12100414,5172,3137,71,47.8,38,离线
2026年5月3日,5:15:59,1777756559,164166,12100414,5172,3137,71,47.8,38,离线
2026年5月3日,5:16:29,1777756589,164166,12100414,5172,3137,71,47.8,38,离线
2026年5月3日,5:16:59,1777756619,164166,12100414,5172,3137,71,47.8,38,离线
2026年5月3日,5:17:29,1777756649,164166,12100414,5172,3137,71,47.8,38,离线
2026年5月3日,5:17:59,1777756679,164166,12100414,5172,3137,71,47.8,38,离线
2026年5月3日,5:18:29,1777756709,164166,12100414,5172,3137,71,47.8,38,离线
2026年5月3日,5:19:00,1777756740,164166,12100414,5172,3137,71,47.8,38,离线
2026年5月3日,5:19:29,1777756769,164166,12100414,5172,3137,71,47.8,38,离线
2026年5月3日,5:19:59,1777756799,164166,12100414,5172,3137,71,47.8,38,离线
2026年5月3日,5:20:29,1777756829,164166,12100414,5172,3137,71,47.8,38,离线
2026年5月3日,5:20:59,1777756859,164166,12100414,5172,3137,71,47.8,38,离线
2026年5月3日,5:21:29,1777756889,164166,12100414,5172,3137,71,47.8,38,离线
2026年5月3日,5:21:59,1777756919,164166,12100414,5172,3137,71,47.8,38,离线
2026年5月3日,5:22:30,1777756950,164166,12100414,5172,3137,71,47.8,38,离线
2026年5月3日,5:22:59,1777756979,164166,12100414,5172,3137,71,47.8,38,离线
2026年5月3日,5:23:29,1777757009,164166,12100414,5172,3137,71,47.8,38,离线
2026年5月3日,5:23:59,1777757039,164166,12100414,5172,3137,71,47.8,38,离线
2026年5月3日,5:24:30,1777757070,164166,12100414,5172,3137,71,47.8,38,离线
2026年5月3日,5:24:59,1777757099,164166,12100414,5172,3137,71,47.8,38,离线
2026年5月3日,5:25:29,1777757129,164166,12100414,5172,3137,71,47.8,38,离线
2026年5月3日,5:25:59,1777757159,164166,12100414,5172,3137,71,47.8,38,离线
2026年5月3日,5:26:29,1777757189,164166,12100414,5172,3137,71,47.8,38,离线
2026年5月3日,5:26:59,1777757219,164166,12100414,5172,3137,71,47.8,38,离线
2026年5月3日,5:27:29,1777757249,164166,12100414,5172,3137,71,47.8,38,离线
2026年5月3日,5:27:59,1777757279,164166,12100414,5172,3137,71,47.8,38,离线
2026年5月3日,5:28:29,1777757309,164166,12100414,5172,3137,71,47.8,38,离线
2026年5月3日,5:28:59,1777757339,164166,12100414,5172,3137,71,47.8,38,离线
2026年5月3日,5:29:29,1777757369,164166,12100414,5172,3137,71,47.8,38,离线
2026年5月3日,5:30:00,1777757400,164166,12100414,5172,3137,71,47.8,38,离线
2026年5月3日,5:30:29,1777757429,164166,12100414,5172,3137,71,47.8,38,离线
2026年5月3日,5:30:59,1777757459,164166,12100414,5172,3137,71,47.8,38,离线
2026年5月3日,5:31:29,1777757489,164166,12100414,5172,3137,71,47.8,38,离线
2026年5月3日,5:31:59,1777757519,164166,12100414,5172,3137,71,47.8,38,离线
2026年5月3日,5:32:29,1777757549,164166,12100414,5172,3137,71,47.8,38,离线
2026年5月3日,5:32:59,1777757579,164166,12100414,5172,3137,71,47.8,38,离线
2026年5月3日,5:33:29,1777757609,164166,12100414,5172,3137,71,47.8,38,离线
2026年5月3日,5:33:59,1777757639,164166,12100414,5172,3137,71,47.8,38,离线
2026年5月3日,5:34:29,1777757669,164166,12100414,5172,3137,71,47.8,38,离线
2026年5月3日,5:34:59,1777757699,164166,12100414,5172,3137,71,47.8,38,离线
2026年5月3日,5:35:30,1777757730,164166,12100414,5172,3137,71,47.8,38,离线
2026年5月3日,5:35:59,1777757759,164166,12100414,5172,3137,71,47.8,38,离线
2026年5月3日,5:36:29,1777757789,164166,12100414,5172,3137,71,47.8,38,离线
2026年5月3日,5:36:59,1777757819,164166,12100414,5172,3137,71,47.8,38,离线
2026年5月3日,5:37:29,1777757849,164166,12100414,5172,3137,71,47.8,38,离线
2026年5月3日,5:37:59,1777757879,164166,12100414,5172,3137,71,47.8,38,离线
2026年5月3日,5:38:29,1777757909,164166,12100414,5172,3137,71,47.8,38,离线
2026年5月3日,5:38:59,1777757939,164166,12100414,5172,3137,71,47.8,38,离线
2026年5月3日,5:39:29,1777757969,164166,12100414,5172,3137,71,47.8,38,离线
2026年5月3日,5:39:59,1777757999,164166,12100414,5172,3137,71,47.8,38,离线
2026年5月3日,5:40:29,1777758029,164166,12100414,5172,3137,71,47.8,38,离线
2026年5月3日,5:41:00,1777758060,164166,12100414,5172,3137,71,47.8,38,离线
2026年5月3日,5:41:29,1777758089,164166,12100414,5172,3137,71,47.8,38,离线
2026年5月3日,5:41:59,1777758119,164166,12100414,5172,3137,71,47.8,38,离线
2026年5月3日,5:42:29,1777758149,164166,12100414,5172,3137,71,47.8,38,离线
2026年5月3日,5:42:59,1777758179,164166,12100414,5172,3137,71,47.8,38,离线
2026年5月3日,5:43:29,1777758209,164166,12100414,5172,3137,71,47.8,38,离线
2026年5月3日,5:43:59,1777758239,164166,12100414,5172,3137,71,47.8,38,离线
2026年5月3日,5:44:29,1777758269,164166,12100414,5172,3137,71,47.8,38,离线
2026年5月3日,5:44:59,1777758299,164166,12100414,5172,3137,71,47.8,38,离线
2026年5月3日,5:45:29,1777758329,164166,12100414,5172,3137,71,47.8,38,离线
2026年5月3日,5:45:59,1777758359,164166,12100414,5172,3137,71,47.8,38,离线
2026年5月3日,5:46:30,1777758390,164166,12100414,5172,3137,71,47.8,38,离线
2026年5月3日,5:46:59,1777758419,164166,12100414,5172,3137,71,47.8,38,离线
2026年5月3日,5:47:29,1777758449,164166,12100414,5172,3137,71,47.8,38,离线
2026年5月3日,5:47:59,1777758479,164166,12100414,5172,3137,71,47.8,38,离线
2026年5月3日,5:48:29,1777758509,164166,12100414,5172,3137,71,47.8,38,离线
2026年5月3日,5:48:59,1777758539,164166,12100414,5172,3137,71,47.8,38,离线
2026年5月3日,5:49:29,1777758569,164166,12100414,5172,3137,71,47.8,38,离线
2026年5月3日,5:49:59,1777758599,164166,12100414,5172,3137,71,47.8,38,离线
2026年5月3日,5:50:29,1777758629,164166,12100414,5172,3137,71,47.8,38,离线
2026年5月3日,5:50:59,1777758659,164166,12100414,5172,3137,71,47.8,38,离线
2026年5月3日,5:51:29,1777758689,164166,12100414,5172,3137,71,47.8,38,离线
2026年5月3日,5:52:00,1777758720,164166,12100414,5172,3137,71,47.8,38,离线
2026年5月3日,5:52:29,1777758749,164166,12100414,5172,3137,71,47.8,38,离线
2026年5月3日,5:52:59,1777758779,164166,12100414,5172,3137,71,47.8,38,离线
2026年5月3日,5:53:29,1777758809,164166,12100414,5172,3137,71,47.8,38,离线
2026年5月3日,5:53:59,1777758839,164166,12100414,5172,3137,71,47.8,38,离线
2026年5月3日,5:54:29,1777758869,164166,12100414,5172,3137,71,47.8,38,离线
2026年5月3日,5:54:59,1777758899,164166,12100414,5172,3137,71,47.8,38,离线
2026年5月3日,5:55:29,1777758929,164166,12100414,5172,3137,71,47.8,38,离线
2026年5月3日,5:55:59,1777758959,164166,12100414,5172,3137,71,47.8,38,离线
2026年5月3日,5:56:29,1777758989,164166,12100414,5172,3137,71,47.8,38,离线
2026年5月3日,5:56:59,1777759019,164166,12100414,5172,3137,71,47.8,38,离线
2026年5月3日,5:57:30,1777759050,164166,12100414,5172,3137,71,47.8,38,离线
2026年5月3日,5:57:59,1777759079,164166,12100414,5172,3137,71,47.8,38,离线
2026年5月3日,5:58:29,1777759109,164166,12100414,5172,3137,71,47.8,38,离线
2026年5月3日,5:58:59,1777759139,164166,12100414,5172,3137,71,47.8,38,离线
2026年5月3日,5:59:29,1777759169,164166,12100414,5172,3137,71,47.8,38,离线
2026年5月3日,5:59:59,1777759199,164166,12100414,5172,3137,71,47.8,38,离线
2026年5月3日,6:00:29,1777759229,164166,12100414,5172,3137,71,47.8,38,离线
2026年5月3日,6:00:59,1777759259,164166,12100414,5172,3137,71,47.8,38,离线
2026年5月3日,6:01:29,1777759289,164166,12100414,5172,3137,71,47.8,38,离线
2026年5月3日,6:01:59,1777759319,164166,12100414,5172,3137,71,47.8,38,离线
2026年5月3日,6:02:29,1777759349,164166,12100414,5172,3137,71,47.8,38,离线
2026年5月3日,6:03:00,1777759380,164166,12100414,5172,3137,71,47.8,38,离线
2026年5月3日,6:03:29,1777759409,164166,12100414,5172,3137,71,47.8,38,离线
2026年5月3日,6:03:59,1777759439,164166,12100414,5172,3137,71,47.8,38,离线
2026年5月3日,6:04:29,1777759469,164166,12100414,5172,3137,71,47.8,38,离线
2026年5月3日,6:04:59,1777759499,164166,12100414,5172,3137,71,47.8,38,离线
2026年5月3日,6:05:29,1777759529,164166,12100414,5172,3137,71,47.8,38,离线
2026年5月3日,6:05:59,1777759559,164166,12100414,5172,3137,71,47.8,38,离线
2026年5月3日,6:06:29,1777759589,164166,12100414,5172,3137,71,47.8,38,离线
2026年5月3日,6:06:59,1777759619,164166,12100414,5172,3137,71,47.8,38,离线
2026年5月3日,6:07:29,1777759649,164166,12100414,5172,3137,71,47.8,38,离线
2026年5月3日,6:07:59,1777759679,164166,12100414,5172,3137,71,47.8,38,离线
2026年5月3日,6:08:29,1777759709,164166,12100414,5172,3137,71,47.8,38,离线
2026年5月3日,6:08:59,1777759739,164166,12100414,5172,3137,71,47.8,38,离线
2026年5月3日,6:09:29,1777759769,164166,12100414,5172,3137,71,47.8,38,离线
2026年5月3日,6:09:59,1777759799,164166,12100414,5172,3137,71,47.8,38,离线
2026年5月3日,6:10:29,1777759829,164166,12100414,5172,3137,71,47.8,38,离线
2026年5月3日,6:10:59,1777759859,164166,12100414,5172,3137,71,47.8,38,离线
2026年5月3日,6:11:29,1777759889,164166,12100414,5172,3137,71,47.8,38,离线
2026年5月3日,6:11:59,1777759919,164166,12100414,5172,3137,71,47.8,38,离线
2026年5月3日,6:12:29,1777759949,164166,12100414,5172,3137,71,47.8,38,离线
2026年5月3日,6:12:59,1777759979,164166,12100414,5172,3137,71,47.8,38,离线
2026年5月3日,6:13:29,1777760009,164166,12100414,5172,3137,71,47.8,38,离线
2026年5月3日,6:14:00,1777760040,164166,12100414,5172,3137,71,47.8,38,离线
2026年5月3日,6:14:29,1777760069,164166,12100414,5172,3137,71,47.8,38,离线
2026年5月3日,6:14:59,1777760099,164166,12100414,5172,3137,71,47.8,38,离线
2026年5月3日,6:15:29,1777760129,164166,12100414,5172,3137,71,47.8,38,离线
2026年5月3日,6:15:59,1777760159,164166,12100414,5172,3137,71,47.8,38,离线
2026年5月3日,6:16:29,1777760189,164166,12100414,5172,3137,71,47.8,38,离线
2026年5月3日,6:16:59,1777760219,164166,12100414,5172,3137,71,47.8,38,离线
2026年5月3日,6:17:29,1777760249,164166,12100414,5172,3137,71,47.8,38,离线
2026年5月3日,6:17:59,1777760279,164166,12100414,5172,3137,71,47.8,38,离线
2026年5月3日,6:18:29,1777760309,164166,12100414,5172,3137,71,47.8,38,离线
2026年5月3日,6:18:59,1777760339,164166,12100414,5172,3137,71,47.8,38,离线
2026年5月3日,6:19:30,1777760370,164166,12100414,5172,3137,71,47.8,38,离线
2026年5月3日,6:19:59,1777760399,164166,12100414,5172,3137,71,47.8,38,离线
2026年5月3日,6:20:29,1777760429,164166,12100414,5172,3137,71,47.8,38,离线
2026年5月3日,6:20:59,1777760459,164166,12100414,5172,3137,71,47.8,38,离线
2026年5月3日,6:21:29,1777760489,164166,12100414,5172,3137,71,47.8,38,离线
2026年5月3日,6:21:59,1777760519,164166,12100414,5172,3137,71,47.8,38,离线
2026年5月3日,6:22:29,1777760549,164166,12100414,5172,3137,71,47.8,38,离线
2026年5月3日,6:22:59,1777760579,164166,12100414,5172,3137,71,47.8,38,离线
2026年5月3日,6:23:29,1777760609,164166,12100414,5172,3137,71,47.8,38,离线
2026年5月3日,6:23:59,1777760639,164166,12100414,5172,3137,71,47.8,38,离线
2026年5月3日,6:24:29,1777760669,164166,12100414,5172,3137,71,47.8,38,离线
2026年5月3日,6:25:00,1777760700,164166,12100414,5172,3137,71,47.8,38,离线
2026年5月3日,6:25:29,1777760729,164166,12100414,5172,3137,71,47.8,38,离线
2026年5月3日,6:25:59,1777760759,164166,12100414,5172,3137,71,47.8,38,离线
2026年5月3日,6:26:29,1777760789,164166,12100414,5172,3137,71,47.8,38,离线
2026年5月3日,6:26:59,1777760819,164166,12100414,5172,3137,71,47.8,38,离线
2026年5月3日,6:27:29,1777760849,164166,12100414,5172,3137,71,47.8,38,离线
2026年5月3日,6:27:59,1777760879,164166,12100414,5172,3137,71,47.8,38,离线
2026年5月3日,6:28:29,1777760909,164166,12100414,5172,3137,71,47.8,38,离线
2026年5月3日,6:28:59,1777760939,164166,12100414,5172,3137,71,47.8,38,离线
2026年5月3日,6:29:29,1777760969,164166,12100414,5172,3137,71,47.8,38,离线
2026年5月3日,6:29:59,1777760999,164166,12100414,5172,3137,71,47.8,38,离线
2026年5月3日,6:30:29,1777761029,164166,12100414,5172,3137,71,47.8,38,离线
2026年5月3日,6:30:59,1777761059,164166,12100414,5172,3137,71,47.8,38,离线
2026年5月3日,6:31:29,1777761089,164166,12100414,5172,3137,71,47.8,38,离线
2026年5月3日,6:31:59,1777761119,164166,12100414,5172,3137,71,47.8,38,离线
2026年5月3日,6:32:29,1777761149,164166,12100414,5172,3137,71,47.8,38,离线
2026年5月3日,6:32:59,1777761179,164166,12100414,5172,3137,71,47.8,38,离线
2026年5月3日,6:33:29,1777761209,164166,12100414,5172,3137,71,47.8,38,离线
2026年5月3日,6:33:59,1777761239,164166,12100414,5172,3137,71,47.8,38,离线
2026年5月3日,6:34:29,1777761269,164166,12100414,5172,3137,71,47.8,38,离线
2026年5月3日,6:34:59,1777761299,164166,12100414,5172,3137,71,47.8,38,离线
2026年5月3日,6:35:29,1777761329,164166,12100414,5172,3137,71,47.8,38,离线
2026年5月3日,6:35:59,1777761359,164166,12100414,5172,3137,71,47.8,38,离线
2026年5月3日,6:36:29,1777761389,164166,12100414,5172,3137,71,47.8,38,离线
2026年5月3日,6:36:59,1777761419,164166,12100414,5172,3137,71,47.8,38,离线
2026年5月3日,6:37:29,1777761449,164166,12100414,5172,3137,71,47.8,38,离线
2026年5月3日,6:37:59,1777761479,164166,12100414,5172,3137,71,47.8,38,离线
2026年5月3日,6:38:29,1777761509,164166,12100414,5172,3137,71,47.8,38,离线
2026年5月3日,6:38:59,1777761539,164166,12100414,5172,3137,71,47.8,38,离线
2026年5月3日,6:39:29,1777761569,164166,12100414,5172,3137,71,47.8,38,离线
2026年5月3日,6:39:59,1777761599,164166,12100414,5172,3137,71,47.8,38,离线
2026年5月3日,6:40:29,1777761629,164166,12100414,5172,3137,71,47.8,38,离线
2026年5月3日,6:40:59,1777761659,164166,12100414,5172,3137,71,47.8,38,离线
2026年5月3日,6:41:30,1777761690,164166,12100414,5172,3137,71,47.8,38,离线
2026年5月3日,6:41:59,1777761719,164166,12100414,5172,3137,71,47.8,38,离线
2026年5月3日,6:42:29,1777761749,164166,12100414,5172,3137,71,47.8,38,离线
2026年5月3日,6:42:59,1777761779,164166,12100414,5172,3137,71,47.8,38,离线
2026年5月3日,6:43:29,1777761809,164166,12100414,5172,3137,71,47.8,38,离线
2026年5月3日,6:43:59,1777761839,164166,12100414,5172,3137,71,47.8,38,离线
2026年5月3日,6:44:29,1777761869,164166,12100414,5172,3137,71,47.8,38,离线
2026年5月3日,6:44:59,1777761899,164166,12100414,5172,3137,71,47.8,38,离线
2026年5月3日,6:45:29,1777761929,164166,12100414,5172,3137,71,47.8,38,离线
2026年5月3日,6:45:59,1777761959,164166,12100414,5172,3137,71,47.8,38,离线
2026年5月3日,6:46:29,1777761989,164166,12100414,5172,3137,71,47.8,38,离线
2026年5月3日,6:47:00,1777762020,164166,12100414,5172,3137,71,47.8,38,离线
2026年5月3日,6:47:29,1777762049,164166,12100414,5172,3137,71,47.8,38,离线
2026年5月3日,6:47:59,1777762079,164166,12100414,5172,3137,71,47.8,38,离线
2026年5月3日,6:48:29,1777762109,164166,12100414,5172,3137,71,47.8,38,离线
2026年5月3日,6:48:59,1777762139,164166,12100414,5172,3137,71,47.8,38,离线
2026年5月3日,6:49:29,1777762169,164166,12100414,5172,3137,71,47.8,38,离线
2026年5月3日,6:49:59,1777762199,164166,12100414,5172,3137,71,47.8,38,离线
2026年5月3日,6:50:29,1777762229,164166,12100414,5172,3137,71,47.8,38,离线
2026年5月3日,6:50:59,1777762259,164166,12100414,5172,3137,71,47.8,38,离线
2026年5月3日,6:51:29,1777762289,164166,12100414,5172,3137,71,47.8,38,离线
2026年5月3日,6:51:59,1777762319,164166,12100414,5172,3137,71,47.8,38,离线
2026年5月3日,6:52:29,1777762349,164166,12100414,5172,3137,71,47.8,38,离线
2026年5月3日,6:52:59,1777762379,164166,12100414,5172,3137,71,47.8,38,离线
2026年5月3日,6:53:29,1777762409,164166,12100414,5172,3137,71,47.8,38,离线
2026年5月3日,6:53:59,1777762439,164166,12100414,5172,3137,71,47.8,38,离线
2026年5月3日,6:54:29,1777762469,164166,12100414,5172,3137,71,47.8,38,离线
2026年5月3日,6:54:59,1777762499,164166,12100414,5172,3137,71,47.8,38,离线
2026年5月3日,6:55:29,1777762529,164166,12100414,5172,3137,71,47.8,38,离线
2026年5月3日,6:55:59,1777762559,164166,12100414,5172,3137,71,47.8,38,离线
2026年5月3日,6:56:29,1777762589,164166,12100414,5172,3137,71,47.8,38,离线
2026年5月3日,6:56:59,1777762619,164166,12100414,5172,3137,71,47.8,38,离线
2026年5月3日,6:57:29,1777762649,164166,12100414,5172,3137,71,47.8,38,离线
2026年5月3日,6:57:59,1777762679,164166,12100414,5172,3137,71,47.8,38,离线
2026年5月3日,6:58:29,1777762709,164166,12100414,5172,3137,71,47.8,38,离线
2026年5月3日,6:58:59,1777762739,164166,12100414,5172,3137,71,47.8,38,离线
2026年5月3日,6:59:29,1777762769,164166,12100414,5172,3137,71,47.8,38,离线
2026年5月3日,6:59:59,1777762799,164166,12100414,5172,3137,71,47.8,38,离线
2026年5月3日,7:00:29,1777762829,164166,12100414,5172,3137,71,47.8,38,离线
2026年5月3日,7:00:59,1777762859,164166,12100414,5172,3137,71,47.8,38,离线
2026年5月3日,7:01:29,1777762889,164166,12100414,5172,3137,71,47.8,38,离线
2026年5月3日,7:01:59,1777762919,164166,12100414,5172,3137,71,47.8,38,离线
2026年5月3日,7:02:29,1777762949,164166,12100414,5172,3137,71,47.8,38,离线
2026年5月3日,7:02:59,1777762979,164166,12100414,5172,3137,71,47.8,38,离线
2026年5月3日,7:03:29,1777763009,164166,12100414,5172,3137,71,47.8,38,离线
2026年5月3日,7:03:59,1777763039,164166,12100414,5172,3137,71,47.8,38,离线
2026年5月3日,7:04:29,1777763069,164166,12100414,5172,3137,71,47.8,38,离线
2026年5月3日,7:04:59,1777763099,164166,12100414,5172,3137,71,47.8,38,离线
2026年5月3日,7:05:29,1777763129,164166,12100414,5172,3137,71,47.8,38,离线
2026年5月3日,7:05:59,1777763159,164166,12100414,5172,3137,71,47.8,38,离线
2026年5月3日,7:06:29,1777763189,164166,12100414,5172,3137,71,47.8,38,离线
2026年5月3日,7:06:59,1777763219,164166,12100414,5172,3137,71,47.8,38,离线
2026年5月3日,7:07:29,1777763249,164166,12100414,5172,3137,71,47.8,38,离线
2026年5月3日,7:07:59,1777763279,164166,12100414,5172,3137,71,47.8,38,离线
2026年5月3日,7:08:29,1777763309,164166,12100414,5172,3137,71,47.8,38,离线
2026年5月3日,7:08:59,1777763339,164166,12100414,5172,3137,71,47.8,38,离线
2026年5月3日,7:09:29,1777763369,164166,12100414,5172,3137,71,47.8,38,离线
2026年5月3日,7:09:59,1777763399,164166,12100414,5172,3137,71,47.8,38,离线
2026年5月3日,7:10:29,1777763429,164166,12100414,5172,3137,71,47.8,38,离线
2026年5月3日,7:10:59,1777763459,164166,12100414,5172,3137,71,47.8,38,离线
2026年5月3日,7:11:29,1777763489,164166,12100414,5172,3137,71,47.8,38,离线
2026年5月3日,7:11:59,1777763519,164166,12100414,5172,3137,71,47.8,38,离线
2026年5月3日,7:12:29,1777763549,164166,12100414,5172,3137,71,47.8,38,离线
2026年5月3日,7:12:59,1777763579,164166,12100414,5172,3137,71,47.8,38,离线
2026年5月3日,7:13:29,1777763609,164166,12100414,5172,3137,71,47.8,38,离线
2026年5月3日,7:13:59,1777763639,164166,12100414,5172,3137,71,47.8,38,离线
2026年5月3日,7:14:29,1777763669,164166,12100414,5172,3137,71,47.8,38,离线
2026年5月3日,7:14:59,1777763699,164166,12100414,5172,3137,71,47.8,38,离线
2026年5月3日,7:15:29,1777763729,164166,12100414,5172,3137,71,47.8,38,离线
2026年5月3日,7:15:59,1777763759,164166,12100414,5172,3137,71,47.8,38,离线
2026年5月3日,7:16:29,1777763789,164166,12100414,5172,3137,71,47.8,38,离线
2026年5月3日,7:16:59,1777763819,164166,12100414,5172,3137,71,47.8,38,离线
2026年5月3日,7:17:29,1777763849,164166,12100414,5172,3137,71,47.8,38,离线
2026年5月3日,7:18:01,1777763881,164166,12100414,5172,3137,71,47.8,38,离线
2026年5月3日,7:18:29,1777763909,164166,12100414,5172,3137,71,47.8,38,离线
2026年5月3日,7:19:00,1777763940,164166,12100414,5172,3137,71,47.8,38,离线
2026年5月3日,7:19:30,1777763970,164166,12100414,5172,3137,71,47.8,38,离线
2026年5月3日,7:20:01,1777764001,164166,12100414,5172,3137,71,47.8,38,离线
2026年5月3日,7:20:29,1777764029,164166,12100414,5172,3137,71,47.8,38,离线
2026年5月3日,7:20:59,1777764059,164166,12100414,5172,3137,71,47.8,38,离线
2026年5月3日,7:21:29,1777764089,164166,12100414,5172,3137,71,47.8,38,离线
2026年5月3日,7:21:59,1777764119,164166,12100414,5172,3137,71,47.8,38,离线
2026年5月3日,7:22:29,1777764149,164166,12100414,5172,3137,71,47.8,38,离线
2026年5月3日,7:22:59,1777764179,164166,12100414,5172,3137,71,47.8,38,离线
2026年5月3日,7:23:29,1777764209,164166,12100414,5172,3137,71,47.8,38,离线
2026年5月3日,7:23:59,1777764239,164166,12100414,5172,3137,71,47.8,38,离线
2026年5月3日,7:24:29,1777764269,164166,12100414,5172,3137,71,47.8,38,离线
2026年5月3日,7:24:59,1777764299,164166,12100414,5172,3137,71,47.8,38,离线
2026年5月3日,7:25:29,1777764329,164166,12100414,5172,3137,71,47.8,38,离线
2026年5月3日,7:25:59,1777764359,164166,12100414,5172,3137,71,47.8,38,离线
2026年5月3日,7:26:29,1777764389,164166,12100414,5172,3137,71,47.8,38,离线
2026年5月3日,7:26:59,1777764419,164166,12100414,5172,3137,71,47.8,38,离线
2026年5月3日,7:27:29,1777764449,164166,12100414,5172,3137,71,47.8,38,离线
2026年5月3日,7:27:59,1777764479,164166,12100414,5172,3137,71,47.8,38,离线
2026年5月3日,7:28:29,1777764509,164166,12100414,5172,3137,71,47.8,38,离线
2026年5月3日,7:28:59,1777764539,164166,12100414,5172,3137,71,47.8,38,离线
2026年5月3日,7:29:29,1777764569,164166,12100414,5172,3137,71,47.8,38,离线
2026年5月3日,7:29:59,1777764599,164166,12100414,5172,3137,71,47.8,38,离线
2026年5月3日,7:30:29,1777764629,164166,12100414,5172,3137,71,47.8,38,离线
2026年5月3日,7:30:59,1777764659,164166,12100414,5172,3137,71,47.8,38,离线
2026年5月3日,7:31:29,1777764689,164166,12100414,5172,3137,71,47.8,38,离线
2026年5月3日,7:31:59,1777764719,164166,12100414,5172,3137,71,47.8,38,离线
2026年5月3日,7:32:29,1777764749,164166,12100414,5172,3137,71,47.8,38,离线
2026年5月3日,7:32:59,1777764779,164166,12100414,5172,3137,71,47.8,38,离线
2026年5月3日,7:33:29,1777764809,164166,12100414,5172,3137,71,47.8,38,离线
2026年5月3日,7:33:59,1777764839,164166,12100414,5172,3137,71,47.8,38,离线
2026年5月3日,7:34:29,1777764869,164166,12100414,5172,3137,71,47.8,38,离线
2026年5月3日,7:34:59,1777764899,164166,12100414,5172,3137,71,47.8,38,离线
2026年5月3日,7:35:29,1777764929,164166,12100414,5172,3137,71,47.8,38,离线
2026年5月3日,7:36:00,1777764960,164166,12100414,5172,3137,71,47.8,38,离线
2026年5月3日,7:36:29,1777764989,164166,12100414,5172,3137,71,47.8,38,离线
2026年5月3日,7:36:59,1777765019,164166,12100414,5172,3137,71,47.8,38,离线
2026年5月3日,7:37:29,1777765049,164166,12100414,5172,3137,71,47.8,38,离线
2026年5月3日,7:37:59,1777765079,164166,12100414,5172,3137,71,47.8,38,离线
2026年5月3日,7:38:29,1777765109,164166,12100414,5172,3137,71,47.8,38,离线
2026年5月3日,7:38:59,1777765139,164166,12100414,5172,3137,71,47.8,38,离线
2026年5月3日,7:39:29,1777765169,164166,12100414,5172,3137,71,47.8,38,离线
2026年5月3日,7:39:59,1777765199,164166,12100414,5172,3137,71,47.8,38,离线
2026年5月3日,7:40:29,1777765229,164166,12100414,5172,3137,71,47.8,38,离线
2026年5月3日,7:40:59,1777765259,164166,12100414,5172,3137,71,47.8,38,离线
2026年5月3日,7:41:30,1777765290,164166,12100414,5172,3137,71,47.8,38,离线
2026年5月3日,7:41:59,1777765319,164166,12100414,5172,3137,71,47.8,38,离线
2026年5月3日,7:42:29,1777765349,164166,12100414,5172,3137,71,47.8,38,离线
2026年5月3日,7:42:59,1777765379,164166,12100414,5172,3137,71,47.8,38,离线
2026年5月3日,7:43:29,1777765409,164166,12100414,5172,3137,71,47.8,38,离线
2026年5月3日,7:43:59,1777765439,164166,12100414,5172,3137,71,47.8,38,离线
2026年5月3日,7:44:29,1777765469,164166,12100414,5172,3137,71,47.8,38,离线
2026年5月3日,7:44:59,1777765499,164166,12100414,5172,3137,71,47.8,38,离线
2026年5月3日,7:45:29,1777765529,164166,12100414,5172,3137,71,47.8,38,离线
2026年5月3日,7:45:59,1777765559,164166,12100414,5172,3137,71,47.8,38,离线
2026年5月3日,7:46:29,1777765589,164166,12100414,5172,3137,71,47.8,38,离线
2026年5月3日,7:46:59,1777765619,164166,12100414,5172,3137,71,47.8,38,离线
2026年5月3日,7:47:29,1777765649,164166,12100414,5172,3137,71,47.8,38,离线
2026年5月3日,7:47:59,1777765679,164166,12100414,5172,3137,71,47.8,38,离线
2026年5月3日,7:48:29,1777765709,164166,12100414,5172,3137,71,47.8,38,离线
2026年5月3日,7:48:59,1777765739,164166,12100414,5172,3137,71,47.8,38,离线
2026年5月3日,7:49:29,1777765769,164166,12100414,5172,3137,71,47.8,38,离线
2026年5月3日,7:49:59,1777765799,164166,12100414,5172,3137,71,47.8,38,离线
2026年5月3日,7:50:29,1777765829,164166,12100414,5172,3137,71,47.8,38,离线
2026年5月3日,7:50:59,1777765859,164166,12100414,5172,3137,71,47.8,38,离线
2026年5月3日,7:51:29,1777765889,164166,12100414,5172,3137,71,47.8,38,离线
2026年5月3日,7:51:59,1777765919,164166,12100414,5172,3137,71,47.8,38,离线
2026年5月3日,7:52:29,1777765949,164166,12100414,5172,3137,71,47.8,38,离线
2026年5月3日,7:52:59,1777765979,164166,12100414,5172,3137,71,47.8,38,离线
2026年5月3日,7:53:29,1777766009,164166,12100414,5172,3137,71,47.8,38,离线
2026年5月3日,7:53:59,1777766039,164166,12100414,5172,3137,71,47.8,38,离线
2026年5月3日,7:54:29,1777766069,164166,12100414,5172,3137,71,47.8,38,离线
2026年5月3日,7:54:59,1777766099,164166,12100414,5172,3137,71,47.8,38,离线
2026年5月3日,7:55:29,1777766129,164166,12100414,5172,3137,71,47.8,38,离线
2026年5月3日,7:55:59,1777766159,164166,12100414,5172,3137,71,47.8,38,离线
2026年5月3日,7:56:29,1777766189,164166,12100414,5172,3137,71,47.8,38,离线
2026年5月3日,7:56:59,1777766219,164166,12100414,5172,3137,71,47.8,38,离线
2026年5月3日,7:57:29,1777766249,164166,12100414,5172,3137,71,47.8,38,离线
2026年5月3日,7:57:59,1777766279,164166,12100414,5172,3137,71,47.8,38,离线
2026年5月3日,7:58:29,1777766309,164166,12100414,5172,3137,71,47.8,38,离线
2026年5月3日,7:58:59,1777766339,164166,12100414,5172,3137,71,47.8,38,离线
2026年5月3日,7:59:29,1777766369,164166,12100414,5172,3137,71,47.8,38,离线
2026年5月3日,7:59:59,1777766399,164166,12100414,5172,3137,71,47.8,38,离线
2026年5月3日,8:00:29,1777766429,164166,12100414,5172,3137,71,47.8,38,离线
2026年5月3日,8:00:59,1777766459,164166,12100414,5172,3137,71,47.8,38,离线
2026年5月3日,8:01:29,1777766489,164166,12100414,5172,3137,71,47.8,38,离线
2026年5月3日,8:01:59,1777766519,164166,12100414,5172,3137,71,47.8,38,离线
2026年5月3日,8:02:29,1777766549,164166,12100414,5172,3137,71,47.8,38,离线
2026年5月3日,8:02:59,1777766579,164166,12100414,5172,3137,71,47.8,38,离线
2026年5月3日,8:03:29,1777766609,164166,12100414,5172,3137,71,47.8,38,离线
2026年5月3日,8:03:59,1777766639,164166,12100414,5172,3137,71,47.8,38,离线
2026年5月3日,8:04:29,1777766669,164166,12100414,5172,3137,71,47.8,38,离线
2026年5月3日,8:04:59,1777766699,164166,12100414,5172,3137,71,47.8,38,离线
2026年5月3日,8:05:29,1777766729,164166,12100414,5172,3137,71,47.8,38,离线
2026年5月3日,8:05:59,1777766759,164166,12100414,5172,3137,71,47.8,38,离线
2026年5月3日,8:06:29,1777766789,164166,12100414,5172,3137,71,47.8,38,离线
2026年5月3日,8:06:59,1777766819,164166,12100414,5172,3137,71,47.8,38,离线
2026年5月3日,8:07:29,1777766849,164166,12100414,5172,3137,71,47.8,38,离线
2026年5月3日,8:07:59,1777766879,164166,12100414,5172,3137,71,47.8,38,离线
2026年5月3日,8:08:29,1777766909,164166,12100414,5172,3137,71,47.8,38,离线
2026年5月3日,8:08:59,1777766939,164166,12100414,5172,3137,71,47.8,38,离线
2026年5月3日,8:09:29,1777766969,164166,12100414,5172,3137,71,47.8,38,离线
2026年5月3日,8:09:59,1777766999,164166,12100414,5172,3137,71,47.8,38,离线
2026年5月3日,8:10:29,1777767029,164166,12100414,5172,3137,71,47.8,38,离线
2026年5月3日,8:10:59,1777767059,164166,12100414,5172,3137,71,47.8,38,离线
2026年5月3日,8:11:29,1777767089,164166,12100414,5172,3137,71,47.8,38,离线
2026年5月3日,8:11:59,1777767119,164166,12100414,5172,3137,71,47.8,38,离线
2026年5月3日,8:12:29,1777767149,164166,12100414,5172,3137,71,47.8,38,离线
2026年5月3日,8:12:59,1777767179,164166,12100414,5172,3137,71,47.8,38,离线
2026年5月3日,8:13:29,1777767209,164166,12100414,5172,3137,71,47.8,38,离线
2026年5月3日,8:13:59,1777767239,164166,12100414,5172,3137,71,47.8,38,离线
2026年5月3日,8:14:30,1777767270,164166,12100414,5172,3137,71,47.8,38,离线
2026年5月3日,8:14:59,1777767299,164166,12100414,5172,3137,71,47.8,38,离线
2026年5月3日,8:15:29,1777767329,164166,12100414,5172,3137,71,47.8,38,离线
2026年5月3日,8:15:59,1777767359,164166,12100414,5172,3137,71,47.8,38,离线
2026年5月3日,8:16:29,1777767389,164166,12100414,5172,3137,71,47.8,38,离线
2026年5月3日,8:16:59,1777767419,164166,12100414,5172,3137,71,47.8,38,离线
2026年5月3日,8:17:29,1777767449,164166,12100414,5172,3137,71,47.8,38,离线
2026年5月3日,8:17:59,1777767479,164166,12100414,5172,3137,71,47.8,38,离线
2026年5月3日,8:18:29,1777767509,164166,12100414,5172,3137,71,47.8,38,离线
2026年5月3日,8:18:59,1777767539,164166,12100414,5172,3137,71,47.8,38,离线
2026年5月3日,8:19:29,1777767569,164166,12100414,5172,3137,71,47.8,38,离线
2026年5月3日,8:19:59,1777767599,164166,12100414,5172,3137,71,47.8,38,离线
2026年5月3日,8:20:29,1777767629,164166,12100414,5172,3137,71,47.8,38,离线
2026年5月3日,8:20:59,1777767659,164166,12100414,5172,3137,71,47.8,38,离线
2026年5月3日,8:21:29,1777767689,164166,12100414,5172,3137,71,47.8,38,离线
2026年5月3日,8:21:59,1777767719,164166,12100414,5172,3137,71,47.8,38,离线
2026年5月3日,8:22:29,1777767749,164166,12100414,5172,3137,71,47.8,38,离线
2026年5月3日,8:22:59,1777767779,164166,12100414,5172,3137,71,47.8,38,离线
2026年5月3日,8:23:29,1777767809,164166,12100414,5172,3137,71,47.8,38,离线
2026年5月3日,8:23:59,1777767839,164166,12100414,5172,3137,71,47.8,38,离线
2026年5月3日,8:24:29,1777767869,164166,12100414,5172,3137,71,47.8,38,离线
2026年5月3日,8:24:59,1777767899,164166,12100414,5172,3137,71,47.8,38,离线
2026年5月3日,8:25:29,1777767929,164166,12100414,5172,3137,71,47.8,38,离线
2026年5月3日,8:25:59,1777767959,164166,12100414,5172,3137,71,47.8,38,离线
2026年5月3日,8:26:29,1777767989,164166,12100414,5172,3137,71,47.8,38,离线
2026年5月3日,8:26:59,1777768019,164166,12100414,5172,3137,71,47.8,38,离线
2026年5月3日,8:27:29,1777768049,164166,12100414,5172,3137,71,47.8,38,离线
2026年5月3日,8:27:59,1777768079,164166,12100414,5172,3137,71,47.8,38,离线
2026年5月3日,8:28:29,1777768109,164166,12100414,5172,3137,71,47.8,38,离线
2026年5月3日,8:28:59,1777768139,164166,12100414,5172,3137,71,47.8,38,离线
2026年5月3日,8:29:29,1777768169,164166,12100414,5172,3137,71,47.8,38,离线
2026年5月3日,8:29:59,1777768199,164166,12100414,5172,3137,71,47.8,38,离线
2026年5月3日,8:30:29,1777768229,164166,12100414,5172,3137,71,47.8,38,离线
2026年5月3日,8:30:59,1777768259,164166,12100414,5172,3137,71,47.8,38,离线
2026年5月3日,8:31:29,1777768289,164166,12100414,5172,3137,71,47.8,38,离线
2026年5月3日,8:31:59,1777768319,164166,12100414,5172,3137,71,47.8,38,离线
2026年5月3日,8:32:29,1777768349,164166,12100414,5172,3137,71,47.8,38,离线
2026年5月3日,8:32:59,1777768379,164166,12100414,5172,3137,71,47.8,38,离线
2026年5月3日,8:33:29,1777768409,164166,12100414,5172,3137,71,47.8,38,离线
2026年5月3日,8:33:59,1777768439,164166,12100414,5172,3137,71,47.8,38,离线
2026年5月3日,8:34:29,1777768469,164166,12100414,5172,3137,71,47.8,38,离线
2026年5月3日,8:34:59,1777768499,164166,12100414,5172,3137,71,47.8,38,离线
2026年5月3日,8:35:29,1777768529,164166,12100414,5172,3137,71,47.8,38,离线
2026年5月3日,8:35:59,1777768559,164166,12100414,5172,3137,71,47.8,38,离线
2026年5月3日,8:36:29,1777768589,164166,12100414,5172,3137,71,47.8,38,离线
2026年5月3日,8:36:59,1777768619,164166,12100414,5172,3137,71,47.8,38,离线
2026年5月3日,8:37:29,1777768649,164166,12100414,5172,3137,71,47.8,38,离线
2026年5月3日,8:37:59,1777768679,164166,12100414,5172,3137,71,47.8,38,离线
2026年5月3日,8:38:29,1777768709,164166,12100414,5172,3137,71,47.8,38,离线
2026年5月3日,8:38:59,1777768739,164166,12100414,5172,3137,71,47.8,38,离线
2026年5月3日,8:39:29,1777768769,164166,12100414,5172,3137,71,47.8,38,离线
2026年5月3日,8:39:59,1777768799,164166,12100414,5172,3137,71,47.8,38,离线
2026年5月3日,8:40:29,1777768829,164166,12100414,5172,3137,71,47.8,38,离线
2026年5月3日,8:40:59,1777768859,164166,12100414,5172,3137,71,47.8,38,离线
2026年5月3日,8:41:29,1777768889,164166,12100414,5172,3137,71,47.8,38,离线
2026年5月3日,8:41:59,1777768919,164166,12100414,5172,3137,71,47.8,38,离线
2026年5月3日,8:42:29,1777768949,164166,12100414,5172,3137,71,47.8,38,离线
2026年5月3日,8:42:59,1777768979,164166,12100414,5172,3137,71,47.8,38,离线
2026年5月3日,8:43:29,1777769009,164166,12100414,5172,3137,71,47.8,38,离线
2026年5月3日,8:43:59,1777769039,164166,12100414,5172,3137,71,47.8,38,离线
2026年5月3日,8:44:29,1777769069,164166,12100414,5172,3137,71,47.8,38,离线
2026年5月3日,8:44:59,1777769099,164166,12100414,5172,3137,71,47.8,38,离线
2026年5月3日,8:45:29,1777769129,164166,12100414,5172,3137,71,47.8,38,离线
2026年5月3日,8:45:59,1777769159,164166,12100414,5172,3137,71,47.8,38,离线
2026年5月3日,8:46:29,1777769189,164166,12100414,5172,3137,71,47.8,38,离线
2026年5月3日,8:46:59,1777769219,164166,12100414,5172,3137,71,47.8,38,离线
2026年5月3日,8:47:29,1777769249,164166,12100414,5172,3137,71,47.8,38,离线
2026年5月3日,8:47:59,1777769279,164166,12100414,5172,3137,71,47.8,38,离线
2026年5月3日,8:48:29,1777769309,164166,12100414,5172,3137,71,47.8,38,离线
2026年5月3日,8:48:59,1777769339,164166,12100414,5172,3137,71,47.8,38,离线
2026年5月3日,8:49:29,1777769369,164166,12100414,5172,3137,71,47.8,38,离线
2026年5月3日,8:49:59,1777769399,164166,12100414,5172,3137,71,47.8,38,离线
2026年5月3日,8:50:29,1777769429,164166,12100414,5172,3137,71,47.8,38,离线
2026年5月3日,8:50:59,1777769459,164166,12100414,5172,3137,71,47.8,38,离线
2026年5月3日,8:51:29,1777769489,164166,12100414,5172,3137,71,47.8,38,离线
2026年5月3日,8:51:59,1777769519,164166,12100414,5172,3137,71,47.8,38,离线
2026年5月3日,8:52:29,1777769549,164166,12100414,5172,3137,71,47.8,38,离线
2026年5月3日,8:52:59,1777769579,164166,12100414,5172,3137,71,47.8,38,离线
2026年5月3日,8:53:29,1777769609,164166,12100414,5172,3137,71,47.8,38,离线
2026年5月3日,8:53:59,1777769639,164166,12100414,5172,3137,71,47.8,38,离线
2026年5月3日,8:54:29,1777769669,164166,12100414,5172,3137,71,47.8,38,离线
2026年5月3日,8:54:59,1777769699,164166,12100414,5172,3137,71,47.8,38,离线
2026年5月3日,8:55:29,1777769729,164166,12100414,5172,3137,71,47.8,38,离线
2026年5月3日,8:55:59,1777769759,164166,12100414,5172,3137,71,47.8,38,离线
2026年5月3日,8:56:29,1777769789,164166,12100414,5172,3137,71,47.8,38,离线
2026年5月3日,8:56:59,1777769819,164166,12100414,5172,3137,71,47.8,38,离线
2026年5月3日,8:57:29,1777769849,164166,12100414,5172,3137,71,47.8,38,离线
2026年5月3日,8:57:59,1777769879,164166,12100414,5172,3137,71,47.8,38,离线
2026年5月3日,8:58:29,1777769909,164166,12100414,5172,3137,71,47.8,38,离线
2026年5月3日,8:58:59,1777769939,164166,12100414,5172,3137,71,47.8,38,离线
2026年5月3日,8:59:29,1777769969,164166,12100414,5172,3137,71,47.8,38,离线
2026年5月3日,8:59:59,1777769999,164166,12100414,5172,3137,71,47.8,38,离线
2026年5月3日,9:00:29,1777770029,164166,12100414,5172,3137,71,47.8,38,离线
2026年5月3日,9:00:59,1777770059,164166,12100414,5172,3137,71,47.8,38,离线
2026年5月3日,9:01:29,1777770089,164166,12100414,5172,3137,71,47.8,38,离线
2026年5月3日,9:01:59,1777770119,164166,12100414,5172,3137,71,47.8,38,离线
2026年5月3日,9:02:29,1777770149,164166,12100414,5172,3137,71,47.8,38,离线
2026年5月3日,9:02:59,1777770179,164166,12100414,5172,3137,71,47.8,38,离线
2026年5月3日,9:03:29,1777770209,164166,12100414,5172,3137,71,47.8,38,离线
2026年5月3日,9:03:59,1777770239,164166,12100414,5172,3137,71,47.8,38,离线
2026年5月3日,9:04:29,1777770269,164166,12100414,5172,3137,71,47.8,38,离线
2026年5月3日,9:04:59,1777770299,164166,12100414,5172,3137,71,47.8,38,离线
2026年5月3日,9:05:29,1777770329,164166,12100414,5172,3137,71,47.8,38,离线
2026年5月3日,9:05:59,1777770359,164166,12100414,5172,3137,71,47.8,38,离线
2026年5月3日,9:06:29,1777770389,164166,12100414,5172,3137,71,47.8,38,离线
2026年5月3日,9:06:59,1777770419,164166,12100414,5172,3137,71,47.8,38,离线
2026年5月3日,9:07:29,1777770449,164166,12100414,5172,3137,71,47.8,38,离线
2026年5月3日,9:07:59,1777770479,164166,12100414,5172,3137,71,47.8,38,离线
2026年5月3日,9:08:29,1777770509,164166,12100414,5172,3137,71,47.8,38,离线
2026年5月3日,9:08:59,1777770539,164166,12100414,5172,3137,71,47.8,38,离线
2026年5月3日,9:09:29,1777770569,164166,12100414,5172,3137,71,47.8,38,离线
2026年5月3日,9:09:59,1777770599,164166,12100414,5172,3137,71,47.8,38,离线
2026年5月3日,9:10:29,1777770629,164166,12100414,5172,3137,71,47.8,38,离线
2026年5月3日,9:10:59,1777770659,164166,12100414,5172,3137,71,47.8,38,离线
2026年5月3日,9:11:29,1777770689,164166,12100414,5172,3137,71,47.8,38,离线
2026年5月3日,9:11:59,1777770719,164166,12100414,5172,3137,71,47.8,38,离线
2026年5月3日,9:12:29,1777770749,164166,12100414,5172,3137,71,47.8,38,离线
2026年5月3日,9:12:59,1777770779,164166,12100414,5172,3137,71,47.8,38,离线
2026年5月3日,9:13:29,1777770809,164166,12100414,5172,3137,71,47.8,38,离线
2026年5月3日,9:13:59,1777770839,164166,12100414,5172,3137,71,47.8,38,离线
2026年5月3日,9:14:29,1777770869,164166,12100414,5172,3137,71,47.8,38,离线
2026年5月3日,9:14:59,1777770899,164166,12100414,5172,3137,71,47.8,38,离线
2026年5月3日,9:15:29,1777770929,164166,12100414,5172,3137,71,47.8,38,离线
2026年5月3日,9:16:01,1777770961,164166,12100414,5172,3137,71,47.8,38,离线
2026年5月3日,9:16:31,1777770991,164166,12100414,5172,3137,71,47.8,38,离线
2026年5月3日,9:16:59,1777771019,164166,12100414,5172,3137,71,47.8,38,离线
2026年5月3日,9:17:29,1777771049,164166,12100414,5172,3137,71,47.8,38,离线
2026年5月3日,9:17:59,1777771079,164166,12100414,5172,3137,71,47.8,38,离线
2026年5月3日,9:18:30,1777771110,164166,12100414,5172,3137,71,47.8,38,离线
2026年5月3日,9:19:00,1777771140,164166,12100414,5172,3137,71,47.8,38,离线
2026年5月3日,9:19:29,1777771169,164166,12100414,5172,3137,71,47.8,38,离线
2026年5月3日,9:19:59,1777771199,164166,12100414,5172,3137,71,47.8,38,离线
2026年5月3日,9:20:36,1777771236,164166,12100414,5172,3137,71,47.8,38,离线
2026年5月3日,9:20:59,1777771259,164166,12100414,5172,3137,71,47.8,38,离线
2026年5月3日,9:21:29,1777771289,164166,12100414,5172,3137,71,47.8,38,离线
2026年5月3日,9:21:59,1777771319,164166,12100414,5172,3137,71,47.8,38,离线
2026年5月3日,9:22:29,1777771349,164166,12100414,5172,3137,71,47.8,38,离线
2026年5月3日,9:22:59,1777771379,164166,12100414,5172,3137,71,47.8,38,离线
2026年5月3日,9:23:29,1777771409,164166,12100414,5172,3137,71,47.8,38,离线
2026年5月3日,9:23:59,1777771439,164166,12100414,5172,3137,71,47.8,38,离线
2026年5月3日,9:24:29,1777771469,164166,12100414,5172,3137,71,47.8,38,离线
2026年5月3日,9:24:59,1777771499,164166,12100414,5172,3137,71,47.8,38,离线
2026年5月3日,9:25:29,1777771529,164166,12100414,5172,3137,71,47.8,38,离线
2026年5月3日,9:25:59,1777771559,164166,12100414,5172,3137,71,47.8,38,离线
2026年5月3日,9:26:29,1777771589,164166,12100414,5172,3137,71,47.8,38,离线
2026年5月3日,9:27:00,1777771620,164166,12100414,5172,3137,71,47.8,38,离线
2026年5月3日,9:27:29,1777771649,164166,12100414,5172,3137,71,47.8,38,离线
2026年5月3日,9:27:59,1777771679,164166,12100414,5172,3137,71,47.8,38,离线
2026年5月3日,9:28:29,1777771709,164166,12100414,5172,3137,71,47.8,38,离线
2026年5月3日,9:28:59,1777771739,164166,12100414,5172,3137,71,47.8,38,离线
2026年5月3日,9:29:29,1777771769,164166,12100414,5172,3137,71,47.8,38,离线
2026年5月3日,9:29:59,1777771799,164166,12100414,5172,3137,71,47.8,38,离线
2026年5月3日,9:30:29,1777771829,164166,12100414,5172,3137,71,47.8,38,离线
2026年5月3日,9:30:59,1777771859,164166,12100414,5172,3137,71,47.8,38,离线
2026年5月3日,9:31:29,1777771889,164166,12100414,5172,3137,71,47.8,38,离线
2026年5月3日,9:31:59,1777771919,164166,12100414,5172,3137,71,47.8,38,离线
2026年5月3日,9:32:29,1777771949,164166,12100414,5172,3137,71,47.8,38,离线
2026年5月3日,9:32:59,1777771979,164166,12100414,5172,3137,71,47.8,38,离线
2026年5月3日,9:33:29,1777772009,164166,12100414,5172,3137,71,47.8,38,离线
2026年5月3日,9:33:59,1777772039,164166,12100414,5172,3137,71,47.8,38,离线
2026年5月3日,9:34:29,1777772069,164166,12100414,5172,3137,71,47.8,38,离线
2026年5月3日,9:34:59,1777772099,164166,12100414,5172,3137,71,47.8,38,离线
2026年5月3日,9:35:29,1777772129,164166,12100414,5172,3137,71,47.8,38,离线
2026年5月3日,9:35:59,1777772159,164166,12100414,5172,3137,71,47.8,38,离线
2026年5月3日,9:36:29,1777772189,164166,12100414,5172,3137,71,47.8,38,离线
2026年5月3日,9:36:59,1777772219,164166,12100414,5172,3137,71,47.8,38,离线
2026年5月3日,9:37:29,1777772249,164166,12100414,5172,3137,71,47.8,38,离线
2026年5月3日,9:37:59,1777772279,164166,12100414,5172,3137,71,47.8,38,离线
2026年5月3日,9:38:29,1777772309,164166,12100414,5172,3137,71,47.8,38,离线
2026年5月3日,9:38:59,1777772339,164166,12100414,5172,3137,71,47.8,38,离线
2026年5月3日,9:39:29,1777772369,164166,12100414,5172,3137,71,47.8,38,离线
2026年5月3日,9:39:59,1777772399,164166,12100414,5172,3137,71,47.8,38,离线
2026年5月3日,9:40:29,1777772429,164166,12100414,5172,3137,71,47.8,38,离线
2026年5月3日,9:40:59,1777772459,164166,12100414,5172,3137,71,47.8,38,离线
2026年5月3日,9:41:29,1777772489,164166,12100414,5172,3137,71,47.8,38,离线
2026年5月3日,9:41:59,1777772519,164166,12100414,5172,3137,71,47.8,38,离线
2026年5月3日,9:42:29,1777772549,164166,12100414,5172,3137,71,47.8,38,离线
2026年5月3日,9:42:59,1777772579,164166,12100414,5172,3137,71,47.8,38,离线
2026年5月3日,9:43:29,1777772609,164166,12100414,5172,3137,71,47.8,38,离线
2026年5月3日,9:43:59,1777772639,164166,12100414,5172,3137,71,47.8,38,离线
2026年5月3日,9:44:29,1777772669,164166,12100414,5172,3137,71,47.8,38,离线
2026年5月3日,9:44:59,1777772699,164166,12100414,5172,3137,71,47.8,38,离线
2026年5月3日,9:45:29,1777772729,164166,12100414,5172,3137,71,47.8,38,离线
2026年5月3日,9:45:59,1777772759,164166,12100414,5172,3137,71,47.8,38,离线
2026年5月3日,9:46:29,1777772789,164166,12100414,5172,3137,71,47.8,38,离线
2026年5月3日,9:46:59,1777772819,164166,12100414,5172,3137,71,47.8,38,离线
2026年5月3日,9:47:29,1777772849,164166,12100414,5172,3137,71,47.8,38,离线
2026年5月3日,9:47:59,1777772879,164166,12100414,5172,3137,71,47.8,38,离线
2026年5月3日,9:48:29,1777772909,164166,12100414,5172,3137,71,47.8,38,离线
2026年5月3日,9:48:59,1777772939,164166,12100414,5172,3137,71,47.8,38,离线
2026年5月3日,9:49:29,1777772969,164166,12100414,5172,3137,71,47.8,38,离线
2026年5月3日,9:49:59,1777772999,164166,12100414,5172,3137,71,47.8,38,离线
2026年5月3日,9:50:29,1777773029,164166,12100414,5172,3137,71,47.8,38,离线
2026年5月3日,9:50:59,1777773059,164166,12100414,5172,3137,71,47.8,38,离线
2026年5月3日,9:51:29,1777773089,164166,12100414,5172,3137,71,47.8,38,离线
2026年5月3日,9:51:59,1777773119,164166,12100414,5172,3137,71,47.8,38,离线
2026年5月3日,9:52:29,1777773149,164166,12100414,5172,3137,71,47.8,38,离线
2026年5月3日,9:52:59,1777773179,164166,12100414,5172,3137,71,47.8,38,离线
2026年5月3日,9:53:29,1777773209,164166,12100414,5172,3137,71,47.8,38,离线
2026年5月3日,9:53:59,1777773239,164166,12100414,5172,3137,71,47.8,38,离线
2026年5月3日,9:54:29,1777773269,164166,12100414,5172,3137,71,47.8,38,离线
2026年5月3日,9:54:59,1777773299,164166,12100414,5172,3137,71,47.8,38,离线
2026年5月3日,9:55:29,1777773329,164166,12100414,5172,3137,71,47.8,38,离线
2026年5月3日,9:55:59,1777773359,164166,12100414,5172,3137,71,47.8,38,离线
2026年5月3日,9:56:29,1777773389,164166,12100414,5172,3137,71,47.8,38,离线
2026年5月3日,9:56:59,1777773419,164166,12100414,5172,3137,71,47.8,38,离线
2026年5月3日,9:57:29,1777773449,164166,12100414,5172,3137,71,47.8,38,离线
2026年5月3日,9:57:59,1777773479,164166,12100414,5172,3137,71,47.8,38,离线
2026年5月3日,9:58:29,1777773509,164166,12100414,5172,3137,71,47.8,38,离线
2026年5月3日,9:58:59,1777773539,164166,12100414,5172,3137,71,47.8,38,离线
2026年5月3日,9:59:29,1777773569,164166,12100414,5172,3137,71,47.8,38,离线
2026年5月3日,9:59:59,1777773599,164166,12100414,5172,3137,71,47.8,38,离线
2026年5月3日,10:00:29,1777773629,164166,12100414,5172,3137,71,47.8,38,离线
2026年5月3日,10:00:59,1777773659,164166,12100414,5172,3137,71,47.8,38,离线
2026年5月3日,10:01:29,1777773689,164166,12100414,5172,3137,71,47.8,38,离线
2026年5月3日,10:01:59,1777773719,164166,12100414,5172,3137,71,47.8,38,离线
2026年5月3日,10:02:29,1777773749,164166,12100414,5172,3137,71,47.8,38,离线
2026年5月3日,10:02:59,1777773779,164166,12100414,5172,3137,71,47.8,38,离线
2026年5月3日,10:03:29,1777773809,164166,12100414,5172,3137,71,47.8,38,离线
2026年5月3日,10:03:59,1777773839,164166,12100414,5172,3137,71,47.8,38,离线
2026年5月3日,10:04:29,1777773869,164166,12100414,5172,3137,71,47.8,38,离线
2026年5月3日,10:04:59,1777773899,164166,12100414,5172,3137,71,47.8,38,离线
2026年5月3日,10:05:29,1777773929,164166,12100414,5172,3137,71,47.8,38,离线
2026年5月3日,10:05:59,1777773959,164166,12100414,5172,3137,71,47.8,38,离线
2026年5月3日,10:06:29,1777773989,164166,12100414,5172,3137,71,47.8,38,离线
2026年5月3日,10:06:59,1777774019,164166,12100414,5172,3137,71,47.8,38,离线
2026年5月3日,10:07:29,1777774049,164166,12100414,5172,3137,71,47.8,38,离线
2026年5月3日,10:07:59,1777774079,164166,12100414,5121,2980,69,48.19,22,在线
2026年5月3日,10:08:29,1777774109,164166,12100414,5121,2980,69,48.19,22,在线
2026年5月3日,10:08:59,1777774139,164166,12100414,5121,2980,69,48.19,22,在线
2026年5月3日,10:09:29,1777774169,164166,12100414,5121,2980,69,48.19,22,在线
2026年5月3日,10:09:59,1777774199,164166,12100414,5121,2980,69,48.19,22,在线
2026年5月3日,10:10:29,1777774229,164166,12100414,5121,2980,69,48.19,22,在线
2026年5月3日,10:10:59,1777774259,164166,12100414,5121,2980,69,48.19,22,在线
2026年5月3日,10:11:29,1777774289,164166,12100414,5121,2980,69,48.19,22,在线
2026年5月3日,10:11:59,1777774319,164166,12100414,5121,2980,69,48.19,22,在线
2026年5月3日,10:12:29,1777774349,164166,12100414,5121,2980,69,48.19,22,在线
2026年5月3日,10:12:59,1777774379,164166,12100414,5194,2980,65,3.38,22,在线
2026年5月3日,10:13:29,1777774409,164166,12100414,5194,2980,65,3.38,22,在线
2026年5月3日,10:13:59,1777774439,164166,12100414,5194,2980,65,3.38,22,在线
2026年5月3日,10:14:29,1777774469,164166,12100414,5194,2980,65,3.38,22,在线
2026年5月3日,10:14:59,1777774499,164166,12100414,5194,2980,65,3.38,22,在线
2026年5月3日,10:15:29,1777774529,164166,12107842,5357,4729,100,0,21,在线
2026年5月3日,10:16:29,1777774589,164166,12107842,5230,4729,100,35.56,21,在线
2026年5月3日,10:16:59,1777774619,164166,12107842,5230,4729,100,35.56,21,在线
2026年5月3日,10:17:29,1777774649,164166,12107842,5230,4729,100,35.56,21,在线
2026年5月3日,10:17:59,1777774679,164166,12107842,5230,4729,100,35.56,21,在线
2026年5月3日,10:18:29,1777774709,164166,12107842,5230,4729,100,35.56,21,在线
2026年5月3日,10:18:59,1777774739,164166,12107842,5230,4729,100,35.56,21,在线
2026年5月3日,10:19:29,1777774769,164166,12107842,5230,4729,100,35.56,21,在线
2026年5月3日,10:19:59,1777774799,164166,12107842,5230,4729,100,35.56,21,在线
2026年5月3日,10:20:29,1777774829,164166,12107842,5230,4729,100,35.56,21,在线
2026年5月3日,10:20:59,1777774859,164166,12107842,5230,4729,100,35.56,21,在线
2026年5月3日,10:21:29,1777774889,164166,12107842,5305,4609,98,0,22,在线
2026年5月3日,10:26:29,1777775189,164166,12107842,5316,4609,98,0,22,在线
2026年5月3日,10:29:59,1777775399,164166,12107842,5316,4609,98,0,22,在线
2026年5月3日,10:38:29,1777775909,164166,12107842,5201,4603,98,49.17,22,在线
2026年5月3日,10:38:59,1777775939,164166,12107842,5201,4603,98,49.17,22,在线
2026年5月3日,10:39:29,1777775969,164166,12107842,5201,4603,98,49.17,22,在线
2026年5月3日,10:39:59,1777775999,164166,12107842,5201,4603,98,49.17,22,在线
2026年5月3日,10:40:29,1777776029,164166,12107842,5201,4603,98,49.17,22,在线
2026年5月3日,10:40:59,1777776059,164166,12107842,5201,4603,98,49.17,22,在线
2026年5月3日,10:41:29,1777776089,164166,12107842,5201,4603,98,49.17,22,在线
2026年5月3日,10:41:59,1777776119,164166,12107842,5304,4603,96,0,22,在线
2026年5月3日,10:42:29,1777776149,164166,12107842,5304,4603,96,0,22,在线
2026年5月3日,10:45:29,1777776329,164166,12107842,5304,4603,96,0,22,在线
2026年5月3日,10:46:59,1777776419,164166,12107842,5316,4521,96,0,22,在线
2026年5月3日,10:47:29,1777776449,164166,12107842,5188,4521,96,48.91,22,在线
2026年5月3日,10:47:59,1777776479,164166,12107842,5188,4521,96,48.91,22,在线
2026年5月3日,10:48:29,1777776509,164166,12107842,5188,4521,96,48.91,22,在线
2026年5月3日,10:48:59,1777776539,164166,12107842,5188,4521,96,48.91,22,在线
2026年5月3日,10:49:29,1777776569,164166,12107842,5188,4521,96,48.91,22,在线
2026年5月3日,10:49:59,1777776599,164166,12107842,5307,4471,95,0,22,在线
2026年5月3日,10:50:29,1777776629,164166,12107842,5188,4471,95,48.38,22,在线
2026年5月3日,10:50:59,1777776659,164166,12107842,5188,4471,95,48.38,22,在线
2026年5月3日,10:51:29,1777776689,164166,12107842,5188,4471,95,48.38,22,在线
2026年5月3日,10:51:59,1777776719,164166,12107842,5188,4471,95,48.38,22,在线
2026年5月3日,10:52:29,1777776749,164166,12107842,5188,4471,95,48.38,22,在线
2026年5月3日,10:52:59,1777776779,164166,12107842,5188,4471,95,48.38,22,在线
2026年5月3日,10:53:29,1777776809,164166,12107842,5188,4471,95,48.38,22,在线
2026年5月3日,10:53:59,1777776839,164166,12107842,5188,4471,95,48.38,22,在线
2026年5月3日,10:54:29,1777776869,164166,12107842,5188,4471,95,48.38,22,在线
2026年5月3日,10:54:59,1777776899,164166,12107842,5188,4471,95,48.38,22,在线
2026年5月3日,10:55:29,1777776929,164166,12107842,5136,4222,89,47.35,23,在线
2026年5月3日,10:55:59,1777776959,164166,12107842,5136,4222,89,47.35,23,在线
2026年5月3日,10:56:29,1777776989,164166,12107842,5136,4222,89,47.35,23,在线
2026年5月3日,10:56:59,1777777019,164166,12107842,5136,4222,89,47.35,23,在线
2026年5月3日,10:57:29,1777777049,164166,12107842,5136,4222,89,47.35,23,在线
2026年5月3日,10:57:59,1777777079,164166,12107842,5136,4222,89,47.35,23,在线
2026年5月3日,10:58:29,1777777109,164166,12107842,5136,4222,89,47.35,23,在线
2026年5月3日,10:58:59,1777777139,164166,12107842,5136,4222,89,47.35,23,在线
2026年5月3日,10:59:29,1777777169,164166,12107842,5136,4222,89,47.35,23,在线
2026年5月3日,10:59:59,1777777199,164166,12107842,5136,4222,89,47.35,23,在线
2026年5月3日,11:00:29,1777777229,164166,12107842,5187,4222,85,29.69,24,在线
2026年5月3日,11:00:59,1777777259,164166,12107842,5187,4222,85,29.69,24,在线
2026年5月3日,11:01:29,1777777289,164166,12107842,5187,4222,85,29.69,24,在线
2026年5月3日,11:01:59,1777777319,164166,12107842,5187,4222,85,29.69,24,在线
2026年5月3日,11:02:29,1777777349,164166,12107842,5187,4222,85,29.69,24,在线
2026年5月3日,11:02:59,1777777379,164166,12107842,5187,4222,85,29.69,24,在线
2026年5月3日,11:03:29,1777777409,164166,12107842,5299,3919,83,0,24,在线
2026年5月3日,11:03:59,1777777439,164166,12107842,5183,3919,83,47.15,24,在线
2026年5月3日,11:04:29,1777777469,164166,12107842,5183,3919,83,47.15,24,在线
2026年5月3日,11:04:59,1777777499,164166,12107842,5183,3919,83,47.15,24,在线
2026年5月3日,11:05:29,1777777529,164166,12107842,5183,3919,83,47.15,24,在线
2026年5月3日,11:05:59,1777777559,164166,12107842,5183,3919,83,47.15,24,在线
2026年5月3日,11:06:29,1777777589,164166,12107842,5183,3919,83,47.15,24,在线
2026年5月3日,11:06:59,1777777619,164166,12107842,5183,3919,83,47.15,24,在线
2026年5月3日,11:07:29,1777777649,164166,12107842,5183,3919,83,47.15,24,在线
2026年5月3日,11:07:59,1777777679,164166,12107842,5183,3919,83,47.15,24,在线
2026年5月3日,11:08:31,1777777711,164166,12107842,5183,3919,83,47.15,24,在线
2026年5月3日,11:09:00,1777777740,164166,12107842,5141,3674,78,40.25,25,在线
2026年5月3日,11:09:36,1777777776,164166,12107842,5141,3674,78,40.25,25,在线
2026年5月3日,11:09:59,1777777799,164166,12107842,5141,3674,78,40.25,25,在线
2026年5月3日,11:10:29,1777777829,164166,12107842,5141,3674,78,40.25,25,在线
2026年5月3日,11:11:01,1777777861,164166,12107842,5141,3674,78,40.25,25,在线
2026年5月3日,11:11:31,1777777891,164166,12107842,5141,3674,78,40.25,25,在线
2026年5月3日,11:11:59,1777777919,164166,12107842,5141,3674,78,40.25,25,在线
2026年5月3日,11:12:29,1777777949,164166,12107842,5141,3674,78,40.25,25,在线
2026年5月3日,11:13:01,1777777981,164166,12107842,5141,3674,78,40.25,25,在线
2026年5月3日,11:13:29,1777778009,164166,12107842,5141,3674,78,40.25,25,在线
2026年5月3日,11:13:59,1777778039,164166,12107842,5247,3674,73,0,26,在线
2026年5月3日,11:14:29,1777778069,164166,12107842,5247,3674,73,0,26,在线
2026年5月3日,11:14:59,1777778099,164166,12107842,5267,3460,73,0,26,在线
2026年5月3日,11:15:29,1777778129,164166,12107842,5267,3460,73,0,26,在线
2026年5月3日,11:15:59,1777778159,164166,12107842,5267,3460,73,0,26,在线
2026年5月3日,11:16:29,1777778189,164166,12107842,5267,3460,73,0,26,在线
2026年5月3日,11:16:59,1777778219,164166,12107842,5267,3460,73,0,26,在线
2026年5月3日,11:17:29,1777778249,164166,12107842,5267,3460,73,0,26,在线
2026年5月3日,11:17:59,1777778279,164166,12107842,5160,3460,73,47.58,27,在线
2026年5月3日,11:18:29,1777778309,164166,12107842,5160,3460,73,47.58,27,在线
2026年5月3日,11:18:59,1777778339,164166,12107842,5276,3446,73,0,27,在线
2026年5月3日,11:19:59,1777778399,164166,12107842,5153,3446,73,48.46,27,在线
2026年5月3日,11:20:29,1777778429,164166,12107842,5153,3446,73,48.46,27,在线
2026年5月3日,11:20:59,1777778459,164166,12107842,5273,3425,73,0,27,在线
2026年5月3日,11:21:29,1777778489,164166,12107842,5273,3425,73,0,27,在线
2026年5月3日,11:21:59,1777778519,164166,12107842,5159,3425,72,47.71,27,在线
2026年5月3日,11:22:29,1777778549,164166,12107842,5159,3425,72,47.71,27,在线
2026年5月3日,11:22:59,1777778579,164166,12107842,5159,3425,72,47.71,27,在线
2026年5月3日,11:23:29,1777778609,164166,12107842,5159,3425,72,47.71,27,在线
2026年5月3日,11:23:59,1777778639,164166,12107842,5159,3425,72,47.71,27,在线
2026年5月3日,11:24:29,1777778669,164166,12107842,5159,3425,72,47.71,27,在线
2026年5月3日,11:24:59,1777778699,164166,12107842,5159,3425,72,47.71,27,在线
2026年5月3日,11:25:29,1777778729,164166,12107842,5159,3425,72,47.71,27,在线
2026年5月3日,11:25:59,1777778759,164166,12107842,5159,3425,72,47.71,27,在线
2026年5月3日,11:26:29,1777778789,164166,12107842,5159,3425,72,47.71,27,在线
2026年5月3日,11:26:59,1777778819,164166,12107842,5223,3207,68,0.19,27,在线
2026年5月3日,11:27:29,1777778849,164166,12107842,5223,3207,68,0.19,27,在线
2026年5月3日,11:27:59,1777778879,164166,12107842,5223,3207,68,0.19,27,在线
2026年5月3日,11:28:29,1777778909,164166,12107842,5223,3207,68,0.19,27,在线
2026年5月3日,11:28:59,1777778939,164166,12107842,5223,3207,68,0.19,27,在线
2026年5月3日,11:29:29,1777778969,164166,12107842,5223,3207,68,0.19,27,在线
2026年5月3日,11:29:59,1777778999,164166,12107842,5223,3207,68,0.19,27,在线
2026年5月3日,11:30:29,1777779029,164166,12107842,5223,3207,68,0.19,27,在线
2026年5月3日,11:30:59,1777779059,164166,12107842,5223,3207,68,0.19,27,在线
2026年5月3日,11:31:29,1777779089,164166,12107842,5223,3207,68,0.19,27,在线
2026年5月3日,11:31:59,1777779119,164166,12107842,5112,3207,62,39.09,28,在线
2026年5月3日,11:32:29,1777779149,164166,12107842,5112,3207,62,39.09,28,在线
2026年5月3日,11:32:59,1777779179,164166,12107842,5112,3207,62,39.09,28,在线
2026年5月3日,11:33:29,1777779209,164166,12107842,5112,3207,62,39.09,28,在线
2026年5月3日,11:33:59,1777779239,164166,12107842,5112,3207,62,39.09,28,在线
2026年5月3日,11:34:29,1777779269,164166,12107842,5112,3207,62,39.09,28,在线
2026年5月3日,11:34:59,1777779299,164166,12107842,5112,3207,62,39.09,28,在线
2026年5月3日,11:35:29,1777779329,164166,12107842,5112,3207,62,39.09,28,在线
2026年5月3日,11:35:59,1777779359,164166,12107842,5112,3207,62,39.09,28,在线
2026年5月3日,11:36:29,1777779389,164166,12107842,5112,3207,62,39.09,28,在线
2026年5月3日,11:36:59,1777779419,164166,12107842,5165,2779,59,17.1,29,在线
2026年5月3日,11:37:29,1777779449,164166,12107842,5165,2779,59,17.1,29,在线
2026年5月3日,11:37:59,1777779479,164166,12107842,5165,2779,59,17.1,29,在线
2026年5月3日,11:38:29,1777779509,164166,12107842,5165,2779,59,17.1,29,在线
2026年5月3日,11:38:59,1777779539,164166,12107842,5165,2779,59,17.1,29,在线
2026年5月3日,11:39:30,1777779570,164166,12107842,5165,2779,59,17.1,29,在线
2026年5月3日,11:39:59,1777779599,164166,12107842,5165,2779,59,17.1,29,在线
2026年5月3日,11:40:29,1777779629,164166,12107842,5247,2779,57,0,29,在线
2026年5月3日,11:44:59,1777779899,164166,12107842,5149,2703,57,47.14,29,在线
2026年5月3日,11:45:29,1777779929,164166,12107842,5133,2689,57,48.66,29,在线
2026年5月3日,11:45:59,1777779959,164166,12107842,5133,2689,57,48.66,29,在线
2026年5月3日,11:46:29,1777779989,164166,12107842,5133,2689,57,48.66,29,在线
2026年5月3日,11:46:59,1777780019,164166,12107842,5133,2689,57,48.66,29,在线
2026年5月3日,11:47:29,1777780049,164166,12107842,5133,2689,57,48.66,29,在线
2026年5月3日,11:47:59,1777780079,164166,12107842,5133,2689,57,48.66,29,在线
2026年5月3日,11:48:29,1777780109,164166,12107842,5133,2689,57,48.66,29,在线
2026年5月3日,11:48:59,1777780139,164166,12107842,5133,2689,57,48.66,29,在线
2026年5月3日,11:49:29,1777780169,164166,12107842,5133,2689,57,48.66,29,在线
2026年5月3日,11:49:59,1777780199,164166,12107842,5133,2689,57,48.66,29,在线
2026年5月3日,11:50:29,1777780229,164166,12107842,5093,2689,51,41,30,在线
2026年5月3日,11:50:59,1777780259,164166,12107842,5093,2689,51,41,30,在线
2026年5月3日,11:51:29,1777780289,164166,12107842,5093,2689,51,41,30,在线
2026年5月3日,11:51:59,1777780319,164166,12107842,5093,2689,51,41,30,在线
2026年5月3日,11:52:29,1777780349,164166,12107842,5093,2689,51,41,30,在线
2026年5月3日,11:52:59,1777780379,164166,12107842,5226,2313,49,-2.75,31,在线
2026年5月3日,11:53:29,1777780409,164166,12105783,5542,4407,100,0,33,在线
2026年5月3日,11:53:59,1777780439,164166,12105783,5360,4399,100,47.6,33,在线
2026年5月3日,11:54:29,1777780469,164166,12105783,5360,4399,100,47.6,33,在线
2026年5月3日,11:54:59,1777780499,164166,12105783,5360,4399,100,47.6,33,在线
2026年5月3日,11:55:29,1777780529,164166,12105783,5360,4399,100,47.6,33,在线
2026年5月3日,11:55:59,1777780559,164166,12105783,5360,4399,100,47.6,33,在线
2026年5月3日,11:56:29,1777780589,164166,12105783,5316,4399,98,0,33,在线
2026年5月3日,11:57:29,1777780649,164166,12105783,5223,4331,98,47.06,33,在线
2026年5月3日,11:57:59,1777780679,164166,12105783,5223,4331,98,47.06,33,在线
2026年5月3日,11:58:29,1777780709,164166,12105783,5223,4331,98,47.06,33,在线
2026年5月3日,11:58:59,1777780739,164166,12105783,5223,4331,98,47.06,33,在线
2026年5月3日,11:59:29,1777780769,164166,12105783,5223,4331,98,47.06,33,在线
2026年5月3日,11:59:59,1777780799,164166,12105783,5319,4331,98,47.06,33,在线
2026年5月3日,12:00:29,1777780829,164166,12105783,5319,4331,98,47.06,33,在线
2026年5月3日,12:00:59,1777780859,164166,12105783,5319,4331,98,47.06,33,在线
2026年5月3日,12:01:29,1777780889,164166,12105783,5217,4289,97,47.03,33,在线
2026年5月3日,12:01:59,1777780919,164166,12105783,5217,4289,97,47.03,33,在线
2026年5月3日,12:02:29,1777780949,164166,12105783,5217,4289,97,47.03,33,在线
2026年5月3日,12:02:59,1777780979,164166,12105783,5217,4289,97,47.03,33,在线
2026年5月3日,12:03:29,1777781009,164166,12105783,5217,4289,97,47.03,33,在线
2026年5月3日,12:03:59,1777781039,164166,12105783,5217,4289,97,47.03,33,在线
2026年5月3日,12:04:29,1777781069,164166,12105783,5217,4289,97,47.03,33,在线
2026年5月3日,12:04:59,1777781099,164166,12105783,5314,4289,95,0,34,在线
2026年5月3日,12:06:29,1777781189,164166,12105783,5221,4162,94,46.33,34,在线
2026年5月3日,12:06:59,1777781219,164166,12105783,5221,4162,94,46.33,34,在线
2026年5月3日,12:07:29,1777781249,164166,12105783,5221,4162,94,46.33,34,在线
2026年5月3日,12:07:59,1777781279,164166,12105783,5221,4162,94,46.33,34,在线
2026年5月3日,12:08:29,1777781309,164166,12105783,5221,4162,94,46.33,34,在线
2026年5月3日,12:08:59,1777781339,164166,12105783,5221,4162,94,46.33,34,在线
2026年5月3日,12:09:29,1777781369,164166,12105783,5221,4162,94,46.33,34,在线
2026年5月3日,12:09:59,1777781399,164166,12105783,5221,4162,94,46.33,34,在线
2026年5月3日,12:10:29,1777781429,164166,12105783,5316,4162,90,0,34,在线
2026年5月3日,12:10:59,1777781459,164166,12105783,5218,3975,90,47.41,34,在线
2026年5月3日,12:11:29,1777781489,164166,12105783,5218,3975,90,47.41,34,在线
2026年5月3日,12:11:59,1777781519,164166,12105783,5218,3975,90,47.41,34,在线
2026年5月3日,12:12:29,1777781549,164166,12105783,5218,3975,90,47.41,34,在线
2026年5月3日,12:12:59,1777781579,164166,12105783,5218,3975,90,47.41,34,在线
2026年5月3日,12:13:29,1777781609,164166,12105783,5218,3975,90,47.41,34,在线
2026年5月3日,12:13:59,1777781639,164166,12105783,5218,3975,90,47.41,34,在线
2026年5月3日,12:14:29,1777781669,164166,12105783,5218,3975,90,47.41,34,在线
2026年5月3日,12:14:59,1777781699,164166,12105783,5218,3975,90,47.41,34,在线
2026年5月3日,12:15:29,1777781729,164166,12105783,5317,3975,87,0,35,在线
2026年5月3日,12:15:59,1777781759,164166,12105783,5317,3975,87,0,35,在线
2026年5月3日,12:16:29,1777781789,164166,12105783,5317,3975,87,0,35,在线
2026年5月3日,12:16:59,1777781819,164166,12105783,5317,3975,87,0,35,在线
2026年5月3日,12:17:29,1777781849,164166,12105783,5218,3820,87,47.88,35,在线
2026年5月3日,12:17:59,1777781879,164166,12105783,5218,3820,87,47.88,35,在线
2026年5月3日,12:18:29,1777781909,164166,12105783,5218,3820,87,47.88,35,在线
2026年5月3日,12:18:59,1777781939,164166,12105783,5218,3820,87,47.88,35,在线
2026年5月3日,12:19:29,1777781969,164166,12105783,5320,3820,86,0,35,在线
2026年5月3日,12:19:59,1777781999,164166,12105783,5320,3820,86,0,35,在线
2026年5月3日,12:20:29,1777782029,164166,12105783,5221,3768,85,46.14,35,在线
2026年5月3日,12:20:59,1777782059,164166,12105783,5221,3768,85,46.14,35,在线
2026年5月3日,12:21:29,1777782089,164166,12105783,5221,3768,85,46.14,35,在线
2026年5月3日,12:21:59,1777782119,164166,12105783,5221,3768,85,46.14,35,在线
2026年5月3日,12:22:29,1777782149,164166,12105783,5221,3768,85,46.14,35,在线
2026年5月3日,12:22:59,1777782179,164166,12105783,5221,3768,85,46.14,35,在线
2026年5月3日,12:23:29,1777782209,164166,12105783,5221,3768,85,46.14,35,在线
2026年5月3日,12:23:59,1777782239,164166,12105783,5221,3768,85,46.14,35,在线
2026年5月3日,12:24:29,1777782269,164166,12105783,5221,3768,85,46.14,35,在线
2026年5月3日,12:24:59,1777782299,164166,12105783,5221,3768,85,46.14,35,在线
2026年5月3日,12:25:29,1777782329,164166,12105783,5190,3768,81,48.53,35,在线
2026年5月3日,12:25:59,1777782359,164166,12105783,5190,3768,81,48.53,35,在线
2026年5月3日,12:26:29,1777782389,164166,12105783,5190,3768,81,48.53,35,在线
2026年5月3日,12:26:59,1777782419,164166,12105783,5190,3768,81,48.53,35,在线
2026年5月3日,12:27:29,1777782449,164166,12105783,5190,3768,81,48.53,35,在线
2026年5月3日,12:27:59,1777782479,164166,12105783,5190,3768,81,48.53,35,在线
2026年5月3日,12:28:29,1777782509,164166,12105783,5190,3768,81,48.53,35,在线
2026年5月3日,12:28:59,1777782539,164166,12105783,5190,3768,81,48.53,35,在线
2026年5月3日,12:29:29,1777782569,164166,12105783,5190,3768,81,48.53,35,在线
2026年5月3日,12:29:59,1777782599,164166,12105783,5190,3768,81,48.53,35,在线
2026年5月3日,12:30:29,1777782629,164166,12105783,5307,3407,77,0,36,在线
2026年5月3日,12:30:59,1777782659,164166,12105783,5307,3407,77,0,36,在线
2026年5月3日,12:31:29,1777782689,164166,12105783,5307,3407,77,0,36,在线
2026年5月3日,12:31:59,1777782719,164166,12105783,5307,3407,77,0,36,在线
2026年5月3日,12:32:29,1777782749,164166,12105783,5307,3407,77,0,36,在线
2026年5月3日,12:32:59,1777782779,164166,12105783,5307,3407,77,0,36,在线
2026年5月3日,12:33:29,1777782809,164166,12105783,5307,3407,77,0,36,在线
2026年5月3日,12:33:59,1777782839,164166,12105783,5320,3407,77,0,36,在线
2026年5月3日,12:34:29,1777782869,164166,12105783,5320,3407,77,0,36,在线
2026年5月3日,12:34:59,1777782899,164166,12105783,5320,3407,77,0,36,在线
2026年5月3日,12:35:29,1777782929,164166,12105783,5323,3407,77,0,36,在线
2026年5月3日,12:35:59,1777782959,164166,12105783,5323,3407,77,0,36,在线
2026年5月3日,12:36:29,1777782989,164166,12105783,5323,3407,77,0,36,在线
2026年5月3日,12:36:59,1777783019,164166,12105783,5323,3407,77,0,36,在线
2026年5月3日,12:37:29,1777783049,164166,12105783,5323,3407,77,0,36,在线
2026年5月3日,12:37:59,1777783079,164166,12105783,5278,3399,77,13.42,36,在线
2026年5月3日,12:38:29,1777783109,164166,12105783,5278,3399,77,13.42,36,在线
2026年5月3日,12:38:59,1777783139,164166,12105783,5278,3399,77,13.42,36,在线
2026年5月3日,12:39:29,1777783169,164166,12105783,5278,3399,77,13.42,36,在线
2026年5月3日,12:39:59,1777783199,164166,12105783,5292,3379,77,4.7,36,在线
2026年5月3日,12:40:29,1777783229,164166,12105783,5292,3379,77,4.7,36,在线
2026年5月3日,12:40:59,1777783259,164166,12105783,5292,3379,77,4.7,36,在线
2026年5月3日,12:41:29,1777783289,164166,12105783,5292,3379,77,4.7,36,在线
2026年5月3日,12:41:59,1777783319,164166,12105783,5292,3379,77,4.7,36,在线
2026年5月3日,12:42:29,1777783349,164166,12105783,5292,3379,77,4.7,36,在线
2026年5月3日,12:42:59,1777783379,164166,12105783,5292,3379,77,4.7,36,在线
2026年5月3日,12:43:29,1777783409,164166,12105783,5292,3379,77,4.7,36,在线
2026年5月3日,12:43:59,1777783439,164166,12105783,5292,3379,77,4.7,36,在线
2026年5月3日,12:44:29,1777783469,164166,12105783,5292,3379,77,4.7,36,在线
2026年5月3日,12:44:59,1777783499,164166,12105783,5147,3379,72,42.81,36,在线
2026年5月3日,12:45:29,1777783529,164166,12105783,5147,3379,72,42.81,36,在线
2026年5月3日,12:45:59,1777783559,164166,12105783,5147,3379,72,42.81,36,在线
2026年5月3日,12:46:29,1777783589,164166,12105783,5147,3379,72,42.81,36,在线
2026年5月3日,12:46:59,1777783619,164166,12105783,5147,3379,72,42.81,36,在线
2026年5月3日,12:47:29,1777783649,164166,12105783,5147,3379,72,42.81,36,在线
2026年5月3日,12:47:59,1777783679,164166,12105783,5147,3379,72,42.81,36,在线
2026年5月3日,12:48:29,1777783709,164166,12105783,5268,3076,70,0,36,在线
2026年5月3日,12:49:59,1777783799,164166,12105783,5175,3076,70,46.49,36,在线
2026年5月3日,12:50:29,1777783829,164166,12105783,5175,3076,70,46.49,36,在线
2026年5月3日,12:50:59,1777783859,164166,12105783,5175,3076,70,46.49,36,在线
2026年5月3日,12:51:29,1777783889,164166,12105783,5175,3076,70,46.49,36,在线
2026年5月3日,12:51:59,1777783919,164166,12105783,5175,3076,70,46.49,36,在线
2026年5月3日,12:52:29,1777783949,164166,12105783,5140,3076,67,46.49,36,在线
2026年5月3日,12:52:59,1777783979,164166,12105783,5140,3076,67,46.49,36,在线
2026年5月3日,12:53:29,1777784009,164166,12105783,5140,3076,67,46.49,36,在线
2026年5月3日,12:53:59,1777784039,164166,12105783,5264,2949,67,0,36,在线
2026年5月3日,12:54:59,1777784099,164166,12105783,5204,2949,67,24.21,36,在线
2026年5月3日,12:55:29,1777784129,164166,12105783,5204,2949,67,24.21,36,在线
2026年5月3日,12:56:01,1777784161,164166,12105783,5204,2949,67,24.21,36,在线
2026年5月3日,12:56:29,1777784189,164166,12105783,5204,2949,67,24.21,36,在线
2026年5月3日,12:56:59,1777784219,164166,12105783,5204,2949,67,24.21,36,在线
2026年5月3日,12:57:29,1777784249,164166,12105783,5204,2949,67,24.21,36,在线
2026年5月3日,12:57:59,1777784279,164166,12105783,5204,2949,67,24.21,36,在线
2026年5月3日,12:58:29,1777784309,164166,12105783,5204,2949,67,24.21,36,在线
2026年5月3日,12:58:59,1777784339,164166,12105783,5204,2949,67,24.21,36,在线
2026年5月3日,12:59:29,1777784369,164166,12105783,5204,2949,67,24.21,36,在线
2026年5月3日,12:59:59,1777784399,164166,12105783,5126,2711,61,47.27,36,在线
2026年5月3日,13:00:29,1777784429,164166,12105783,5126,2711,61,47.27,36,在线
2026年5月3日,13:00:59,1777784459,164166,12105783,5126,2711,61,47.27,36,在线
2026年5月3日,13:01:29,1777784489,164166,12105783,5126,2711,61,47.27,36,在线
2026年5月3日,13:01:59,1777784519,164166,12105783,5126,2711,61,47.27,36,在线
2026年5月3日,13:02:29,1777784549,164166,12105783,5126,2711,61,47.27,36,在线
2026年5月3日,13:02:59,1777784579,164166,12105783,5126,2711,61,47.27,36,在线
2026年5月3日,13:03:29,1777784609,164166,12105783,5126,2711,61,47.27,36,在线
2026年5月3日,13:03:59,1777784639,164166,12105783,5126,2711,61,47.27,36,在线
2026年5月3日,13:04:29,1777784669,164166,12105783,5126,2711,61,47.27,36,在线
2026年5月3日,13:04:59,1777784699,164166,12105783,5247,2711,57,0,37,在线
2026年5月3日,13:05:29,1777784729,164166,12105783,5256,2522,57,0,37,在线
2026年5月3日,13:09:59,1777784999,164166,12105783,5265,2522,57,0,37,在线
2026年5月3日,13:15:29,1777785329,164166,12105783,5271,2522,57,0,36,在线
2026年5月3日,13:19:59,1777785599,164166,12105783,5271,2522,57,0,36,在线
2026年5月3日,13:23:00,1777785780,164166,12105783,5239,2519,57,15.86,36,在线
2026年5月3日,13:23:29,1777785809,164166,12105783,5239,2519,57,15.86,36,在线
2026年5月3日,13:23:59,1777785839,164166,12105783,5239,2519,57,15.86,36,在线
2026年5月3日,13:24:29,1777785869,164166,12105783,5267,2519,57,0,36,在线
2026年5月3日,13:29:59,1777786199,164166,12105783,5271,2511,57,0,36,在线
2026年5月3日,13:39:59,1777786799,164166,12105783,5273,2511,57,0,36,在线
2026年5月3日,13:43:59,1777787039,164166,12105783,5165,2503,57,48.61,36,在线
2026年5月3日,13:44:29,1777787069,164166,12105783,5165,2503,57,48.61,36,在线
2026年5月3日,13:44:59,1777787099,164166,12105783,5165,2503,57,48.61,36,在线
2026年5月3日,13:45:29,1777787129,164166,12105783,5165,2503,57,48.61,36,在线
2026年5月3日,13:45:59,1777787159,164166,12105783,5165,2503,57,48.61,36,在线
2026年5月3日,13:46:29,1777787189,164166,12105783,5165,2503,57,48.61,36,在线
2026年5月3日,13:46:59,1777787219,164166,12105783,5257,2503,56,0,36,在线
2026年5月3日,13:47:59,1777787279,164166,12105783,5209,2457,56,13.45,36,在线
2026年5月3日,13:48:29,1777787309,164166,12105783,5209,2457,56,13.45,36,在线
2026年5月3日,13:48:59,1777787339,164166,12105783,5209,2457,56,13.45,36,在线
2026年5月3日,13:49:29,1777787369,164166,12105783,5209,2457,56,13.45,36,在线
2026年5月3日,13:49:59,1777787399,164166,12105783,5209,2457,56,13.45,36,在线
2026年5月3日,13:50:29,1777787429,164166,12105783,5209,2457,56,13.45,36,在线
2026年5月3日,13:50:59,1777787459,164166,12105783,5209,2457,56,13.45,36,在线
2026年5月3日,13:51:29,1777787489,164166,12105783,5209,2457,56,13.45,36,在线
2026年5月3日,13:51:59,1777787519,164166,12105783,5209,2457,56,13.45,36,在线
2026年5月3日,13:52:29,1777787549,164166,12105783,5209,2457,56,13.45,36,在线
2026年5月3日,13:52:59,1777787579,164166,12105783,5113,2457,51,46.3,36,在线
2026年5月3日,13:53:29,1777787609,164166,12105783,5113,2457,51,46.3,36,在线
2026年5月3日,13:53:59,1777787639,164166,12105783,5113,2457,51,46.3,36,在线
2026年5月3日,13:54:29,1777787669,164166,12105783,5238,2232,51,0,36,在线
2026年5月3日,13:54:59,1777787699,164166,12105783,5141,2232,50,48.67,36,在线
2026年5月3日,13:55:29,1777787729,164166,12105783,5141,2232,50,48.67,36,在线
2026年5月3日,13:55:59,1777787759,164166,12105783,5141,2232,50,48.67,36,在线
2026年5月3日,13:56:29,1777787789,164166,12105783,5141,2232,50,48.67,36,在线
2026年5月3日,13:56:59,1777787819,164166,12105783,5243,2189,50,0,36,在线
2026年5月3日,13:57:29,1777787849,164166,12105783,5142,2189,50,46.15,36,在线
2026年5月3日,13:57:59,1777787879,164166,12105783,5142,2189,50,46.15,36,在线
2026年5月3日,13:58:29,1777787909,164166,12105783,5142,2189,50,46.15,36,在线
2026年5月3日,13:58:59,1777787939,164166,12105783,5142,2189,50,46.15,36,在线
2026年5月3日,13:59:29,1777787969,164166,12105783,5142,2189,50,46.15,36,在线
2026年5月3日,13:59:59,1777787999,164166,12105783,5142,2189,50,46.15,36,在线
2026年5月3日,14:00:29,1777788029,164166,12105783,5142,2189,50,46.15,36,在线
2026年5月3日,14:00:59,1777788059,164166,12105783,5142,2189,50,46.15,36,在线
2026年5月3日,14:01:29,1777788089,164166,12105783,5235,2047,46,0,36,在线
2026年5月3日,14:02:29,1777788149,164166,12105783,5158,2047,46,33.61,36,在线
2026年5月3日,14:02:59,1777788179,164166,12105783,5158,2047,46,33.61,36,在线
2026年5月3日,14:03:29,1777788209,164166,12105783,5158,2047,46,33.61,36,在线
2026年5月3日,14:03:59,1777788239,164166,12105783,5158,2047,46,33.61,36,在线
2026年5月3日,14:04:29,1777788269,164166,12105783,5158,2047,46,33.61,36,在线
2026年5月3日,14:04:59,1777788299,164166,12105783,5158,2047,46,33.61,36,在线
2026年5月3日,14:05:29,1777788329,164166,12105783,5158,2047,46,33.61,36,在线
2026年5月3日,14:05:59,1777788359,164166,12105783,5236,1965,45,0,36,在线
2026年5月3日,14:06:29,1777788389,164166,12105783,5152,1965,44,33.88,36,在线
2026年5月3日,14:06:59,1777788419,164166,12105783,5152,1965,44,33.88,36,在线
2026年5月3日,14:07:29,1777788449,164166,12105783,5152,1965,44,33.88,36,在线
2026年5月3日,14:07:59,1777788479,164166,12105783,5152,1965,44,33.88,36,在线
2026年5月3日,14:08:29,1777788509,164166,12105783,5152,1965,44,33.88,36,在线
2026年5月3日,14:08:59,1777788539,164166,12105783,5152,1965,44,33.88,36,在线
2026年5月3日,14:09:29,1777788569,164166,12105783,5152,1965,44,33.88,36,在线
2026年5月3日,14:09:59,1777788599,164166,12105783,5152,1965,44,33.88,36,在线
2026年5月3日,14:10:29,1777788629,164166,12105783,5152,1965,44,33.88,36,在线
2026年5月3日,14:10:59,1777788659,164166,12105783,5152,1965,44,33.88,36,在线
2026年5月3日,14:11:29,1777788689,164166,12105783,5094,1804,41,33.9,36,在线
2026年5月3日,14:11:59,1777788719,164166,12105783,5094,1804,41,33.9,36,在线
2026年5月3日,14:12:29,1777788749,164166,12105783,5094,1804,41,33.9,36,在线
2026年5月3日,14:12:59,1777788779,164166,12105783,5094,1804,41,33.9,36,在线
2026年5月3日,14:13:29,1777788809,164166,12105783,5094,1804,41,33.9,36,在线
2026年5月3日,14:13:59,1777788839,164166,12105783,5220,1804,40,0,37,在线
2026年5月3日,14:14:29,1777788869,164166,12105783,5119,1752,40,46.97,37,在线
2026年5月3日,14:14:59,1777788899,164166,12105783,5119,1752,40,46.97,37,在线
2026年5月3日,14:15:29,1777788929,164166,12105783,5119,1752,40,46.97,37,在线
2026年5月3日,14:15:59,1777788959,164166,12105783,5119,1752,40,46.97,37,在线
2026年5月3日,14:16:29,1777788989,164166,12105783,5119,1752,40,46.97,37,在线
2026年5月3日,14:16:59,1777789019,164166,12105783,5119,1752,40,46.97,37,在线
2026年5月3日,14:17:29,1777789049,164166,12105783,5119,1752,40,46.97,37,在线
2026年5月3日,14:17:59,1777789079,164166,12100905,5475,4642,100,0,34,在线
2026年5月3日,14:18:29,1777789109,164166,12100905,5304,4634,100,47.08,34,在线
2026年5月3日,14:18:59,1777789139,164166,12100905,5304,4634,100,47.08,34,在线
2026年5月3日,14:19:29,1777789169,164166,12100905,5304,4634,100,47.08,34,在线
2026年5月3日,14:19:59,1777789199,164166,12100905,5304,4634,100,47.08,34,在线
2026年5月3日,14:20:29,1777789229,164166,12100905,5304,4634,100,47.08,34,在线
2026年5月3日,14:20:59,1777789259,164166,12100905,5304,4634,100,47.08,34,在线
2026年5月3日,14:21:29,1777789289,164166,12100905,5304,4634,100,47.08,34,在线
2026年5月3日,14:21:59,1777789319,164166,12100905,5304,4634,100,47.08,34,在线
2026年5月3日,14:22:29,1777789349,164166,12100905,5304,4634,100,47.08,34,在线
2026年5月3日,14:22:59,1777789379,164166,12100905,5304,4634,100,47.08,34,在线
2026年5月3日,14:23:29,1777789409,164166,12100905,5308,4634,97,0,35,在线
2026年5月3日,14:23:59,1777789439,164166,12100905,5312,4501,97,0,35,在线
2026年5月3日,14:24:29,1777789469,164166,12100905,5312,4501,97,0,35,在线
2026年5月3日,14:29:59,1777789799,164166,12100905,5322,4501,97,0,35,在线
2026年5月3日,14:31:59,1777789919,164166,12100905,5302,4496,97,2.51,35,在线
2026年5月3日,14:32:29,1777789949,164166,12100905,5302,4496,97,2.51,35,在线
2026年5月3日,14:32:59,1777789979,164166,12100905,5302,4496,97,2.51,35,在线
2026年5月3日,14:33:29,1777790009,164166,12100905,5302,4496,97,2.51,35,在线
2026年5月3日,14:33:59,1777790039,164166,12100905,5302,4496,97,2.51,35,在线
2026年5月3日,14:34:29,1777790069,164166,12100905,5302,4496,97,2.51,35,在线
2026年5月3日,14:34:59,1777790099,164166,12100905,5302,4496,97,2.51,35,在线
2026年5月3日,14:35:29,1777790129,164166,12100905,5302,4496,97,2.51,35,在线
2026年5月3日,14:35:59,1777790159,164166,12100905,5302,4496,97,2.51,35,在线
2026年5月3日,14:36:29,1777790189,164166,12100905,5302,4496,97,2.51,35,在线
2026年5月3日,14:36:59,1777790219,164166,12100905,5298,4496,93,0.29,35,在线
2026年5月3日,14:37:29,1777790249,164166,12100905,5298,4496,93,0.29,35,在线
2026年5月3日,14:37:59,1777790279,164166,12100905,5298,4496,93,0.29,35,在线
2026年5月3日,14:38:29,1777790309,164166,12100905,5298,4496,93,0.29,35,在线
2026年5月3日,14:38:59,1777790339,164166,12100905,5298,4496,93,0.29,35,在线
2026年5月3日,14:39:29,1777790369,164166,12100905,5298,4496,93,0.29,35,在线
2026年5月3日,14:39:59,1777790399,164166,12100905,5298,4496,93,0.29,35,在线
2026年5月3日,14:40:29,1777790429,164166,12100905,5298,4496,93,0.29,35,在线
2026年5月3日,14:40:59,1777790459,164166,12100905,5298,4496,93,0.29,35,在线
2026年5月3日,14:41:29,1777790489,164166,12100905,5298,4496,93,0.29,35,在线
2026年5月3日,14:41:59,1777790519,164166,12100905,5302,4150,90,0,36,在线
2026年5月3日,14:44:29,1777790669,164166,12100905,5302,4150,90,0,36,在线
2026年5月3日,14:44:59,1777790699,164166,12100905,5302,4150,90,0,36,在线
2026年5月3日,14:45:29,1777790729,164166,12100905,5302,4150,90,0,36,在线
2026年5月3日,14:45:59,1777790759,164166,12100905,5302,4150,90,0,36,在线
2026年5月3日,14:46:29,1777790789,164166,12100905,5302,4150,90,0,36,在线
2026年5月3日,14:46:59,1777790819,164166,12100905,5291,4150,86,0.36,36,在线
2026年5月3日,14:47:29,1777790849,164166,12100905,5291,4150,86,0.36,36,在线
2026年5月3日,14:47:59,1777790879,164166,12100905,5291,4150,86,0.36,36,在线
2026年5月3日,14:48:29,1777790909,164166,12100905,5291,4150,86,0.36,36,在线
2026年5月3日,14:48:59,1777790939,164166,12100905,5291,4150,86,0.36,36,在线
2026年5月3日,14:49:29,1777790969,164166,12100905,5291,4150,86,0.36,36,在线
2026年5月3日,14:49:59,1777790999,164166,12100905,5291,4150,86,0.36,36,在线
2026年5月3日,14:50:29,1777791029,164166,12100905,5291,4150,86,0.36,36,在线
2026年5月3日,14:50:59,1777791059,164166,12100905,5291,4150,86,0.36,36,在线
2026年5月3日,14:51:29,1777791089,164166,12100905,5291,4150,86,0.36,36,在线
2026年5月3日,14:51:59,1777791119,164166,12100905,5311,3851,83,0,37,在线
2026年5月3日,14:52:29,1777791149,164166,12100905,5311,3851,83,0,37,在线
2026年5月3日,14:52:59,1777791179,164166,12100905,5311,3851,83,0,37,在线
2026年5月3日,14:53:29,1777791209,164166,12100905,5311,3851,83,0,37,在线
2026年5月3日,14:53:59,1777791239,164166,12100905,5311,3851,83,0,37,在线
2026年5月3日,14:54:29,1777791269,164166,12100905,5311,3851,83,0,37,在线
2026年5月3日,14:54:59,1777791299,164166,12100905,5311,3851,83,0,37,在线
2026年5月3日,14:55:29,1777791329,164166,12100905,5319,3851,83,0,37,在线
2026年5月3日,14:55:59,1777791359,164166,12100905,5319,3851,83,0,37,在线
2026年5月3日,14:56:29,1777791389,164166,12100905,5319,3851,83,0,37,在线
2026年5月3日,14:56:59,1777791419,164166,12100905,5322,3850,83,0,37,在线
2026年5月3日,14:57:29,1777791449,164166,12100905,5322,3850,83,0,37,在线
2026年5月3日,14:57:59,1777791479,164166,12100905,5279,3850,83,10.97,37,在线
2026年5月3日,14:58:29,1777791509,164166,12100905,5279,3850,83,10.97,37,在线
2026年5月3日,14:58:59,1777791539,164166,12100905,5279,3850,83,10.97,37,在线
2026年5月3日,14:59:29,1777791569,164166,12100905,5279,3850,83,10.97,37,在线
2026年5月3日,14:59:59,1777791599,164166,12100905,5279,3850,83,10.97,37,在线
2026年5月3日,15:00:29,1777791629,164166,12100905,5279,3850,83,10.97,37,在线
2026年5月3日,15:00:59,1777791659,164166,12100905,5315,3815,82,0,37,在线
2026年5月3日,15:01:29,1777791689,164166,12100905,5315,3815,82,0,37,在线
2026年5月3日,15:03:29,1777791809,164166,12100905,5257,3815,82,25.13,37,在线
2026年5月3日,15:03:59,1777791839,164166,12100905,5257,3815,82,25.13,37,在线
2026年5月3日,15:04:29,1777791869,164166,12100905,5257,3815,82,25.13,37,在线
2026年5月3日,15:04:59,1777791899,164166,12100905,5257,3815,82,25.13,37,在线
2026年5月3日,15:05:29,1777791929,164166,12100905,5257,3815,82,25.13,37,在线
2026年5月3日,15:05:59,1777791959,164166,12100905,5257,3815,82,25.13,37,在线
2026年5月3日,15:06:29,1777791989,164166,12100905,5257,3815,82,25.13,37,在线
2026年5月3日,15:06:59,1777792019,164166,12100905,5257,3815,82,25.13,37,在线
2026年5月3日,15:07:29,1777792049,164166,12100905,5257,3815,82,25.13,37,在线
2026年5月3日,15:07:59,1777792079,164166,12100905,5257,3815,82,25.13,37,在线
2026年5月3日,15:08:29,1777792109,164166,12100905,5280,3675,79,0.39,37,在线
2026年5月3日,15:08:59,1777792139,164166,12100905,5293,3675,79,0,37,在线
2026年5月3日,15:09:29,1777792169,164166,12100905,5293,3675,79,0,37,在线
2026年5月3日,15:09:59,1777792199,164166,12100905,5196,3669,79,47.48,37,在线
2026年5月3日,15:10:29,1777792229,164166,12100905,5196,3669,79,47.48,37,在线
2026年5月3日,15:10:59,1777792259,164166,12100905,5196,3669,79,47.48,37,在线
2026年5月3日,15:11:29,1777792289,164166,12100905,5196,3669,79,47.48,37,在线
2026年5月3日,15:11:59,1777792319,164166,12100905,5196,3669,79,47.48,37,在线
2026年5月3日,15:12:29,1777792349,164166,12100905,5196,3669,79,47.48,37,在线
2026年5月3日,15:12:59,1777792379,164166,12100905,5196,3669,79,47.48,37,在线
2026年5月3日,15:13:29,1777792409,164166,12100905,5196,3669,79,47.48,37,在线
2026年5月3日,15:13:59,1777792439,164166,12100905,5196,3669,79,47.48,37,在线
2026年5月3日,15:14:29,1777792469,164166,12100905,5196,3669,79,47.48,37,在线
2026年5月3日,15:14:59,1777792499,164166,12100905,5257,3669,76,0.11,37,在线
2026年5月3日,15:15:29,1777792529,164166,12100905,5257,3669,76,0.11,37,在线
2026年5月3日,15:15:59,1777792559,164166,12100905,5257,3669,76,0.11,37,在线
2026年5月3日,15:16:32,1777792592,164166,12100905,5257,3669,76,0.11,37,在线
2026年5月3日,15:17:00,1777792620,164166,12100905,5257,3669,76,0.11,37,在线
2026年5月3日,15:17:31,1777792651,164166,12100905,5257,3669,76,0.11,37,在线
2026年5月3日,15:17:59,1777792679,164166,12100905,5257,3669,76,0.11,37,在线
2026年5月3日,15:18:29,1777792709,164166,12100905,5257,3669,76,0.11,37,在线
2026年5月3日,15:18:59,1777792739,164166,12100905,5264,3415,74,0,37,在线
2026年5月3日,15:19:29,1777792769,164166,12100905,5264,3415,74,0,37,在线
2026年5月3日,15:19:59,1777792799,164166,12100905,5264,3415,74,0,37,在线
2026年5月3日,15:20:29,1777792829,164166,12100905,5264,3415,74,0,37,在线
2026年5月3日,15:21:08,1777792868,164166,12100905,5211,3415,74,19.18,37,在线
2026年5月3日,15:21:59,1777792919,164166,12100905,5211,3415,74,19.18,37,在线
2026年5月3日,15:22:29,1777792949,164166,12100905,5211,3415,74,19.18,37,在线
2026年5月3日,15:23:00,1777792980,164166,12100905,5211,3415,74,19.18,37,在线
2026年5月3日,15:23:29,1777793009,164166,12100905,5211,3415,74,19.18,37,在线
2026年5月3日,15:23:59,1777793039,164166,12100905,5211,3415,74,19.18,37,在线
2026年5月3日,15:24:30,1777793070,164166,12100905,5211,3415,74,19.18,37,在线
2026年5月3日,15:24:59,1777793099,164166,12100905,5211,3415,74,19.18,37,在线
2026年5月3日,15:25:29,1777793129,164166,12100905,5211,3415,74,19.18,37,在线
2026年5月3日,15:25:59,1777793159,164166,12100905,5250,3240,70,0,37,在线
2026年5月3日,15:26:29,1777793189,164166,12100905,5250,3240,70,0,37,在线
2026年5月3日,15:26:59,1777793219,164166,12100905,5250,3240,70,0,37,在线
2026年5月3日,15:27:29,1777793249,164166,12100905,5250,3240,70,0,37,在线
2026年5月3日,15:27:59,1777793279,164166,12100905,5250,3240,70,0,37,在线
2026年5月3日,15:28:29,1777793309,164166,12100905,5250,3240,70,0,37,在线
2026年5月3日,15:28:59,1777793339,164166,12100905,5250,3240,70,0,37,在线
2026年5月3日,15:29:29,1777793369,164166,12100905,5250,3240,70,0,37,在线
2026年5月3日,15:29:59,1777793399,164166,12100905,5250,3240,70,0,37,在线
2026年5月3日,15:30:29,1777793429,164166,12100905,5250,3240,70,0,37,在线
2026年5月3日,15:30:59,1777793459,164166,12100905,5139,3240,67,42.11,37,在线
2026年5月3日,15:31:29,1777793489,164166,12100905,5139,3240,67,42.11,37,在线
2026年5月3日,15:31:59,1777793519,164166,12100905,5257,3094,67,0,37,在线
2026年5月3日,15:32:29,1777793549,164166,12100905,5257,3094,67,0,37,在线
2026年5月3日,15:32:59,1777793579,164166,12100905,5257,3094,67,0,37,在线
2026年5月3日,15:33:29,1777793609,164166,12100905,5257,3094,67,0,37,在线
2026年5月3日,15:33:59,1777793639,164166,12100905,5257,3094,67,0,37,在线
2026年5月3日,15:39:59,1777793999,164166,12100905,5267,3094,67,0,37,在线
2026年5月3日,15:49:59,1777794599,164166,12100905,5269,3094,67,0,37,在线
2026年5月3日,15:52:29,1777794749,164166,12100905,5269,3094,67,0,37,在线
2026年5月3日,15:52:59,1777794779,164166,12100905,5186,3088,67,35.7,37,在线
2026年5月3日,15:53:29,1777794809,164166,12100905,5186,3088,67,35.7,37,在线
2026年5月3日,15:53:59,1777794839,164166,12100905,5186,3088,67,35.7,37,在线
2026年5月3日,15:54:29,1777794869,164166,12100905,5186,3088,67,35.7,37,在线
2026年5月3日,15:54:59,1777794899,164166,12100905,5186,3088,67,35.7,37,在线
2026年5月3日,15:55:29,1777794929,164166,12100905,5186,3088,67,35.7,37,在线
2026年5月3日,15:55:59,1777794959,164166,12100905,5186,3088,67,35.7,37,在线
2026年5月3日,15:56:29,1777794989,164166,12100905,5186,3088,67,35.7,37,在线
2026年5月3日,15:56:59,1777795019,164166,12100905,5186,3088,67,35.7,37,在线
2026年5月3日,15:57:29,1777795049,164166,12100905,5186,3088,67,35.7,37,在线
2026年5月3日,15:57:59,1777795079,164166,12100905,5100,3088,62,46.99,37,在线
2026年5月3日,15:58:29,1777795109,164166,12100905,5100,3088,62,46.99,37,在线
2026年5月3日,15:58:59,1777795139,164166,12100905,5100,3088,62,46.99,37,在线
2026年5月3日,15:59:29,1777795169,164166,12100905,5100,3088,62,46.99,37,在线
2026年5月3日,15:59:59,1777795199,164166,12100905,5100,3088,62,46.99,37,在线
2026年5月3日,16:00:29,1777795229,164166,12100905,5100,3088,62,46.99,37,在线
2026年5月3日,16:00:59,1777795259,164166,12100905,5100,3088,62,46.99,37,在线
2026年5月3日,16:01:29,1777795289,164166,12100905,5100,3088,62,46.99,37,在线
2026年5月3日,16:01:59,1777795319,164166,12100905,5100,3088,62,46.99,37,在线
2026年5月3日,16:02:29,1777795349,164166,12100905,5100,3088,62,46.99,37,在线
2026年5月3日,16:02:59,1777795379,164166,12100905,5241,2684,58,0,38,在线
2026年5月3日,16:04:29,1777795469,164166,12100905,5207,2684,58,16.53,38,在线
2026年5月3日,16:04:59,1777795499,164166,12100905,5207,2684,58,16.53,38,在线
2026年5月3日,16:05:29,1777795529,164166,12100905,5207,2684,58,16.53,38,在线
2026年5月3日,16:05:59,1777795559,164166,12100905,5207,2684,58,16.53,38,在线
2026年5月3日,16:06:29,1777795589,164166,12100905,5207,2684,58,16.53,38,在线
2026年5月3日,16:06:59,1777795619,164166,12100905,5207,2684,58,16.53,38,在线
2026年5月3日,16:07:29,1777795649,164166,12100905,5207,2684,58,16.53,38,在线
2026年5月3日,16:07:59,1777795679,164166,12100905,5207,2684,58,16.53,38,在线
2026年5月3日,16:08:29,1777795709,164166,12100905,5207,2684,58,16.53,38,在线
2026年5月3日,16:08:59,1777795739,164166,12100905,5207,2684,58,16.53,38,在线
2026年5月3日,16:09:29,1777795769,164166,12100905,5206,2543,55,8.91,38,在线
2026年5月3日,16:09:59,1777795799,164166,12100905,5206,2543,55,8.91,38,在线
2026年5月3日,16:10:29,1777795829,164166,12100905,5206,2543,55,8.91,38,在线
2026年5月3日,16:10:59,1777795859,164166,12100905,5206,2543,55,8.91,38,在线
2026年5月3日,16:11:29,1777795889,164166,12100905,5206,2543,55,8.91,38,在线
2026年5月3日,16:11:59,1777795919,164166,12100905,5206,2543,55,8.91,38,在线
2026年5月3日,16:12:29,1777795949,164166,12100905,5206,2543,55,8.91,38,在线
2026年5月3日,16:12:59,1777795979,164166,12100905,5206,2543,55,8.91,38,在线
2026年5月3日,16:13:29,1777796009,164166,12100905,5206,2543,55,8.91,38,在线
2026年5月3日,16:13:59,1777796039,164166,12100905,5206,2543,55,8.91,38,在线
2026年5月3日,16:14:29,1777796069,164166,12100905,5112,2543,50,39.46,38,在线
2026年5月3日,16:14:59,1777796099,164166,12100905,5112,2543,50,39.46,38,在线
2026年5月3日,16:15:29,1777796129,164166,12105787,5447,4739,100,0,31,在线
2026年5月3日,16:15:59,1777796159,164166,12105787,5323,4739,100,0,31,在线
2026年5月3日,16:16:29,1777796189,164166,12105787,5323,4729,100,32.54,31,在线
2026年5月3日,16:16:59,1777796219,164166,12105787,5323,4729,100,32.54,31,在线
2026年5月3日,16:17:29,1777796249,164166,12105787,5323,4729,100,32.54,31,在线
2026年5月3日,16:17:59,1777796279,164166,12105787,5345,4729,100,0,31,在线
2026年5月3日,16:19:59,1777796399,164166,12105787,5345,4729,100,0,31,在线
2026年5月3日,16:22:59,1777796579,164166,12105787,5341,4717,100,0,31,在线
2026年5月3日,16:26:59,1777796819,164166,12105787,5232,4717,100,48.98,31,在线
2026年5月3日,16:27:29,1777796849,164166,12105787,5232,4717,100,48.98,31,在线
2026年5月3日,16:27:59,1777796879,164166,12105787,5232,4717,100,48.98,31,在线
2026年5月3日,16:28:29,1777796909,164166,12105787,5232,4717,100,48.98,31,在线
2026年5月3日,16:28:59,1777796939,164166,12105787,5232,4717,100,48.98,31,在线
2026年5月3日,16:29:29,1777796969,164166,12105787,5232,4717,100,48.98,31,在线
2026年5月3日,16:29:59,1777796999,164166,12105787,5232,4717,100,48.98,31,在线
2026年5月3日,16:30:29,1777797029,164166,12105787,5232,4717,100,48.98,31,在线
2026年5月3日,16:30:59,1777797059,164166,12105787,5232,4717,100,48.98,31,在线
2026年5月3日,16:31:29,1777797089,164166,12105787,5232,4717,100,48.98,31,在线
2026年5月3日,16:31:59,1777797119,164166,12105787,5300,4602,97,2.43,31,在线
2026年5月3日,16:32:29,1777797149,164166,12105787,5300,4602,97,2.43,31,在线
2026年5月3日,16:32:59,1777797179,164166,12105787,5300,4602,97,2.43,31,在线
2026年5月3日,16:33:29,1777797209,164166,12105787,5300,4602,97,2.43,31,在线
2026年5月3日,16:33:59,1777797239,164166,12105787,5300,4602,97,2.43,31,在线
2026年5月3日,16:34:29,1777797269,164166,12105787,5316,4602,96,0,31,在线
2026年5月3日,16:34:59,1777797299,164166,12105787,5229,4552,96,49.02,31,在线
2026年5月3日,16:35:29,1777797329,164166,12105787,5229,4552,96,49.02,31,在线
2026年5月3日,16:35:59,1777797359,164166,12105787,5229,4552,96,49.02,31,在线
2026年5月3日,16:36:29,1777797389,164166,12105787,5229,4552,96,49.02,31,在线
2026年5月3日,16:36:59,1777797419,164166,12105787,5229,4552,96,49.02,31,在线
2026年5月3日,16:37:29,1777797449,164166,12105787,5229,4552,96,49.02,31,在线
2026年5月3日,16:37:59,1777797479,164166,12105787,5229,4552,96,49.02,31,在线
2026年5月3日,16:38:29,1777797509,164166,12105787,5229,4552,96,49.02,31,在线
2026年5月3日,16:38:59,1777797539,164166,12105787,5229,4552,96,49.02,31,在线
2026年5月3日,16:39:29,1777797569,164166,12105787,5229,4552,96,49.02,31,在线
2026年5月3日,16:39:59,1777797599,164166,12105787,5316,4552,92,0,32,在线
2026年5月3日,16:40:29,1777797629,164166,12105787,5316,4552,92,0,32,在线
2026年5月3日,16:43:59,1777797839,164166,12105787,5243,4356,92,43.41,32,在线
2026年5月3日,16:44:29,1777797869,164166,12105787,5243,4356,92,43.41,32,在线
2026年5月3日,16:44:59,1777797899,164166,12105787,5243,4356,92,43.41,32,在线
2026年5月3日,16:45:29,1777797929,164166,12105787,5243,4356,92,43.41,32,在线
2026年5月3日,16:45:59,1777797959,164166,12105787,5243,4356,92,43.41,32,在线
2026年5月3日,16:46:29,1777797989,164166,12105787,5213,4356,90,43.41,32,在线
2026年5月3日,16:46:59,1777798019,164166,12105787,5213,4356,90,43.41,32,在线
2026年5月3日,16:47:29,1777798049,164166,12105787,5213,4356,90,43.41,32,在线
2026年5月3日,16:47:59,1777798079,164166,12105787,5213,4356,90,43.41,32,在线
2026年5月3日,16:48:29,1777798109,164166,12105787,5319,4356,89,0,33,在线
2026年5月3日,16:48:59,1777798139,164166,12105787,5229,4215,89,41.43,33,在线
2026年5月3日,16:49:29,1777798169,164166,12105787,5229,4215,89,41.43,33,在线
2026年5月3日,16:49:59,1777798199,164166,12105787,5229,4215,89,41.43,33,在线
2026年5月3日,16:50:29,1777798229,164166,12105787,5229,4215,89,41.43,33,在线
2026年5月3日,16:50:59,1777798259,164166,12105787,5229,4215,89,41.43,33,在线
2026年5月3日,16:51:29,1777798289,164166,12105787,5229,4215,89,41.43,33,在线
2026年5月3日,16:51:59,1777798319,164166,12105787,5229,4215,89,41.43,33,在线
2026年5月3日,16:52:29,1777798349,164166,12105787,5229,4215,89,41.43,33,在线
2026年5月3日,16:52:59,1777798379,164166,12105787,5229,4215,89,41.43,33,在线
2026年5月3日,16:53:29,1777798409,164166,12105787,5229,4215,89,41.43,33,在线
2026年5月3日,16:53:59,1777798439,164166,12105787,5272,4215,85,12.15,33,在线
2026年5月3日,16:54:29,1777798469,164166,12105787,5272,4215,85,12.15,33,在线
2026年5月3日,16:54:59,1777798499,164166,12105787,5272,4215,85,12.15,33,在线
2026年5月3日,16:55:29,1777798529,164166,12105787,5272,4215,85,12.15,33,在线
2026年5月3日,16:55:59,1777798559,164166,12105787,5315,3985,84,0,33,在线
2026年5月3日,16:56:29,1777798589,164166,12105787,5218,3985,84,49.18,33,在线
2026年5月3日,16:56:59,1777798619,164166,12105787,5216,3977,84,47.63,33,在线
2026年5月3日,16:57:29,1777798649,164166,12105787,5216,3977,84,47.63,33,在线
2026年5月3日,16:57:59,1777798679,164166,12105787,5216,3977,84,47.63,33,在线
2026年5月3日,16:58:29,1777798709,164166,12105787,5216,3977,84,47.63,33,在线
2026年5月3日,16:58:59,1777798739,164166,12105787,5216,3977,84,47.63,33,在线
2026年5月3日,16:59:29,1777798769,164166,12105787,5216,3977,84,47.63,33,在线
2026年5月3日,16:59:59,1777798799,164166,12105787,5216,3977,84,47.63,33,在线
2026年5月3日,17:00:29,1777798829,164166,12105787,5216,3977,84,47.63,33,在线
2026年5月3日,17:00:59,1777798859,164166,12105787,5216,3977,84,47.63,33,在线
2026年5月3日,17:01:29,1777798889,164166,12105787,5216,3977,84,47.63,33,在线
2026年5月3日,17:01:59,1777798919,164166,12105787,5309,3830,81,0.32,34,在线
2026年5月3日,17:02:29,1777798949,164166,12105787,5313,3830,81,0,34,在线
2026年5月3日,17:02:59,1777798979,164166,12105787,5313,3830,81,0,34,在线
2026年5月3日,17:03:29,1777799009,164166,12105787,5313,3830,81,0,34,在线
2026年5月3日,17:09:59,1777799399,164166,12105787,5326,3829,81,0,34,在线
2026年5月3日,17:19:59,1777799999,164166,12105787,5329,3829,81,0,34,在线
2026年5月3日,17:27:29,1777800449,164166,12105787,5330,3829,81,0,33,在线
2026年5月3日,17:29:59,1777800599,164166,12105787,5331,3829,81,0,33,在线
2026年5月3日,17:33:29,1777800809,164166,12105787,5331,3829,81,0,33,在线
2026年5月3日,17:37:29,1777801049,164166,12105787,5271,3823,81,15.84,33,在线
2026年5月3日,17:37:59,1777801079,164166,12105787,5271,3823,81,15.84,33,在线
2026年5月3日,17:38:29,1777801109,164166,12105787,5271,3823,81,15.84,33,在线
2026年5月3日,17:38:59,1777801139,164166,12105787,5271,3823,81,15.84,33,在线
2026年5月3日,17:39:29,1777801169,164166,12105787,5271,3823,81,15.84,33,在线
2026年5月3日,17:39:59,1777801199,164166,12105787,5271,3823,81,15.84,33,在线
2026年5月3日,17:40:29,1777801229,164166,12105787,5319,3823,80,0,33,在线
2026年5月3日,17:40:59,1777801259,164166,12105787,5319,3823,80,0,33,在线
2026年5月3日,17:42:59,1777801379,164166,12105787,5218,3771,80,42.48,33,在线
2026年5月3日,17:43:29,1777801409,164166,12105787,5218,3771,80,42.48,33,在线
2026年5月3日,17:43:59,1777801439,164166,12105787,5218,3771,80,42.48,33,在线
2026年5月3日,17:44:29,1777801469,164166,12105787,5218,3771,80,42.48,33,在线
2026年5月3日,17:44:59,1777801499,164166,12105787,5314,3771,79,0,33,在线
2026年5月3日,17:45:29,1777801529,164166,12105787,5259,3743,79,7.62,33,在线
2026年5月3日,17:45:59,1777801559,164166,12105787,5259,3743,79,7.62,33,在线
2026年5月3日,17:46:29,1777801589,164166,12105787,5227,3728,79,33.48,33,在线
2026年5月3日,17:46:59,1777801619,164166,12105787,5227,3728,79,33.48,33,在线
2026年5月3日,17:47:29,1777801649,164166,12105787,5227,3728,79,33.48,33,在线
2026年5月3日,17:47:59,1777801679,164166,12105787,5227,3728,79,33.48,33,在线
2026年5月3日,17:48:29,1777801709,164166,12105787,5227,3728,79,33.48,33,在线
2026年5月3日,17:48:59,1777801739,164166,12105787,5227,3728,79,33.48,33,在线
2026年5月3日,17:49:29,1777801769,164166,12105787,5227,3728,79,33.48,33,在线
2026年5月3日,17:49:59,1777801799,164166,12105787,5227,3728,79,33.48,33,在线
2026年5月3日,17:50:29,1777801829,164166,12105787,5227,3728,79,33.48,33,在线
2026年5月3日,17:50:59,1777801859,164166,12105787,5227,3728,79,33.48,33,在线
2026年5月3日,17:51:29,1777801889,164166,12105787,5138,3728,75,47.93,34,在线
2026年5月3日,17:51:59,1777801919,164166,12105787,5138,3728,75,47.93,34,在线
2026年5月3日,17:52:29,1777801949,164166,12105787,5138,3728,75,47.93,34,在线
2026年5月3日,17:52:59,1777801979,164166,12105787,5268,3506,74,0,34,在线
2026年5月3日,17:53:29,1777802009,164166,12105787,5268,3506,74,0,34,在线
2026年5月3日,17:53:59,1777802039,164166,12105787,5182,3506,74,42.67,34,在线
2026年5月3日,17:54:29,1777802069,164166,12105787,5182,3506,74,42.67,34,在线
2026年5月3日,17:54:59,1777802099,164166,12105787,5182,3506,74,42.67,34,在线
2026年5月3日,17:55:29,1777802129,164166,12105787,5182,3506,74,42.67,34,在线
2026年5月3日,17:55:59,1777802159,164166,12105787,5182,3506,74,42.67,34,在线
2026年5月3日,17:56:29,1777802189,164166,12105787,5182,3506,74,42.67,34,在线
2026年5月3日,17:56:59,1777802219,164166,12105787,5182,3506,74,42.67,34,在线
2026年5月3日,17:57:29,1777802249,164166,12105787,5263,3389,72,0,34,在线
2026年5月3日,17:58:59,1777802339,164166,12105787,5168,3389,72,49.01,34,在线
2026年5月3日,17:59:29,1777802369,164166,12105787,5168,3389,72,49.01,34,在线
2026年5月3日,17:59:59,1777802399,164166,12105787,5168,3389,72,49.01,34,在线
2026年5月3日,18:00:29,1777802429,164166,12105787,5168,3389,72,49.01,34,在线
2026年5月3日,18:00:59,1777802459,164166,12105787,5168,3389,72,49.01,34,在线
2026年5月3日,18:01:29,1777802489,164166,12105787,5168,3389,72,49.01,34,在线
2026年5月3日,18:01:59,1777802519,164166,12105787,5168,3389,72,49.01,34,在线
2026年5月3日,18:02:29,1777802549,164166,12105787,5168,3389,72,49.01,34,在线
2026年5月3日,18:02:59,1777802579,164166,12105787,5168,3389,72,49.01,34,在线
2026年5月3日,18:03:29,1777802609,164166,12105787,5168,3389,72,49.01,34,在线
2026年5月3日,18:03:59,1777802639,164166,12105787,5261,3254,69,0,34,在线
2026年5月3日,18:05:29,1777802729,164166,12105787,5231,3249,69,10.71,34,在线
2026年5月3日,18:05:59,1777802759,164166,12105787,5231,3249,69,10.71,34,在线
2026年5月3日,18:06:29,1777802789,164166,12105787,5231,3249,69,10.71,34,在线
2026年5月3日,18:06:59,1777802819,164166,12105787,5231,3249,69,10.71,34,在线
2026年5月3日,18:07:29,1777802849,164166,12105787,5231,3249,69,10.71,34,在线
2026年5月3日,18:07:59,1777802879,164166,12105787,5231,3249,69,10.71,34,在线
2026年5月3日,18:08:29,1777802909,164166,12105787,5231,3249,69,10.71,34,在线
2026年5月3日,18:08:59,1777802939,164166,12105787,5231,3249,69,10.71,34,在线
2026年5月3日,18:09:29,1777802969,164166,12105787,5231,3249,69,10.71,34,在线
2026年5月3日,18:09:59,1777802999,164166,12105787,5231,3249,69,10.71,34,在线
2026年5月3日,18:10:29,1777803029,164166,12105787,5222,3249,66,4.75,34,在线
2026年5月3日,18:10:59,1777803059,164166,12105787,5222,3249,66,4.75,34,在线
2026年5月3日,18:11:29,1777803089,164166,12105787,5222,3249,66,4.75,34,在线
2026年5月3日,18:11:59,1777803119,164166,12105787,5222,3249,66,4.75,34,在线
2026年5月3日,18:12:29,1777803149,164166,12105787,5222,3249,66,4.75,34,在线
2026年5月3日,18:12:59,1777803179,164166,12105787,5222,3249,66,4.75,34,在线
2026年5月3日,18:13:29,1777803209,164166,12105787,5222,3249,66,4.75,34,在线
2026年5月3日,18:13:59,1777803239,164166,12105787,5222,3249,66,4.75,34,在线
2026年5月3日,18:14:29,1777803269,164166,12105787,5222,3249,66,4.75,34,在线
2026年5月3日,18:14:59,1777803299,164166,12105787,5222,3249,66,4.75,34,在线
2026年5月3日,18:15:29,1777803329,164166,12105787,5253,2985,63,0.11,34,在线
2026年5月3日,18:15:59,1777803359,164166,12105787,5253,2985,63,0.11,34,在线
2026年5月3日,18:16:29,1777803389,164166,12105787,5253,2985,63,0.11,34,在线
2026年5月3日,18:16:59,1777803419,164166,12105787,5253,2985,63,0.11,34,在线
2026年5月3日,18:17:29,1777803449,164166,12105787,5253,2985,63,0.11,34,在线
2026年5月3日,18:17:59,1777803479,164166,12105787,5253,2985,63,0.11,34,在线
2026年5月3日,18:18:29,1777803509,164166,12105787,5253,2985,63,0.11,34,在线
2026年5月3日,18:18:59,1777803539,164166,12105787,5253,2985,63,0.11,34,在线
2026年5月3日,18:19:29,1777803569,164166,12105787,5253,2985,63,0.11,34,在线
2026年5月3日,18:19:59,1777803599,164166,12105787,5253,2985,63,0.11,34,在线
2026年5月3日,18:20:29,1777803629,164166,12105787,5139,2985,60,44.72,34,在线
2026年5月3日,18:20:59,1777803659,164166,12105787,5139,2985,60,44.72,34,在线
2026年5月3日,18:21:29,1777803689,164166,12105787,5139,2985,60,44.72,34,在线
2026年5月3日,18:21:59,1777803719,164166,12105787,5255,2851,60,0,34,在线
2026年5月3日,18:22:29,1777803749,164166,12105787,5255,2851,60,0,34,在线
2026年5月3日,18:22:59,1777803779,164166,12105787,5255,2851,60,0,34,在线
2026年5月3日,18:29:59,1777804199,164166,12105787,5268,2851,60,0,34,在线
2026年5月3日,18:33:29,1777804409,164166,12105787,5243,2841,60,4.36,34,在线
2026年5月3日,18:33:59,1777804439,164166,12105787,5243,2841,60,4.36,34,在线
2026年5月3日,18:34:29,1777804469,164166,12105787,5243,2841,60,4.36,34,在线
2026年5月3日,18:34:59,1777804499,164166,12105787,5243,2841,60,4.36,34,在线
2026年5月3日,18:35:29,1777804529,164166,12105787,5243,2841,60,4.36,34,在线
2026年5月3日,18:35:59,1777804559,164166,12105787,5257,2811,59,0,34,在线
2026年5月3日,18:36:29,1777804589,164166,12105787,5150,2811,59,48.93,34,在线
2026年5月3日,18:36:59,1777804619,164166,12105787,5150,2811,59,48.93,34,在线
2026年5月3日,18:37:29,1777804649,164166,12105787,5150,2811,59,48.93,34,在线
2026年5月3日,18:37:59,1777804679,164166,12105787,5150,2811,59,48.93,34,在线
2026年5月3日,18:38:29,1777804709,164166,12105787,5150,2811,59,48.93,34,在线
2026年5月3日,18:38:59,1777804739,164166,12105787,5150,2811,59,48.93,34,在线
2026年5月3日,18:39:29,1777804769,164166,12105787,5150,2811,59,48.93,34,在线
2026年5月3日,18:39:59,1777804799,164166,12105787,5150,2811,59,48.93,34,在线
2026年5月3日,18:40:29,1777804829,164166,12105787,5150,2811,59,48.93,34,在线
2026年5月3日,18:40:59,1777804859,164166,12105787,5150,2811,59,48.93,34,在线
2026年5月3日,18:41:29,1777804889,164166,12105787,5229,2624,55,0.43,34,在线
2026年5月3日,18:41:59,1777804919,164166,12105787,5229,2624,55,0.43,34,在线
2026年5月3日,18:42:29,1777804949,164166,12105787,5229,2624,55,0.43,34,在线
2026年5月3日,18:42:59,1777804979,164166,12105787,5229,2624,55,0.43,34,在线
2026年5月3日,18:43:29,1777805009,164166,12105787,5229,2624,55,0.43,34,在线
2026年5月3日,18:43:59,1777805039,164166,12105787,5229,2624,55,0.43,34,在线
2026年5月3日,18:44:29,1777805069,164166,12105787,5229,2624,55,0.43,34,在线
2026年5月3日,18:44:59,1777805099,164166,12105787,5236,2624,53,0,34,在线
2026年5月3日,18:45:29,1777805129,164166,12105787,5131,2485,53,49.16,34,在线
2026年5月3日,18:45:59,1777805159,164166,12105787,5131,2485,53,49.16,34,在线
2026年5月3日,18:46:29,1777805189,164166,12105787,5131,2485,53,49.16,34,在线
2026年5月3日,18:46:59,1777805219,164166,12105787,5131,2485,53,49.16,34,在线
2026年5月3日,18:47:29,1777805249,164166,12105787,5236,2485,51,0,34,在线
2026年5月3日,18:47:59,1777805279,164166,12105787,5236,2485,51,0,34,在线
2026年5月3日,18:48:29,1777805309,164166,12105787,5236,2485,51,0,34,在线
2026年5月3日,18:48:59,1777805339,164166,12105787,5236,2485,51,0,34,在线
2026年5月3日,18:49:29,1777805369,164166,12105787,5236,2485,51,0,34,在线
2026年5月3日,18:49:59,1777805399,164166,12105787,5236,2485,51,0,34,在线
2026年5月3日,18:50:29,1777805429,164166,12105787,5140,2403,51,46.7,34,在线
2026年5月3日,18:50:59,1777805459,164166,12105787,5140,2403,51,46.7,34,在线
2026年5月3日,18:51:29,1777805489,164166,12105787,5140,2403,51,46.7,34,在线
2026年5月3日,18:51:59,1777805519,164166,12105787,5140,2403,51,46.7,34,在线
2026年5月3日,18:52:29,1777805549,164166,12105787,5140,2403,51,46.7,34,在线
2026年5月3日,18:52:59,1777805579,164166,12105787,5243,2403,50,0,34,在线
2026年5月3日,18:53:29,1777805609,164166,12105787,5126,2340,49,49.86,34,在线
2026年5月3日,18:53:59,1777805639,164166,12105787,5126,2340,49,49.86,34,在线
2026年5月3日,18:54:29,1777805669,164166,12105787,5126,2340,49,49.86,34,在线
2026年5月3日,18:54:59,1777805699,164166,12105787,5126,2340,49,49.86,34,在线
2026年5月3日,18:55:29,1777805729,164166,12105787,5126,2340,49,49.86,34,在线
2026年5月3日,18:55:59,1777805759,164166,12105787,5126,2340,49,49.86,34,在线
2026年5月3日,18:56:29,1777805789,164166,12105787,5126,2340,49,49.86,34,在线
2026年5月3日,18:56:59,1777805819,164166,12105787,5126,2340,49,49.86,34,在线
2026年5月3日,18:57:29,1777805849,164166,12105787,5126,2340,49,49.86,34,在线
2026年5月3日,18:57:59,1777805879,164166,12105787,5126,2340,49,49.86,34,在线
2026年5月3日,18:58:29,1777805909,164166,12105787,5098,2340,45,38.45,35,在线
2026年5月3日,18:58:59,1777805939,164166,12105787,5098,2340,45,38.45,35,在线
2026年5月3日,18:59:29,1777805969,164166,12105787,5098,2340,45,38.45,35,在线
2026年5月3日,18:59:59,1777805999,164166,12105787,5098,2340,45,38.45,35,在线
2026年5月3日,19:00:29,1777806029,164166,12105787,5098,2340,45,38.45,35,在线
2026年5月3日,19:00:59,1777806059,164166,12105787,5098,2340,45,38.45,35,在线
2026年5月3日,19:01:29,1777806089,164166,12105787,5098,2340,45,38.45,35,在线
2026年5月3日,19:01:59,1777806119,164166,12105787,5098,2340,45,38.45,35,在线
2026年5月3日,19:02:29,1777806149,164166,12105787,5098,2340,45,38.45,35,在线
2026年5月3日,19:02:59,1777806179,164166,12105787,5098,2340,45,38.45,35,在线
2026年5月3日,19:03:29,1777806209,164166,12105787,5131,1930,41,0.58,36,在线
2026年5月3日,19:03:59,1777806239,164166,12105787,5131,1930,41,0.58,36,在线
2026年5月3日,19:04:29,1777806269,164166,12105787,5131,1930,41,0.58,36,在线
2026年5月3日,19:04:59,1777806299,164166,12105787,5131,1930,41,0.58,36,在线
2026年5月3日,19:05:29,1777806329,164166,12105787,5131,1930,41,0.58,36,在线
2026年5月3日,19:05:59,1777806359,164166,12105787,5131,1930,41,0.58,36,在线
2026年5月3日,19:06:29,1777806389,164166,12105787,5131,1930,41,0.58,36,在线
2026年5月3日,19:06:59,1777806419,164166,12105787,5131,1930,41,0.58,36,在线
2026年5月3日,19:07:29,1777806449,164166,12105787,5131,1930,41,0.58,36,在线
2026年5月3日,19:07:59,1777806479,164166,12105787,5131,1930,41,0.58,36,在线
2026年5月3日,19:08:29,1777806509,164166,12105787,5156,1930,38,9.73,36,在线
2026年5月3日,19:08:59,1777806539,164166,12105787,5156,1930,38,9.73,36,在线
2026年5月3日,19:09:29,1777806569,164166,12105787,5156,1930,38,9.73,36,在线
2026年5月3日,19:09:59,1777806599,164166,12105787,5156,1930,38,9.73,36,在线
2026年5月3日,19:10:29,1777806629,164166,12105787,5156,1930,38,9.73,36,在线
2026年5月3日,19:10:59,1777806659,164166,12105787,5156,1930,38,9.73,36,在线
2026年5月3日,19:11:29,1777806689,164166,12105787,5201,1756,37,0,37,在线
2026年5月3日,19:16:29,1777806989,164166,12105787,5206,1756,37,0,36,在线
2026年5月3日,19:20:05,1777807205,164166,12105787,5207,1756,37,0,36,在线
2026年5月3日,19:26:29,1777807589,164166,12105787,5190,1748,37,3,36,在线
2026年5月3日,19:26:59,1777807619,164166,12105787,5190,1748,37,3,36,在线
2026年5月3日,19:27:29,1777807649,164166,12105787,5190,1748,37,3,36,在线
2026年5月3日,19:27:59,1777807679,164166,12105787,5190,1748,37,3,36,在线
2026年5月3日,19:28:33,1777807713,164166,12105787,5190,1748,37,3,36,在线
2026年5月3日,19:28:59,1777807739,164166,12105787,5190,1748,37,3,36,在线
2026年5月3日,19:29:29,1777807769,164166,12105787,5190,1748,37,3,36,在线
2026年5月3日,19:29:59,1777807799,164166,12105787,5190,1748,37,3,36,在线
2026年5月3日,19:30:29,1777807829,164166,12105787,5190,1748,37,3,36,在线
2026年5月3日,19:30:59,1777807859,164166,12105787,5190,1748,37,3,36,在线
2026年5月3日,19:31:29,1777807889,164166,12105787,5114,1615,34,8.41,37,在线
2026年5月3日,19:31:59,1777807919,164166,12105787,5114,1615,34,8.41,37,在线
2026年5月3日,19:32:29,1777807949,164166,12105787,5114,1615,34,8.41,37,在线
2026年5月3日,19:32:59,1777807979,164166,12105787,5114,1615,34,8.41,37,在线
2026年5月3日,19:33:29,1777808009,164166,12105787,5114,1615,34,8.41,37,在线
2026年5月3日,19:33:59,1777808039,164166,12105787,5114,1615,34,8.41,37,在线
2026年5月3日,19:34:29,1777808069,164166,12105787,5114,1615,34,8.41,37,在线
2026年5月3日,19:34:59,1777808099,164166,12105787,5114,1615,34,8.41,37,在线
2026年5月3日,19:35:29,1777808129,164166,12105787,5114,1615,34,8.41,37,在线
2026年5月3日,19:35:59,1777808159,164166,12105787,5114,1615,34,8.41,37,在线
2026年5月3日,19:36:29,1777808189,164166,12105787,4969,1615,29,48.15,38,在线
2026年5月3日,19:36:59,1777808219,164166,12105787,4969,1615,29,48.15,38,在线
2026年5月3日,19:37:29,1777808249,164166,12105787,4969,1615,29,48.15,38,在线
2026年5月3日,19:37:59,1777808279,164166,12105787,4969,1615,29,48.15,38,在线
2026年5月3日,19:38:29,1777808309,164166,12105787,4969,1615,29,48.15,38,在线
2026年5月3日,19:38:59,1777808339,164166,12105787,4969,1615,29,48.15,38,在线
2026年5月3日,19:39:29,1777808369,164166,12105787,4969,1615,29,48.15,38,在线
2026年5月3日,19:39:59,1777808399,164166,12105787,4969,1615,29,48.15,38,在线
2026年5月3日,19:40:29,1777808429,164166,12105787,4969,1615,29,48.15,38,在线
2026年5月3日,19:40:59,1777808459,164166,12105787,4969,1615,29,48.15,38,在线
2026年5月3日,19:41:29,1777808489,164166,12105787,5113,1218,26,0.45,38,在线
2026年5月3日,19:41:59,1777808519,164166,12105787,5113,1218,26,0.45,38,在线
2026年5月3日,19:42:32,1777808552,164166,12105787,5113,1218,26,0.45,38,在线
2026年5月3日,19:42:59,1777808579,164166,12105787,5113,1218,26,0.45,38,在线
2026年5月3日,19:43:33,1777808613,164166,12105787,5113,1218,26,0.45,38,在线
2026年5月3日,19:43:59,1777808639,164166,12105787,5113,1218,26,0.45,38,在线
2026年5月3日,19:44:29,1777808669,164166,12111019,5522,4540,100,0,38,在线
2026年5月3日,19:45:29,1777808729,164166,12111019,5355,4534,100,43.72,38,在线
2026年5月3日,19:45:59,1777808759,164166,12111019,5355,4534,100,43.72,38,在线
2026年5月3日,19:46:29,1777808789,164166,12111019,5355,4534,100,43.72,38,在线
2026年5月3日,19:46:59,1777808819,164166,12111019,5355,4534,100,43.72,38,在线
2026年5月3日,19:47:29,1777808849,164166,12111019,5355,4534,100,43.72,38,在线
2026年5月3日,19:47:59,1777808879,164166,12111019,5355,4534,100,43.72,38,在线
2026年5月3日,19:48:29,1777808909,164166,12111019,5355,4534,100,43.72,38,在线
2026年5月3日,19:48:59,1777808939,164166,12111019,5355,4534,100,43.72,38,在线
2026年5月3日,19:49:29,1777808969,164166,12111019,5355,4534,100,43.72,38,在线
2026年5月3日,19:49:59,1777808999,164166,12111019,5355,4534,100,43.72,38,在线
2026年5月3日,19:50:29,1777809029,164166,12111019,5262,4534,96,11.88,38,在线
2026年5月3日,19:50:59,1777809059,164166,12111019,5262,4534,96,11.88,38,在线
2026年5月3日,19:51:29,1777809089,164166,12111019,5262,4534,96,11.88,38,在线
2026年5月3日,19:52:00,1777809120,164166,12111019,5262,4534,96,11.88,38,在线
2026年5月3日,19:52:29,1777809149,164166,12111019,5262,4534,96,11.88,38,在线
2026年5月3日,19:53:03,1777809183,164166,12111019,5262,4534,96,11.88,38,在线
2026年5月3日,19:53:29,1777809209,164166,12111019,5262,4534,96,11.88,38,在线
2026年5月3日,19:54:01,1777809241,164166,12111019,5262,4534,96,11.88,38,在线
2026年5月3日,19:54:29,1777809269,164166,12111019,5262,4534,96,11.88,38,在线
2026年5月3日,19:54:59,1777809299,164166,12111019,5262,4534,96,11.88,38,在线
2026年5月3日,19:55:29,1777809329,164166,12111019,5197,4139,91,43.95,38,在线
2026年5月3日,19:55:59,1777809359,164166,12111019,5197,4139,91,43.95,38,在线
2026年5月3日,19:56:29,1777809389,164166,12111019,5197,4139,91,43.95,38,在线
2026年5月3日,19:56:59,1777809419,164166,12111019,5197,4139,91,43.95,38,在线
2026年5月3日,19:57:29,1777809449,164166,12111019,5197,4139,91,43.95,38,在线
2026年5月3日,19:58:01,1777809481,164166,12111019,5197,4139,91,43.95,38,在线
2026年5月3日,19:58:29,1777809509,164166,12111019,5197,4139,91,43.95,38,在线
2026年5月3日,19:58:59,1777809539,164166,12111019,5197,4139,91,43.95,38,在线
2026年5月3日,19:59:29,1777809569,164166,12111019,5197,4139,91,43.95,38,在线
2026年5月3日,20:00:03,1777809603,164166,12111019,5194,4139,86,47.06,39,在线
2026年5月3日,20:00:29,1777809629,164166,12111019,5194,4139,86,47.06,39,在线
2026年5月3日,20:00:59,1777809659,164166,12111019,5194,4139,86,47.06,39,在线
2026年5月3日,20:01:29,1777809689,164166,12111019,5194,4139,86,47.06,39,在线
2026年5月3日,20:01:59,1777809719,164166,12111019,5194,4139,86,47.06,39,在线
2026年5月3日,20:02:29,1777809749,164166,12111019,5194,4139,86,47.06,39,在线
2026年5月3日,20:02:59,1777809779,164166,12111019,5194,4139,86,47.06,39,在线
2026年5月3日,20:03:29,1777809809,164166,12111019,5314,3804,84,0,39,在线
2026年5月3日,20:03:59,1777809839,164166,12111019,5314,3804,84,0,39,在线
2026年5月3日,20:04:29,1777809869,164166,12111019,5224,3804,84,46.45,39,在线
2026年5月3日,20:04:59,1777809899,164166,12111019,5224,3804,84,46.45,39,在线
2026年5月3日,20:05:29,1777809929,164166,12111019,5224,3804,84,46.45,39,在线
2026年5月3日,20:05:59,1777809959,164166,12111019,5224,3804,84,46.45,39,在线
2026年5月3日,20:06:29,1777809989,164166,12111019,5224,3804,84,46.45,39,在线
2026年5月3日,20:06:59,1777810019,164166,12111019,5224,3804,84,46.45,39,在线
2026年5月3日,20:07:29,1777810049,164166,12111019,5312,3711,82,0,39,在线
2026年5月3日,20:08:03,1777810083,164166,12111019,5312,3711,82,0,39,在线
2026年5月3日,20:08:59,1777810139,164166,12111019,5223,3711,82,47.06,39,在线
2026年5月3日,20:09:29,1777810169,164166,12111019,5223,3711,82,47.06,39,在线
2026年5月3日,20:09:59,1777810199,164166,12111019,5223,3711,82,47.06,39,在线
2026年5月3日,20:10:29,1777810229,164166,12111019,5223,3711,82,47.06,39,在线
2026年5月3日,20:10:59,1777810259,164166,12111019,5223,3711,82,47.06,39,在线
2026年5月3日,20:11:32,1777810292,164166,12111019,5223,3711,82,47.06,39,在线
2026年5月3日,20:11:59,1777810319,164166,12111019,5223,3711,82,47.06,39,在线
2026年5月3日,20:12:29,1777810349,164166,12111019,5223,3711,82,47.06,39,在线
2026年5月3日,20:12:59,1777810379,164166,12111019,5223,3711,82,47.06,39,在线
2026年5月3日,20:13:34,1777810414,164166,12111019,5223,3711,82,47.06,39,在线
2026年5月3日,20:13:59,1777810439,164166,12111019,5209,3524,78,45.61,39,在线
2026年5月3日,20:14:29,1777810469,164166,12111019,5209,3524,78,45.61,39,在线
2026年5月3日,20:14:59,1777810499,164166,12111019,5209,3524,78,45.61,39,在线
2026年5月3日,20:15:29,1777810529,164166,12111019,5209,3524,78,45.61,39,在线
2026年5月3日,20:15:59,1777810559,164166,12111019,5209,3524,78,45.61,39,在线
2026年5月3日,20:16:29,1777810589,164166,12111019,5209,3524,78,45.61,39,在线
2026年5月3日,20:16:59,1777810619,164166,12111019,5209,3524,78,45.61,39,在线
2026年5月3日,20:17:29,1777810649,164166,12111019,5209,3524,78,45.61,39,在线
2026年5月3日,20:17:59,1777810679,164166,12111019,5209,3524,78,45.61,39,在线
2026年5月3日,20:18:29,1777810709,164166,12111019,5293,3524,74,0,40,在线
2026年5月3日,20:19:59,1777810799,164166,12111019,5293,3524,74,0,40,在线
2026年5月3日,20:22:29,1777810949,164166,12111019,5316,3524,74,0,40,在线
2026年5月3日,20:23:29,1777811009,164166,12111019,5318,3351,74,0,40,在线
2026年5月3日,20:29:59,1777811399,164166,12111019,5322,3351,74,0,40,在线
2026年5月3日,20:33:29,1777811609,164166,12111019,5324,3351,74,0,39,在线
2026年5月3日,20:39:59,1777811999,164166,12111019,5325,3351,74,0,39,在线
2026年5月3日,20:49:59,1777812599,164166,12111019,5327,3351,74,0,39,在线
2026年5月3日,20:59:59,1777813199,164166,12111019,5328,3351,74,0,39,在线
2026年5月3日,21:03:29,1777813409,164166,12111019,5328,3351,74,0,38,在线
2026年5月3日,21:09:59,1777813799,164166,12111019,5328,3351,74,0,38,在线
2026年5月3日,21:19:59,1777814399,164166,12111019,5329,3350,74,0,38,在线
2026年5月3日,21:29:59,1777814999,164166,12111019,5329,3350,74,0,38,在线
2026年5月3日,21:33:29,1777815209,164166,12111019,5329,3350,74,0,37,在线
2026年5月3日,21:39:59,1777815599,164166,12111019,5329,3350,74,0,37,在线
2026年5月3日,21:49:59,1777816199,164166,12111019,5329,3350,74,0,37,在线
2026年5月3日,21:53:29,1777816409,164166,12111019,5329,3350,74,0,36,在线
2026年5月3日,21:59:59,1777816799,164166,12111019,5330,3350,74,0,36,在线
2026年5月3日,22:09:59,1777817399,164166,12111019,5330,3350,74,0,36,在线
2026年5月3日,22:19:59,1777817999,164166,12111019,5330,3350,74,0,36,在线
2026年5月3日,22:23:29,1777818209,164166,12111019,5330,3350,74,0,35,在线
2026年5月3日,22:29:59,1777818599,164166,12111019,5330,3350,74,0,35,在线
2026年5月3日,22:39:59,1777819199,164166,12111019,5330,3349,74,0,35,在线
2026年5月3日,22:43:29,1777819409,164166,12111019,5330,3349,74,0,34,在线
2026年5月3日,22:49:59,1777819799,164166,12111019,5330,3349,74,0,34,在线
2026年5月3日,22:59:59,1777820399,164166,12111019,5331,3349,74,0,34,在线
2026年5月3日,23:03:29,1777820609,164166,12111019,5331,3349,74,0,33,在线
2026年5月3日,23:09:59,1777820999,164166,12111019,5330,3349,74,0,33,在线
2026年5月3日,23:19:59,1777821599,164166,12111019,5331,3349,74,0,33,在线
2026年5月3日,23:29:59,1777822199,164166,12111019,5331,3349,74,0,33,在线
2026年5月3日,23:33:29,1777822409,164166,12111019,5331,3348,74,0,32,在线
2026年5月3日,23:39:59,1777822799,164166,12111019,5331,3348,74,0,32,在线
2026年5月3日,23:49:59,1777823399,164166,12111019,5331,3348,74,0,32,在线
2026年5月3日,23:53:29,1777823609,164166,12111019,5331,3348,74,0,31,在线
2026年5月3日,23:59:59,1777823999,164166,12111019,5331,3348,74,0,31,在线
2026年5月4日,0:09:59,1777824599,164166,12111019,5323,3347,74,0.51,30,在线
2026年5月4日,0:10:29,1777824629,164166,12111019,5323,3347,74,0.51,30,在线
2026年5月4日,0:10:59,1777824659,164166,12111019,5323,3347,74,0.51,30,在线
2026年5月4日,0:11:29,1777824689,164166,12111019,5323,3347,74,0.51,30,在线
2026年5月4日,0:11:59,1777824719,164166,12111019,5323,3347,74,0.51,30,在线
2026年5月4日,0:12:29,1777824749,164166,12111019,5323,3347,74,0.51,30,在线
2026年5月4日,0:12:59,1777824779,164166,12111019,5323,3347,74,0.51,30,在线
2026年5月4日,0:13:29,1777824809,164166,12111019,5323,3347,74,0.51,30,在线
2026年5月4日,0:13:59,1777824839,164166,12111019,5323,3347,74,0.51,30,在线
2026年5月4日,0:14:29,1777824869,164166,12111019,5323,3347,74,0.51,30,在线
2026年5月4日,0:14:59,1777824899,164166,12111019,5109,3347,68,46.31,31,在线
2026年5月4日,0:15:29,1777824929,164166,12111019,5109,3347,68,46.31,31,在线
2026年5月4日,0:15:59,1777824959,164166,12111019,5109,3347,68,46.31,31,在线
2026年5月4日,0:16:29,1777824989,164166,12111019,5109,3347,68,46.31,31,在线
2026年5月4日,0:16:59,1777825019,164166,12111019,5109,3347,68,46.31,31,在线
2026年5月4日,0:17:29,1777825049,164166,12111019,5109,3347,68,46.31,31,在线
2026年5月4日,0:17:59,1777825079,164166,12111019,5109,3347,68,46.31,31,在线
2026年5月4日,0:18:29,1777825109,164166,12111019,5109,3347,68,46.31,31,在线
2026年5月4日,0:18:59,1777825139,164166,12111019,5109,3347,68,46.31,31,在线
2026年5月4日,0:19:29,1777825169,164166,12111019,5109,3347,68,46.31,31,在线
2026年5月4日,0:19:59,1777825199,164166,12111019,5109,3347,68,46.31,31,在线
2026年5月4日,0:20:29,1777825229,164166,12111019,5109,3347,68,46.31,31,在线
2026年5月4日,0:20:59,1777825259,164166,12111019,5109,3347,68,46.31,31,在线
2026年5月4日,0:21:29,1777825289,164166,12111019,5109,3347,68,46.31,31,在线
2026年5月4日,0:21:59,1777825319,164166,12111019,5109,3347,68,46.31,31,在线
2026年5月4日,0:22:29,1777825349,164166,12111019,5109,3347,68,46.31,31,在线
2026年5月4日,0:22:59,1777825379,164166,12111019,5109,3347,68,46.31,31,在线
2026年5月4日,0:23:29,1777825409,164166,12111019,5109,3347,68,46.31,31,在线
2026年5月4日,0:23:59,1777825439,164166,12111019,5109,3347,68,46.31,31,在线
2026年5月4日,0:24:29,1777825469,164166,12111019,5109,3347,68,46.31,31,在线
2026年5月4日,0:24:59,1777825499,164166,12111019,5109,3347,68,46.31,31,在线
2026年5月4日,0:25:29,1777825529,164166,12111019,5109,3347,68,46.31,31,在线
2026年5月4日,0:25:59,1777825559,164166,12111019,5109,3347,68,46.31,31,在线
2026年5月4日,0:26:29,1777825589,164166,12111019,5109,3347,68,46.31,31,在线
2026年5月4日,0:26:59,1777825619,164166,12111019,5109,3347,68,46.31,31,在线
2026年5月4日,0:27:29,1777825649,164166,12111019,5109,3347,68,46.31,31,在线
2026年5月4日,0:27:59,1777825679,164166,12111019,5109,3347,68,46.31,31,在线
2026年5月4日,0:28:29,1777825709,164166,12111019,5109,3347,68,46.31,31,在线
2026年5月4日,0:28:59,1777825739,164166,12111019,5109,3347,68,46.31,31,在线
2026年5月4日,0:29:29,1777825769,164166,12111019,5109,3347,68,46.31,31,在线
2026年5月4日,0:29:59,1777825799,164166,12111019,5109,3347,68,46.31,31,在线
2026年5月4日,0:30:29,1777825829,164166,12111019,5109,3347,68,46.31,31,在线
2026年5月4日,0:30:59,1777825859,164166,12111019,5109,3347,68,46.31,31,在线
2026年5月4日,0:31:29,1777825889,164166,12111019,5109,3347,68,46.31,31,在线
2026年5月4日,0:31:59,1777825919,164166,12111019,5109,3347,68,46.31,31,在线
2026年5月4日,0:32:29,1777825949,164166,12111019,5109,3347,68,46.31,31,在线
2026年5月4日,0:32:59,1777825979,164166,12111019,5109,3347,68,46.31,31,在线
2026年5月4日,0:33:29,1777826009,164166,12111019,5109,3347,68,46.31,31,在线
2026年5月4日,0:33:59,1777826039,164166,12111019,5109,3347,68,46.31,31,在线
2026年5月4日,0:34:29,1777826069,164166,12111019,5109,3347,68,46.31,31,在线
2026年5月4日,0:34:59,1777826099,164166,12111019,5109,3347,68,46.31,31,在线
2026年5月4日,0:35:29,1777826129,164166,12111019,5109,3347,68,46.31,31,在线
2026年5月4日,0:35:59,1777826159,164166,12111019,5109,3347,68,46.31,31,在线
2026年5月4日,0:36:29,1777826189,164166,12111019,5109,3347,68,46.31,31,在线
2026年5月4日,0:36:59,1777826219,164166,12111019,5109,3347,68,46.31,31,在线
2026年5月4日,0:37:29,1777826249,164166,12111019,5109,3347,68,46.31,31,在线
2026年5月4日,0:37:59,1777826279,164166,12111019,5109,3347,68,46.31,31,在线
2026年5月4日,0:38:29,1777826309,164166,12111019,5109,3347,68,46.31,31,在线
2026年5月4日,0:38:59,1777826339,164166,12111019,5109,3347,68,46.31,31,在线
2026年5月4日,0:39:29,1777826369,164166,12111019,5109,3347,68,46.31,31,在线
2026年5月4日,0:39:59,1777826399,164166,12111019,5109,3347,68,46.31,31,在线
2026年5月4日,0:40:29,1777826429,164166,12111019,5109,3347,68,46.31,31,在线
2026年5月4日,0:40:59,1777826459,164166,12111019,5109,3347,68,46.31,31,在线
2026年5月4日,0:41:29,1777826489,164166,12111019,5109,3347,68,46.31,31,在线
2026年5月4日,0:41:59,1777826519,164166,12111019,5109,3347,68,46.31,31,在线
2026年5月4日,0:42:29,1777826549,164166,12111019,5109,3347,68,46.31,31,在线
2026年5月4日,0:42:59,1777826579,164166,12111019,5109,3347,68,46.31,31,在线
2026年5月4日,0:43:29,1777826609,164166,12111019,5109,3347,68,46.31,31,在线
2026年5月4日,0:43:59,1777826639,164166,12111019,5109,3347,68,46.31,31,在线
2026年5月4日,0:44:29,1777826669,164166,12111019,5109,3347,68,46.31,31,在线
2026年5月4日,0:44:59,1777826699,164166,12111019,5109,3347,68,46.31,31,在线
2026年5月4日,0:45:29,1777826729,164166,12111019,5109,3347,68,46.31,31,在线
2026年5月4日,0:45:59,1777826759,164166,12111019,5109,3347,68,46.31,31,在线
2026年5月4日,0:46:29,1777826789,164166,12111019,5109,3347,68,46.31,31,在线
2026年5月4日,0:46:59,1777826819,164166,12111019,5109,3347,68,46.31,31,在线
2026年5月4日,0:47:29,1777826849,164166,12111019,5109,3347,68,46.31,31,在线
2026年5月4日,0:47:59,1777826879,164166,12111019,5109,3347,68,46.31,31,在线
2026年5月4日,0:48:29,1777826909,164166,12111019,5109,3347,68,46.31,31,在线
2026年5月4日,0:48:59,1777826939,164166,12111019,5109,3347,68,46.31,31,在线
2026年5月4日,0:49:29,1777826969,164166,12111019,5109,3347,68,46.31,31,在线
2026年5月4日,0:49:59,1777826999,164166,12111019,5109,3347,68,46.31,31,在线
2026年5月4日,0:50:29,1777827029,164166,12111019,5109,3347,68,46.31,31,在线
2026年5月4日,0:50:59,1777827059,164166,12111019,5109,3347,68,46.31,31,在线
2026年5月4日,0:51:29,1777827089,164166,12111019,5109,3347,68,46.31,31,在线
2026年5月4日,0:51:59,1777827119,164166,12111019,5109,3347,68,46.31,31,在线
2026年5月4日,0:52:29,1777827149,164166,12111019,5109,3347,68,46.31,31,在线
2026年5月4日,0:52:59,1777827179,164166,12111019,5109,3347,68,46.31,31,在线
2026年5月4日,0:53:29,1777827209,164166,12111019,5109,3347,68,46.31,31,在线
2026年5月4日,0:53:59,1777827239,164166,12111019,5109,3347,68,46.31,31,在线
2026年5月4日,0:54:29,1777827269,164166,12111019,5109,3347,68,46.31,31,在线
2026年5月4日,0:54:59,1777827299,164166,12111019,5109,3347,68,46.31,31,在线
2026年5月4日,0:55:29,1777827329,164166,12111019,5109,3347,68,46.31,31,在线
2026年5月4日,0:55:59,1777827359,164166,12111019,5109,3347,68,46.31,31,在线
2026年5月4日,0:56:29,1777827389,164166,12111019,5109,3347,68,46.31,31,在线
2026年5月4日,0:56:59,1777827419,164166,12111019,5109,3347,68,46.31,31,在线
2026年5月4日,0:57:29,1777827449,164166,12111019,5109,3347,68,46.31,31,在线
2026年5月4日,0:57:59,1777827479,164166,12111019,5109,3347,68,46.31,31,在线
2026年5月4日,0:58:29,1777827509,164166,12111019,5109,3347,68,46.31,31,在线
2026年5月4日,0:58:59,1777827539,164166,12111019,5109,3347,68,46.31,31,在线
2026年5月4日,0:59:29,1777827569,164166,12111019,5109,3347,68,46.31,31,在线
2026年5月4日,0:59:59,1777827599,164166,12111019,5109,3347,68,46.31,31,在线
2026年5月4日,1:00:29,1777827629,164166,12111019,5109,3347,68,46.31,31,在线
2026年5月4日,1:00:59,1777827659,164166,12111019,5109,3347,68,46.31,31,在线
2026年5月4日,1:01:29,1777827689,164166,12111019,5109,3347,68,46.31,31,在线
2026年5月4日,1:01:59,1777827719,164166,12111019,5109,3347,68,46.31,31,在线
2026年5月4日,1:02:29,1777827749,164166,12111019,5109,3347,68,46.31,31,在线
2026年5月4日,1:02:59,1777827779,164166,12111019,5109,3347,68,46.31,31,在线
2026年5月4日,1:03:29,1777827809,164166,12111019,5109,3347,68,46.31,31,在线
2026年5月4日,1:03:59,1777827839,164166,12111019,5109,3347,68,46.31,31,在线
2026年5月4日,1:04:29,1777827869,164166,12111019,5109,3347,68,46.31,31,在线
2026年5月4日,1:04:59,1777827899,164166,12111019,5109,3347,68,46.31,31,在线
2026年5月4日,1:05:29,1777827929,164166,12111019,5109,3347,68,46.31,31,在线
2026年5月4日,1:05:59,1777827959,164166,12111019,5109,3347,68,46.31,31,在线
2026年5月4日,1:06:29,1777827989,164166,12111019,5109,3347,68,46.31,31,在线
2026年5月4日,1:06:59,1777828019,164166,12111019,5109,3347,68,46.31,31,在线
2026年5月4日,1:07:29,1777828049,164166,12111019,5109,3347,68,46.31,31,在线
2026年5月4日,1:07:59,1777828079,164166,12111019,5109,3347,68,46.31,31,在线
2026年5月4日,1:08:29,1777828109,164166,12111019,5109,3347,68,46.31,31,在线
2026年5月4日,1:08:59,1777828139,164166,12111019,5109,3347,68,46.31,31,在线
2026年5月4日,1:09:29,1777828169,164166,12111019,5109,3347,68,46.31,31,在线
2026年5月4日,1:09:59,1777828199,164166,12111019,5109,3347,68,46.31,31,在线
2026年5月4日,1:10:29,1777828229,164166,12111019,5109,3347,68,46.31,31,在线
2026年5月4日,1:10:59,1777828259,164166,12111019,5109,3347,68,46.31,31,在线
2026年5月4日,1:11:29,1777828289,164166,12111019,5109,3347,68,46.31,31,在线
2026年5月4日,1:11:59,1777828319,164166,12111019,5109,3347,68,46.31,31,在线
2026年5月4日,1:12:29,1777828349,164166,12111019,5109,3347,68,46.31,31,在线
2026年5月4日,1:12:59,1777828379,164166,12111019,5109,3347,68,46.31,31,在线
2026年5月4日,1:13:29,1777828409,164166,12111019,5109,3347,68,46.31,31,在线
2026年5月4日,1:13:59,1777828439,164166,12111019,5109,3347,68,46.31,31,在线
2026年5月4日,1:14:29,1777828469,164166,12111019,5109,3347,68,46.31,31,在线
2026年5月4日,1:14:59,1777828499,164166,12111019,5109,3347,68,46.31,31,离线
2026年5月4日,1:15:29,1777828529,164166,12111019,5109,3347,68,46.31,31,离线
2026年5月4日,1:15:59,1777828559,164166,12111019,5109,3347,68,46.31,31,离线
2026年5月4日,1:16:29,1777828589,164166,12111019,5109,3347,68,46.31,31,离线
2026年5月4日,1:16:59,1777828619,164166,12111019,5109,3347,68,46.31,31,离线
2026年5月4日,1:17:29,1777828649,164166,12111019,5109,3347,68,46.31,31,离线
2026年5月4日,1:17:59,1777828679,164166,12111019,5109,3347,68,46.31,31,离线
2026年5月4日,1:18:29,1777828709,164166,12111019,5109,3347,68,46.31,31,离线
2026年5月4日,1:18:59,1777828739,164166,12111019,5109,3347,68,46.31,31,离线
2026年5月4日,1:19:29,1777828769,164166,12111019,5109,3347,68,46.31,31,离线
2026年5月4日,1:19:59,1777828799,164166,12111019,5109,3347,68,46.31,31,离线
2026年5月4日,1:20:29,1777828829,164166,12111019,5109,3347,68,46.31,31,离线
2026年5月4日,1:20:59,1777828859,164166,12111019,5109,3347,68,46.31,31,离线
2026年5月4日,1:21:29,1777828889,164166,12111019,5109,3347,68,46.31,31,离线
2026年5月4日,1:21:59,1777828919,164166,12111019,5109,3347,68,46.31,31,离线
2026年5月4日,1:22:29,1777828949,164166,12111019,5109,3347,68,46.31,31,离线
2026年5月4日,1:22:59,1777828979,164166,12111019,5109,3347,68,46.31,31,离线
2026年5月4日,1:23:29,1777829009,164166,12111019,5109,3347,68,46.31,31,离线
2026年5月4日,1:23:59,1777829039,164166,12111019,5109,3347,68,46.31,31,离线
2026年5月4日,1:24:29,1777829069,164166,12111019,5109,3347,68,46.31,31,离线
2026年5月4日,1:24:59,1777829099,164166,12111019,5109,3347,68,46.31,31,离线
2026年5月4日,1:25:29,1777829129,164166,12111019,5109,3347,68,46.31,31,离线
2026年5月4日,1:25:59,1777829159,164166,12111019,5109,3347,68,46.31,31,离线
2026年5月4日,1:26:29,1777829189,164166,12111019,5109,3347,68,46.31,31,离线
2026年5月4日,1:26:59,1777829219,164166,12111019,5109,3347,68,46.31,31,离线
2026年5月4日,1:27:29,1777829249,164166,12111019,5109,3347,68,46.31,31,离线
2026年5月4日,1:27:59,1777829279,164166,12111019,5109,3347,68,46.31,31,离线
2026年5月4日,1:28:29,1777829309,164166,12111019,5109,3347,68,46.31,31,离线
2026年5月4日,1:28:59,1777829339,164166,12111019,5109,3347,68,46.31,31,离线
2026年5月4日,1:29:29,1777829369,164166,12111019,5109,3347,68,46.31,31,离线
2026年5月4日,1:29:59,1777829399,164166,12111019,5109,3347,68,46.31,31,离线
2026年5月4日,1:30:29,1777829429,164166,12111019,5109,3347,68,46.31,31,离线
2026年5月4日,1:30:59,1777829459,164166,12111019,5109,3347,68,46.31,31,离线
2026年5月4日,1:31:29,1777829489,164166,12111019,5109,3347,68,46.31,31,离线
2026年5月4日,1:31:59,1777829519,164166,12111019,5109,3347,68,46.31,31,离线
2026年5月4日,1:32:29,1777829549,164166,12111019,5109,3347,68,46.31,31,离线
2026年5月4日,1:33:00,1777829580,164166,12111019,5109,3347,68,46.31,31,离线
2026年5月4日,1:33:29,1777829609,164166,12111019,5109,3347,68,46.31,31,离线
2026年5月4日,1:33:59,1777829639,164166,12111019,5109,3347,68,46.31,31,离线
2026年5月4日,1:34:29,1777829669,164166,12111019,5109,3347,68,46.31,31,离线
2026年5月4日,1:34:59,1777829699,164166,12111019,5109,3347,68,46.31,31,离线
2026年5月4日,1:35:29,1777829729,164166,12111019,5109,3347,68,46.31,31,离线
2026年5月4日,1:35:59,1777829759,164166,12111019,5109,3347,68,46.31,31,离线
2026年5月4日,1:36:29,1777829789,164166,12111019,5109,3347,68,46.31,31,离线
2026年5月4日,1:36:59,1777829819,164166,12111019,5109,3347,68,46.31,31,离线
2026年5月4日,1:37:29,1777829849,164166,12111019,5109,3347,68,46.31,31,离线
2026年5月4日,1:37:59,1777829879,164166,12111019,5109,3347,68,46.31,31,离线
2026年5月4日,1:38:29,1777829909,164166,12111019,5109,3347,68,46.31,31,离线
2026年5月4日,1:38:59,1777829939,164166,12111019,5109,3347,68,46.31,31,离线
2026年5月4日,1:39:29,1777829969,164166,12111019,5109,3347,68,46.31,31,离线
2026年5月4日,1:39:59,1777829999,164166,12111019,5109,3347,68,46.31,31,离线
2026年5月4日,1:40:29,1777830029,164166,12111019,5109,3347,68,46.31,31,离线
2026年5月4日,1:40:59,1777830059,164166,12111019,5109,3347,68,46.31,31,离线
2026年5月4日,1:41:29,1777830089,164166,12111019,5109,3347,68,46.31,31,离线
2026年5月4日,1:41:59,1777830119,164166,12111019,5109,3347,68,46.31,31,离线
2026年5月4日,1:42:29,1777830149,164166,12111019,5109,3347,68,46.31,31,离线
2026年5月4日,1:42:59,1777830179,164166,12111019,5109,3347,68,46.31,31,离线
2026年5月4日,1:43:29,1777830209,164166,12111019,5109,3347,68,46.31,31,离线
2026年5月4日,1:43:59,1777830239,164166,12111019,5109,3347,68,46.31,31,离线
2026年5月4日,1:44:29,1777830269,164166,12111019,5109,3347,68,46.31,31,离线
2026年5月4日,1:44:59,1777830299,164166,12111019,5109,3347,68,46.31,31,离线
2026年5月4日,1:45:29,1777830329,164166,12111019,5109,3347,68,46.31,31,离线
2026年5月4日,1:45:59,1777830359,164166,12111019,5109,3347,68,46.31,31,离线
2026年5月4日,1:46:29,1777830389,164166,12111019,5109,3347,68,46.31,31,离线
2026年5月4日,1:46:59,1777830419,164166,12111019,5109,3347,68,46.31,31,离线
2026年5月4日,1:47:29,1777830449,164166,12111019,5109,3347,68,46.31,31,离线
2026年5月4日,1:47:59,1777830479,164166,12111019,5109,3347,68,46.31,31,离线
2026年5月4日,1:48:29,1777830509,164166,12111019,5109,3347,68,46.31,31,离线
2026年5月4日,1:48:59,1777830539,164166,12111019,5109,3347,68,46.31,31,离线
2026年5月4日,1:49:29,1777830569,164166,12111019,5109,3347,68,46.31,31,离线
2026年5月4日,1:49:59,1777830599,164166,12111019,5109,3347,68,46.31,31,离线
2026年5月4日,1:50:29,1777830629,164166,12111019,5109,3347,68,46.31,31,离线
2026年5月4日,1:50:59,1777830659,164166,12111019,5109,3347,68,46.31,31,离线
2026年5月4日,1:51:29,1777830689,164166,12111019,5109,3347,68,46.31,31,离线
2026年5月4日,1:51:59,1777830719,164166,12111019,5109,3347,68,46.31,31,离线
2026年5月4日,1:52:29,1777830749,164166,12111019,5109,3347,68,46.31,31,离线
2026年5月4日,1:52:59,1777830779,164166,12111019,5109,3347,68,46.31,31,离线
2026年5月4日,1:53:29,1777830809,164166,12111019,5109,3347,68,46.31,31,离线
2026年5月4日,1:53:59,1777830839,164166,12111019,5109,3347,68,46.31,31,离线
2026年5月4日,1:54:29,1777830869,164166,12111019,5109,3347,68,46.31,31,离线
2026年5月4日,1:54:59,1777830899,164166,12111019,5109,3347,68,46.31,31,离线
2026年5月4日,1:55:29,1777830929,164166,12111019,5109,3347,68,46.31,31,离线
2026年5月4日,1:55:59,1777830959,164166,12111019,5109,3347,68,46.31,31,离线
2026年5月4日,1:56:29,1777830989,164166,12111019,5109,3347,68,46.31,31,离线
2026年5月4日,1:56:59,1777831019,164166,12111019,5109,3347,68,46.31,31,离线
2026年5月4日,1:57:29,1777831049,164166,12111019,5109,3347,68,46.31,31,离线
2026年5月4日,1:57:59,1777831079,164166,12111019,5109,3347,68,46.31,31,离线
2026年5月4日,1:58:29,1777831109,164166,12111019,5109,3347,68,46.31,31,离线
2026年5月4日,1:58:59,1777831139,164166,12111019,5109,3347,68,46.31,31,离线
2026年5月4日,1:59:29,1777831169,164166,12111019,5109,3347,68,46.31,31,离线
2026年5月4日,1:59:59,1777831199,164166,12111019,5109,3347,68,46.31,31,离线
2026年5月4日,2:00:29,1777831229,164166,12111019,5109,3347,68,46.31,31,离线
2026年5月4日,2:00:59,1777831259,164166,12111019,5109,3347,68,46.31,31,离线
2026年5月4日,2:01:29,1777831289,164166,12111019,5109,3347,68,46.31,31,离线
2026年5月4日,2:01:59,1777831319,164166,12111019,5109,3347,68,46.31,31,离线
2026年5月4日,2:02:29,1777831349,164166,12111019,5109,3347,68,46.31,31,离线
2026年5月4日,2:02:59,1777831379,164166,12111019,5109,3347,68,46.31,31,离线
2026年5月4日,2:03:29,1777831409,164166,12111019,5109,3347,68,46.31,31,离线
2026年5月4日,2:03:59,1777831439,164166,12111019,5109,3347,68,46.31,31,离线
2026年5月4日,2:04:29,1777831469,164166,12111019,5109,3347,68,46.31,31,离线
2026年5月4日,2:04:59,1777831499,164166,12111019,5109,3347,68,46.31,31,离线
2026年5月4日,2:05:29,1777831529,164166,12111019,5109,3347,68,46.31,31,离线
2026年5月4日,2:05:59,1777831559,164166,12111019,5109,3347,68,46.31,31,离线
2026年5月4日,2:06:29,1777831589,164166,12111019,5109,3347,68,46.31,31,离线
2026年5月4日,2:06:59,1777831619,164166,12111019,5109,3347,68,46.31,31,离线
2026年5月4日,2:07:29,1777831649,164166,12111019,5109,3347,68,46.31,31,离线
2026年5月4日,2:07:59,1777831679,164166,12111019,5109,3347,68,46.31,31,离线
2026年5月4日,2:08:29,1777831709,164166,12111019,5109,3347,68,46.31,31,离线
2026年5月4日,2:08:59,1777831739,164166,12111019,5109,3347,68,46.31,31,离线
2026年5月4日,2:09:29,1777831769,164166,12111019,5109,3347,68,46.31,31,离线
2026年5月4日,2:09:59,1777831799,164166,12111019,5109,3347,68,46.31,31,离线
2026年5月4日,2:10:29,1777831829,164166,12111019,5109,3347,68,46.31,31,离线
2026年5月4日,2:11:00,1777831860,164166,12111019,5109,3347,68,46.31,31,离线
2026年5月4日,2:11:29,1777831889,164166,12111019,5109,3347,68,46.31,31,离线
2026年5月4日,2:11:59,1777831919,164166,12111019,5109,3347,68,46.31,31,离线
2026年5月4日,2:12:29,1777831949,164166,12111019,5109,3347,68,46.31,31,离线
2026年5月4日,2:12:59,1777831979,164166,12111019,5109,3347,68,46.31,31,离线
2026年5月4日,2:13:29,1777832009,164166,12111019,5109,3347,68,46.31,31,离线
2026年5月4日,2:13:59,1777832039,164166,12111019,5109,3347,68,46.31,31,离线
2026年5月4日,2:14:29,1777832069,164166,12111019,5109,3347,68,46.31,31,离线
2026年5月4日,2:14:59,1777832099,164166,12111019,5109,3347,68,46.31,31,离线
2026年5月4日,2:15:29,1777832129,164166,12111019,5109,3347,68,46.31,31,离线
2026年5月4日,2:15:59,1777832159,164166,12111019,5109,3347,68,46.31,31,离线
2026年5月4日,2:16:29,1777832189,164166,12111019,5109,3347,68,46.31,31,离线
2026年5月4日,2:16:59,1777832219,164166,12111019,5109,3347,68,46.31,31,离线
2026年5月4日,2:17:29,1777832249,164166,12111019,5109,3347,68,46.31,31,离线
2026年5月4日,2:17:59,1777832279,164166,12111019,5109,3347,68,46.31,31,离线
2026年5月4日,2:18:29,1777832309,164166,12111019,5109,3347,68,46.31,31,离线
2026年5月4日,2:18:59,1777832339,164166,12111019,5109,3347,68,46.31,31,离线
2026年5月4日,2:19:29,1777832369,164166,12111019,5109,3347,68,46.31,31,离线
2026年5月4日,2:19:59,1777832399,164166,12111019,5109,3347,68,46.31,31,离线
2026年5月4日,2:20:29,1777832429,164166,12111019,5109,3347,68,46.31,31,离线
2026年5月4日,2:20:59,1777832459,164166,12111019,5109,3347,68,46.31,31,离线
2026年5月4日,2:21:29,1777832489,164166,12111019,5109,3347,68,46.31,31,离线
2026年5月4日,2:21:59,1777832519,164166,12111019,5109,3347,68,46.31,31,离线
2026年5月4日,2:22:29,1777832549,164166,12111019,5109,3347,68,46.31,31,离线
2026年5月4日,2:22:59,1777832579,164166,12111019,5109,3347,68,46.31,31,离线
2026年5月4日,2:23:29,1777832609,164166,12111019,5109,3347,68,46.31,31,离线
2026年5月4日,2:23:59,1777832639,164166,12111019,5109,3347,68,46.31,31,离线
2026年5月4日,2:24:29,1777832669,164166,12111019,5109,3347,68,46.31,31,离线
2026年5月4日,2:24:59,1777832699,164166,12111019,5109,3347,68,46.31,31,离线
2026年5月4日,2:25:29,1777832729,164166,12111019,5109,3347,68,46.31,31,离线
2026年5月4日,2:25:59,1777832759,164166,12111019,5109,3347,68,46.31,31,离线
2026年5月4日,2:26:29,1777832789,164166,12111019,5109,3347,68,46.31,31,离线
2026年5月4日,2:26:59,1777832819,164166,12111019,5109,3347,68,46.31,31,离线
2026年5月4日,2:27:29,1777832849,164166,12111019,5109,3347,68,46.31,31,离线
2026年5月4日,2:27:59,1777832879,164166,12111019,5109,3347,68,46.31,31,离线
2026年5月4日,2:28:29,1777832909,164166,12111019,5109,3347,68,46.31,31,离线
2026年5月4日,2:28:59,1777832939,164166,12111019,5109,3347,68,46.31,31,离线
2026年5月4日,2:29:29,1777832969,164166,12111019,5109,3347,68,46.31,31,离线
2026年5月4日,2:29:59,1777832999,164166,12111019,5109,3347,68,46.31,31,离线
2026年5月4日,2:30:31,1777833031,164166,12111019,5109,3347,68,46.31,31,离线
2026年5月4日,2:30:59,1777833059,164166,12111019,5109,3347,68,46.31,31,离线
2026年5月4日,2:31:29,1777833089,164166,12111019,5109,3347,68,46.31,31,离线
2026年5月4日,2:31:59,1777833119,164166,12111019,5109,3347,68,46.31,31,离线
2026年5月4日,2:32:29,1777833149,164166,12111019,5109,3347,68,46.31,31,离线
2026年5月4日,2:32:59,1777833179,164166,12111019,5109,3347,68,46.31,31,离线
2026年5月4日,2:33:29,1777833209,164166,12111019,5109,3347,68,46.31,31,离线
2026年5月4日,2:33:59,1777833239,164166,12111019,5109,3347,68,46.31,31,离线
2026年5月4日,2:34:29,1777833269,164166,12111019,5109,3347,68,46.31,31,离线
2026年5月4日,2:34:59,1777833299,164166,12111019,5109,3347,68,46.31,31,离线
2026年5月4日,2:35:34,1777833334,164166,12111019,5109,3347,68,46.31,31,离线
2026年5月4日,2:35:59,1777833359,164166,12111019,5109,3347,68,46.31,31,离线
2026年5月4日,2:36:29,1777833389,164166,12111019,5109,3347,68,46.31,31,离线
2026年5月4日,2:36:59,1777833419,164166,12111019,5109,3347,68,46.31,31,离线
2026年5月4日,2:37:31,1777833451,164166,12111019,5109,3347,68,46.31,31,离线
2026年5月4日,2:38:02,1777833482,164166,12111019,5109,3347,68,46.31,31,离线
2026年5月4日,2:38:38,1777833518,164166,12111019,5109,3347,68,46.31,31,离线
2026年5月4日,2:39:04,1777833544,164166,12111019,5109,3347,68,46.31,31,离线
2026年5月4日,2:39:34,1777833574,164166,12111019,5109,3347,68,46.31,31,离线
2026年5月4日,2:39:59,1777833599,164166,12111019,5109,3347,68,46.31,31,离线
2026年5月4日,2:40:34,1777833634,164166,12111019,5109,3347,68,46.31,31,离线
2026年5月4日,2:41:00,1777833660,164166,12111019,5109,3347,68,46.31,31,离线
2026年5月4日,2:41:29,1777833689,164166,12111019,5109,3347,68,46.31,31,离线
2026年5月4日,2:41:59,1777833719,164166,12111019,5109,3347,68,46.31,31,离线
2026年5月4日,2:42:29,1777833749,164166,12111019,5109,3347,68,46.31,31,离线
2026年5月4日,2:42:59,1777833779,164166,12111019,5109,3347,68,46.31,31,离线
2026年5月4日,2:43:29,1777833809,164166,12111019,5109,3347,68,46.31,31,离线
2026年5月4日,2:43:59,1777833839,164166,12111019,5109,3347,68,46.31,31,离线
2026年5月4日,2:44:29,1777833869,164166,12111019,5109,3347,68,46.31,31,离线
2026年5月4日,2:44:59,1777833899,164166,12111019,5109,3347,68,46.31,31,离线
2026年5月4日,2:45:29,1777833929,164166,12111019,5109,3347,68,46.31,31,离线
2026年5月4日,2:45:59,1777833959,164166,12111019,5109,3347,68,46.31,31,离线
2026年5月4日,2:46:29,1777833989,164166,12111019,5109,3347,68,46.31,31,离线
2026年5月4日,2:46:59,1777834019,164166,12111019,5109,3347,68,46.31,31,离线
2026年5月4日,2:47:29,1777834049,164166,12111019,5109,3347,68,46.31,31,离线
2026年5月4日,2:47:59,1777834079,164166,12111019,5109,3347,68,46.31,31,离线
2026年5月4日,2:48:29,1777834109,164166,12111019,5109,3347,68,46.31,31,离线
2026年5月4日,2:48:59,1777834139,164166,12111019,5109,3347,68,46.31,31,离线
2026年5月4日,2:49:29,1777834169,164166,12111019,5109,3347,68,46.31,31,离线
2026年5月4日,2:49:59,1777834199,164166,12111019,5109,3347,68,46.31,31,离线
2026年5月4日,2:50:29,1777834229,164166,12111019,5109,3347,68,46.31,31,离线
2026年5月4日,2:50:59,1777834259,164166,12111019,5109,3347,68,46.31,31,离线
2026年5月4日,2:51:29,1777834289,164166,12111019,5109,3347,68,46.31,31,离线
2026年5月4日,2:51:59,1777834319,164166,12111019,5109,3347,68,46.31,31,离线
2026年5月4日,2:52:29,1777834349,164166,12111019,5109,3347,68,46.31,31,离线
2026年5月4日,2:52:59,1777834379,164166,12111019,5109,3347,68,46.31,31,离线
2026年5月4日,2:53:29,1777834409,164166,12111019,5109,3347,68,46.31,31,离线
2026年5月4日,2:53:59,1777834439,164166,12111019,5109,3347,68,46.31,31,离线
2026年5月4日,2:54:29,1777834469,164166,12111019,5109,3347,68,46.31,31,离线
2026年5月4日,2:54:59,1777834499,164166,12111019,5109,3347,68,46.31,31,离线
2026年5月4日,2:55:29,1777834529,164166,12111019,5109,3347,68,46.31,31,离线
2026年5月4日,2:56:01,1777834561,164166,12111019,5109,3347,68,46.31,31,离线
2026年5月4日,2:56:29,1777834589,164166,12111019,5109,3347,68,46.31,31,离线
2026年5月4日,2:56:59,1777834619,164166,12111019,5109,3347,68,46.31,31,离线
2026年5月4日,2:57:29,1777834649,164166,12111019,5109,3347,68,46.31,31,离线
2026年5月4日,2:57:59,1777834679,164166,12111019,5109,3347,68,46.31,31,离线
2026年5月4日,2:58:29,1777834709,164166,12111019,5109,3347,68,46.31,31,离线
2026年5月4日,2:58:59,1777834739,164166,12111019,5109,3347,68,46.31,31,离线
2026年5月4日,2:59:29,1777834769,164166,12111019,5109,3347,68,46.31,31,离线
2026年5月4日,2:59:59,1777834799,164166,12111019,5109,3347,68,46.31,31,离线
2026年5月4日,3:00:29,1777834829,164166,12111019,5109,3347,68,46.31,31,离线
2026年5月4日,3:00:59,1777834859,164166,12111019,5109,3347,68,46.31,31,离线
2026年5月4日,3:01:29,1777834889,164166,12111019,5109,3347,68,46.31,31,离线
2026年5月4日,3:01:59,1777834919,164166,12111019,5109,3347,68,46.31,31,离线
2026年5月4日,3:02:29,1777834949,164166,12111019,5109,3347,68,46.31,31,离线
2026年5月4日,3:02:59,1777834979,164166,12111019,5109,3347,68,46.31,31,离线
2026年5月4日,3:03:29,1777835009,164166,12111019,5109,3347,68,46.31,31,离线
2026年5月4日,3:03:59,1777835039,164166,12111019,5109,3347,68,46.31,31,离线
2026年5月4日,3:04:29,1777835069,164166,12111019,5109,3347,68,46.31,31,离线
2026年5月4日,3:04:59,1777835099,164166,12111019,5109,3347,68,46.31,31,离线
2026年5月4日,3:05:29,1777835129,164166,12111019,5109,3347,68,46.31,31,离线
2026年5月4日,3:05:59,1777835159,164166,12111019,5109,3347,68,46.31,31,离线
2026年5月4日,3:06:29,1777835189,164166,12111019,5109,3347,68,46.31,31,离线
2026年5月4日,3:06:59,1777835219,164166,12111019,5109,3347,68,46.31,31,离线
2026年5月4日,3:07:29,1777835249,164166,12111019,5109,3347,68,46.31,31,离线
2026年5月4日,3:07:59,1777835279,164166,12111019,5109,3347,68,46.31,31,离线
2026年5月4日,3:08:29,1777835309,164166,12111019,5109,3347,68,46.31,31,离线
2026年5月4日,3:08:59,1777835339,164166,12111019,5109,3347,68,46.31,31,离线
2026年5月4日,3:09:29,1777835369,164166,12111019,5109,3347,68,46.31,31,离线
2026年5月4日,3:09:59,1777835399,164166,12111019,5109,3347,68,46.31,31,离线
2026年5月4日,3:10:29,1777835429,164166,12111019,5109,3347,68,46.31,31,离线
2026年5月4日,3:10:59,1777835459,164166,12111019,5109,3347,68,46.31,31,离线
2026年5月4日,3:11:29,1777835489,164166,12111019,5109,3347,68,46.31,31,离线
2026年5月4日,3:11:59,1777835519,164166,12111019,5109,3347,68,46.31,31,离线
2026年5月4日,3:12:29,1777835549,164166,12111019,5109,3347,68,46.31,31,离线
2026年5月4日,3:12:59,1777835579,164166,12111019,5109,3347,68,46.31,31,离线
2026年5月4日,3:13:29,1777835609,164166,12111019,5109,3347,68,46.31,31,离线
2026年5月4日,3:13:59,1777835639,164166,12111019,5109,3347,68,46.31,31,离线
2026年5月4日,3:14:29,1777835669,164166,12111019,5109,3347,68,46.31,31,离线
2026年5月4日,3:14:59,1777835699,164166,12111019,5109,3347,68,46.31,31,离线
2026年5月4日,3:15:29,1777835729,164166,12111019,5109,3347,68,46.31,31,离线
2026年5月4日,3:15:59,1777835759,164166,12111019,5109,3347,68,46.31,31,离线
2026年5月4日,3:16:29,1777835789,164166,12111019,5109,3347,68,46.31,31,离线
2026年5月4日,3:16:59,1777835819,164166,12111019,5109,3347,68,46.31,31,离线
2026年5月4日,3:17:29,1777835849,164166,12111019,5109,3347,68,46.31,31,离线
2026年5月4日,3:17:59,1777835879,164166,12111019,5109,3347,68,46.31,31,离线
2026年5月4日,3:18:29,1777835909,164166,12111019,5109,3347,68,46.31,31,离线
2026年5月4日,3:18:59,1777835939,164166,12111019,5109,3347,68,46.31,31,离线
2026年5月4日,3:19:29,1777835969,164166,12111019,5109,3347,68,46.31,31,离线
2026年5月4日,3:19:59,1777835999,164166,12111019,5109,3347,68,46.31,31,离线
2026年5月4日,3:20:29,1777836029,164166,12111019,5109,3347,68,46.31,31,离线
2026年5月4日,3:20:59,1777836059,164166,12111019,5109,3347,68,46.31,31,离线
2026年5月4日,3:21:29,1777836089,164166,12111019,5109,3347,68,46.31,31,离线
2026年5月4日,3:21:59,1777836119,164166,12111019,5109,3347,68,46.31,31,离线
2026年5月4日,3:22:29,1777836149,164166,12111019,5109,3347,68,46.31,31,离线
2026年5月4日,3:22:59,1777836179,164166,12111019,5109,3347,68,46.31,31,离线
2026年5月4日,3:23:29,1777836209,164166,12111019,5109,3347,68,46.31,31,离线
2026年5月4日,3:23:59,1777836239,164166,12111019,5109,3347,68,46.31,31,离线
2026年5月4日,3:24:29,1777836269,164166,12111019,5109,3347,68,46.31,31,离线
2026年5月4日,3:24:59,1777836299,164166,12111019,5109,3347,68,46.31,31,离线
2026年5月4日,3:25:29,1777836329,164166,12111019,5109,3347,68,46.31,31,离线
2026年5月4日,3:25:59,1777836359,164166,12111019,5109,3347,68,46.31,31,离线
2026年5月4日,3:26:29,1777836389,164166,12111019,5109,3347,68,46.31,31,离线
2026年5月4日,3:26:59,1777836419,164166,12111019,5109,3347,68,46.31,31,离线
2026年5月4日,3:27:29,1777836449,164166,12111019,5109,3347,68,46.31,31,离线
2026年5月4日,3:27:59,1777836479,164166,12111019,5109,3347,68,46.31,31,离线
2026年5月4日,3:28:29,1777836509,164166,12111019,5109,3347,68,46.31,31,离线
2026年5月4日,3:28:59,1777836539,164166,12111019,5109,3347,68,46.31,31,离线
2026年5月4日,3:29:29,1777836569,164166,12111019,5109,3347,68,46.31,31,离线
2026年5月4日,3:29:59,1777836599,164166,12111019,5109,3347,68,46.31,31,离线
2026年5月4日,3:30:29,1777836629,164166,12111019,5109,3347,68,46.31,31,离线
2026年5月4日,3:30:59,1777836659,164166,12111019,5109,3347,68,46.31,31,离线
2026年5月4日,3:31:29,1777836689,164166,12111019,5109,3347,68,46.31,31,离线
2026年5月4日,3:31:59,1777836719,164166,12111019,5109,3347,68,46.31,31,离线
2026年5月4日,3:32:29,1777836749,164166,12111019,5109,3347,68,46.31,31,离线
2026年5月4日,3:32:59,1777836779,164166,12111019,5109,3347,68,46.31,31,离线
2026年5月4日,3:33:29,1777836809,164166,12111019,5109,3347,68,46.31,31,离线
2026年5月4日,3:33:59,1777836839,164166,12111019,5109,3347,68,46.31,31,离线
2026年5月4日,3:34:29,1777836869,164166,12111019,5109,3347,68,46.31,31,离线
2026年5月4日,3:34:59,1777836899,164166,12111019,5109,3347,68,46.31,31,离线
2026年5月4日,3:35:29,1777836929,164166,12111019,5109,3347,68,46.31,31,离线
2026年5月4日,3:35:59,1777836959,164166,12111019,5109,3347,68,46.31,31,离线
2026年5月4日,3:36:29,1777836989,164166,12111019,5109,3347,68,46.31,31,离线
2026年5月4日,3:36:59,1777837019,164166,12111019,5109,3347,68,46.31,31,离线
2026年5月4日,3:37:29,1777837049,164166,12111019,5109,3347,68,46.31,31,离线
2026年5月4日,3:37:59,1777837079,164166,12111019,5109,3347,68,46.31,31,离线
2026年5月4日,3:38:29,1777837109,164166,12111019,5109,3347,68,46.31,31,离线
2026年5月4日,3:38:59,1777837139,164166,12111019,5109,3347,68,46.31,31,离线
2026年5月4日,3:39:29,1777837169,164166,12111019,5109,3347,68,46.31,31,离线
2026年5月4日,3:39:59,1777837199,164166,12111019,5109,3347,68,46.31,31,离线
2026年5月4日,3:40:29,1777837229,164166,12111019,5109,3347,68,46.31,31,离线
2026年5月4日,3:40:59,1777837259,164166,12111019,5109,3347,68,46.31,31,离线
2026年5月4日,3:41:29,1777837289,164166,12111019,5109,3347,68,46.31,31,离线
2026年5月4日,3:41:59,1777837319,164166,12111019,5109,3347,68,46.31,31,离线
2026年5月4日,3:42:29,1777837349,164166,12111019,5109,3347,68,46.31,31,离线
2026年5月4日,3:42:59,1777837379,164166,12111019,5109,3347,68,46.31,31,离线
2026年5月4日,3:43:29,1777837409,164166,12111019,5109,3347,68,46.31,31,离线
2026年5月4日,3:43:59,1777837439,164166,12111019,5109,3347,68,46.31,31,离线
2026年5月4日,3:44:29,1777837469,164166,12111019,5109,3347,68,46.31,31,离线
2026年5月4日,3:44:59,1777837499,164166,12111019,5109,3347,68,46.31,31,离线
2026年5月4日,3:45:29,1777837529,164166,12111019,5109,3347,68,46.31,31,离线
2026年5月4日,3:45:59,1777837559,164166,12111019,5109,3347,68,46.31,31,离线
2026年5月4日,3:46:29,1777837589,164166,12111019,5109,3347,68,46.31,31,离线
2026年5月4日,3:46:59,1777837619,164166,12111019,5109,3347,68,46.31,31,离线
2026年5月4日,3:47:29,1777837649,164166,12111019,5109,3347,68,46.31,31,离线
2026年5月4日,3:47:59,1777837679,164166,12111019,5109,3347,68,46.31,31,离线
2026年5月4日,3:48:29,1777837709,164166,12111019,5109,3347,68,46.31,31,离线
2026年5月4日,3:48:59,1777837739,164166,12111019,5109,3347,68,46.31,31,离线
2026年5月4日,3:49:29,1777837769,164166,12111019,5109,3347,68,46.31,31,离线
2026年5月4日,3:49:59,1777837799,164166,12111019,5109,3347,68,46.31,31,离线
2026年5月4日,3:50:29,1777837829,164166,12111019,5109,3347,68,46.31,31,离线
2026年5月4日,3:50:59,1777837859,164166,12111019,5109,3347,68,46.31,31,离线
2026年5月4日,3:51:29,1777837889,164166,12111019,5109,3347,68,46.31,31,离线
2026年5月4日,3:51:59,1777837919,164166,12111019,5109,3347,68,46.31,31,离线
2026年5月4日,3:52:29,1777837949,164166,12111019,5109,3347,68,46.31,31,离线
2026年5月4日,3:52:59,1777837979,164166,12111019,5109,3347,68,46.31,31,离线
2026年5月4日,3:53:29,1777838009,164166,12111019,5109,3347,68,46.31,31,离线
2026年5月4日,3:53:59,1777838039,164166,12111019,5109,3347,68,46.31,31,离线
2026年5月4日,3:54:29,1777838069,164166,12111019,5109,3347,68,46.31,31,离线
2026年5月4日,3:54:59,1777838099,164166,12111019,5109,3347,68,46.31,31,离线
2026年5月4日,3:55:29,1777838129,164166,12111019,5109,3347,68,46.31,31,离线
2026年5月4日,3:55:59,1777838159,164166,12111019,5109,3347,68,46.31,31,离线
2026年5月4日,3:56:29,1777838189,164166,12111019,5109,3347,68,46.31,31,离线
2026年5月4日,3:56:59,1777838219,164166,12111019,5109,3347,68,46.31,31,离线
2026年5月4日,3:57:29,1777838249,164166,12111019,5109,3347,68,46.31,31,离线
2026年5月4日,3:57:59,1777838279,164166,12111019,5109,3347,68,46.31,31,离线
2026年5月4日,3:58:29,1777838309,164166,12111019,5109,3347,68,46.31,31,离线
2026年5月4日,3:58:59,1777838339,164166,12111019,5109,3347,68,46.31,31,离线
2026年5月4日,3:59:29,1777838369,164166,12111019,5109,3347,68,46.31,31,离线
2026年5月4日,3:59:59,1777838399,164166,12111019,5109,3347,68,46.31,31,离线
2026年5月4日,4:00:29,1777838429,164166,12111019,5109,3347,68,46.31,31,离线
2026年5月4日,4:00:59,1777838459,164166,12111019,5109,3347,68,46.31,31,离线
2026年5月4日,4:01:29,1777838489,164166,12111019,5109,3347,68,46.31,31,离线
2026年5月4日,4:01:59,1777838519,164166,12111019,5109,3347,68,46.31,31,离线
2026年5月4日,4:02:29,1777838549,164166,12111019,5109,3347,68,46.31,31,离线
2026年5月4日,4:02:59,1777838579,164166,12111019,5109,3347,68,46.31,31,离线
2026年5月4日,4:03:29,1777838609,164166,12111019,5109,3347,68,46.31,31,离线
2026年5月4日,4:03:59,1777838639,164166,12111019,5109,3347,68,46.31,31,离线
2026年5月4日,4:04:29,1777838669,164166,12111019,5109,3347,68,46.31,31,离线
2026年5月4日,4:04:59,1777838699,164166,12111019,5109,3347,68,46.31,31,离线
2026年5月4日,4:05:29,1777838729,164166,12111019,5109,3347,68,46.31,31,离线
2026年5月4日,4:05:59,1777838759,164166,12111019,5109,3347,68,46.31,31,离线
2026年5月4日,4:06:29,1777838789,164166,12111019,5109,3347,68,46.31,31,离线
2026年5月4日,4:06:59,1777838819,164166,12111019,5109,3347,68,46.31,31,离线
2026年5月4日,4:07:29,1777838849,164166,12111019,5109,3347,68,46.31,31,离线
2026年5月4日,4:07:59,1777838879,164166,12111019,5109,3347,68,46.31,31,离线
2026年5月4日,4:08:29,1777838909,164166,12111019,5109,3347,68,46.31,31,离线
2026年5月4日,4:08:59,1777838939,164166,12111019,5109,3347,68,46.31,31,离线
2026年5月4日,4:09:29,1777838969,164166,12111019,5109,3347,68,46.31,31,离线
2026年5月4日,4:09:59,1777838999,164166,12111019,5109,3347,68,46.31,31,离线
2026年5月4日,4:10:29,1777839029,164166,12111019,5109,3347,68,46.31,31,离线
2026年5月4日,4:10:59,1777839059,164166,12111019,5109,3347,68,46.31,31,离线
2026年5月4日,4:11:29,1777839089,164166,12111019,5109,3347,68,46.31,31,离线
2026年5月4日,4:11:59,1777839119,164166,12111019,5109,3347,68,46.31,31,离线
2026年5月4日,4:12:29,1777839149,164166,12111019,5109,3347,68,46.31,31,离线
2026年5月4日,4:12:59,1777839179,164166,12111019,5109,3347,68,46.31,31,离线
2026年5月4日,4:13:29,1777839209,164166,12111019,5109,3347,68,46.31,31,离线
2026年5月4日,4:13:59,1777839239,164166,12111019,5109,3347,68,46.31,31,离线
2026年5月4日,4:14:29,1777839269,164166,12111019,5109,3347,68,46.31,31,离线
2026年5月4日,4:14:59,1777839299,164166,12111019,5109,3347,68,46.31,31,离线
2026年5月4日,4:15:29,1777839329,164166,12111019,5109,3347,68,46.31,31,离线
2026年5月4日,4:16:00,1777839360,164166,12111019,5109,3347,68,46.31,31,离线
2026年5月4日,4:16:29,1777839389,164166,12111019,5109,3347,68,46.31,31,离线
2026年5月4日,4:16:59,1777839419,164166,12111019,5109,3347,68,46.31,31,离线
2026年5月4日,4:17:29,1777839449,164166,12111019,5109,3347,68,46.31,31,离线
2026年5月4日,4:17:59,1777839479,164166,12111019,5109,3347,68,46.31,31,离线
2026年5月4日,4:18:29,1777839509,164166,12111019,5109,3347,68,46.31,31,离线
2026年5月4日,4:18:59,1777839539,164166,12111019,5109,3347,68,46.31,31,离线
2026年5月4日,4:19:29,1777839569,164166,12111019,5109,3347,68,46.31,31,离线
2026年5月4日,4:19:59,1777839599,164166,12111019,5109,3347,68,46.31,31,离线
2026年5月4日,4:20:29,1777839629,164166,12111019,5109,3347,68,46.31,31,离线
2026年5月4日,4:20:59,1777839659,164166,12111019,5109,3347,68,46.31,31,离线
2026年5月4日,4:21:29,1777839689,164166,12111019,5109,3347,68,46.31,31,离线
2026年5月4日,4:21:59,1777839719,164166,12111019,5109,3347,68,46.31,31,离线
2026年5月4日,4:22:29,1777839749,164166,12111019,5109,3347,68,46.31,31,离线
2026年5月4日,4:22:59,1777839779,164166,12111019,5109,3347,68,46.31,31,离线
2026年5月4日,4:23:29,1777839809,164166,12111019,5109,3347,68,46.31,31,离线
2026年5月4日,4:23:59,1777839839,164166,12111019,5109,3347,68,46.31,31,离线
2026年5月4日,4:24:29,1777839869,164166,12111019,5109,3347,68,46.31,31,离线
2026年5月4日,4:24:59,1777839899,164166,12111019,5109,3347,68,46.31,31,离线
2026年5月4日,4:25:29,1777839929,164166,12111019,5109,3347,68,46.31,31,离线
2026年5月4日,4:25:59,1777839959,164166,12111019,5109,3347,68,46.31,31,离线
2026年5月4日,4:26:29,1777839989,164166,12111019,5109,3347,68,46.31,31,离线
2026年5月4日,4:26:59,1777840019,164166,12111019,5109,3347,68,46.31,31,离线
2026年5月4日,4:27:29,1777840049,164166,12111019,5109,3347,68,46.31,31,离线
2026年5月4日,4:27:59,1777840079,164166,12111019,5109,3347,68,46.31,31,离线
2026年5月4日,4:28:29,1777840109,164166,12111019,5109,3347,68,46.31,31,离线
2026年5月4日,4:28:59,1777840139,164166,12111019,5109,3347,68,46.31,31,离线
2026年5月4日,4:29:29,1777840169,164166,12111019,5109,3347,68,46.31,31,离线
2026年5月4日,4:29:59,1777840199,164166,12111019,5109,3347,68,46.31,31,离线
2026年5月4日,4:30:29,1777840229,164166,12111019,5109,3347,68,46.31,31,离线
2026年5月4日,4:30:59,1777840259,164166,12111019,5109,3347,68,46.31,31,离线
2026年5月4日,4:31:29,1777840289,164166,12111019,5109,3347,68,46.31,31,离线
2026年5月4日,4:31:59,1777840319,164166,12111019,5109,3347,68,46.31,31,离线
2026年5月4日,4:32:29,1777840349,164166,12111019,5109,3347,68,46.31,31,离线
2026年5月4日,4:32:59,1777840379,164166,12111019,5109,3347,68,46.31,31,离线
2026年5月4日,4:33:29,1777840409,164166,12111019,5109,3347,68,46.31,31,离线
2026年5月4日,4:33:59,1777840439,164166,12111019,5109,3347,68,46.31,31,离线
2026年5月4日,4:34:29,1777840469,164166,12111019,5109,3347,68,46.31,31,离线
2026年5月4日,4:34:59,1777840499,164166,12111019,5109,3347,68,46.31,31,离线
2026年5月4日,4:35:29,1777840529,164166,12111019,5109,3347,68,46.31,31,离线
2026年5月4日,4:35:59,1777840559,164166,12111019,5109,3347,68,46.31,31,离线
2026年5月4日,4:36:29,1777840589,164166,12111019,5109,3347,68,46.31,31,离线
2026年5月4日,4:36:59,1777840619,164166,12111019,5109,3347,68,46.31,31,离线
2026年5月4日,4:37:29,1777840649,164166,12111019,5109,3347,68,46.31,31,离线
2026年5月4日,4:37:59,1777840679,164166,12111019,5109,3347,68,46.31,31,离线
2026年5月4日,4:38:29,1777840709,164166,12111019,5109,3347,68,46.31,31,离线
2026年5月4日,4:38:59,1777840739,164166,12111019,5109,3347,68,46.31,31,离线
2026年5月4日,4:39:29,1777840769,164166,12111019,5109,3347,68,46.31,31,离线
2026年5月4日,4:39:59,1777840799,164166,12111019,5109,3347,68,46.31,31,离线
2026年5月4日,4:40:29,1777840829,164166,12111019,5109,3347,68,46.31,31,离线
2026年5月4日,4:40:59,1777840859,164166,12111019,5109,3347,68,46.31,31,离线
2026年5月4日,4:41:29,1777840889,164166,12111019,5109,3347,68,46.31,31,离线
2026年5月4日,4:41:59,1777840919,164166,12111019,5109,3347,68,46.31,31,离线
2026年5月4日,4:42:29,1777840949,164166,12111019,5109,3347,68,46.31,31,离线
2026年5月4日,4:42:59,1777840979,164166,12111019,5109,3347,68,46.31,31,离线
2026年5月4日,4:43:29,1777841009,164166,12111019,5109,3347,68,46.31,31,离线
2026年5月4日,4:43:59,1777841039,164166,12111019,5109,3347,68,46.31,31,离线
2026年5月4日,4:44:29,1777841069,164166,12111019,5109,3347,68,46.31,31,离线
2026年5月4日,4:44:59,1777841099,164166,12111019,5109,3347,68,46.31,31,离线
2026年5月4日,4:45:29,1777841129,164166,12111019,5109,3347,68,46.31,31,离线
2026年5月4日,4:45:59,1777841159,164166,12111019,5109,3347,68,46.31,31,离线
2026年5月4日,4:46:29,1777841189,164166,12111019,5109,3347,68,46.31,31,离线
2026年5月4日,4:46:59,1777841219,164166,12111019,5109,3347,68,46.31,31,离线
2026年5月4日,4:47:29,1777841249,164166,12111019,5109,3347,68,46.31,31,离线
2026年5月4日,4:47:59,1777841279,164166,12111019,5109,3347,68,46.31,31,离线
2026年5月4日,4:48:29,1777841309,164166,12111019,5109,3347,68,46.31,31,离线
2026年5月4日,4:48:59,1777841339,164166,12111019,5109,3347,68,46.31,31,离线
2026年5月4日,4:49:29,1777841369,164166,12111019,5109,3347,68,46.31,31,离线
2026年5月4日,4:49:59,1777841399,164166,12111019,5109,3347,68,46.31,31,离线
2026年5月4日,4:50:29,1777841429,164166,12111019,5109,3347,68,46.31,31,离线
2026年5月4日,4:50:59,1777841459,164166,12111019,5109,3347,68,46.31,31,离线
2026年5月4日,4:51:29,1777841489,164166,12111019,5109,3347,68,46.31,31,离线
2026年5月4日,4:51:59,1777841519,164166,12111019,5109,3347,68,46.31,31,离线
2026年5月4日,4:52:29,1777841549,164166,12111019,5109,3347,68,46.31,31,离线
2026年5月4日,4:52:59,1777841579,164166,12111019,5109,3347,68,46.31,31,离线
2026年5月4日,4:53:29,1777841609,164166,12111019,5109,3347,68,46.31,31,离线
2026年5月4日,4:53:59,1777841639,164166,12111019,5109,3347,68,46.31,31,离线
2026年5月4日,4:54:29,1777841669,164166,12111019,5109,3347,68,46.31,31,离线
2026年5月4日,4:54:59,1777841699,164166,12111019,5109,3347,68,46.31,31,离线
2026年5月4日,4:55:29,1777841729,164166,12111019,5109,3347,68,46.31,31,离线
2026年5月4日,4:55:59,1777841759,164166,12111019,5109,3347,68,46.31,31,离线
2026年5月4日,4:56:32,1777841792,164166,12111019,5109,3347,68,46.31,31,离线
2026年5月4日,4:56:59,1777841819,164166,12111019,5109,3347,68,46.31,31,离线
2026年5月4日,4:57:29,1777841849,164166,12111019,5109,3347,68,46.31,31,离线
2026年5月4日,4:57:59,1777841879,164166,12111019,5109,3347,68,46.31,31,离线
2026年5月4日,4:58:29,1777841909,164166,12111019,5109,3347,68,46.31,31,离线
2026年5月4日,4:58:59,1777841939,164166,12111019,5109,3347,68,46.31,31,离线
2026年5月4日,4:59:29,1777841969,164166,12111019,5109,3347,68,46.31,31,离线
2026年5月4日,4:59:59,1777841999,164166,12111019,5109,3347,68,46.31,31,离线
2026年5月4日,5:00:29,1777842029,164166,12111019,5109,3347,68,46.31,31,离线
2026年5月4日,5:00:59,1777842059,164166,12111019,5109,3347,68,46.31,31,离线
2026年5月4日,5:01:29,1777842089,164166,12111019,5109,3347,68,46.31,31,离线
2026年5月4日,5:01:59,1777842119,164166,12111019,5109,3347,68,46.31,31,离线
2026年5月4日,5:02:29,1777842149,164166,12111019,5109,3347,68,46.31,31,离线
2026年5月4日,5:02:59,1777842179,164166,12111019,5109,3347,68,46.31,31,离线
2026年5月4日,5:03:29,1777842209,164166,12111019,5109,3347,68,46.31,31,离线
2026年5月4日,5:03:59,1777842239,164166,12111019,5109,3347,68,46.31,31,离线
2026年5月4日,5:04:29,1777842269,164166,12111019,5109,3347,68,46.31,31,离线
2026年5月4日,5:04:59,1777842299,164166,12111019,5109,3347,68,46.31,31,离线
2026年5月4日,5:05:29,1777842329,164166,12111019,5109,3347,68,46.31,31,离线
2026年5月4日,5:05:59,1777842359,164166,12111019,5109,3347,68,46.31,31,离线
2026年5月4日,5:06:29,1777842389,164166,12111019,5109,3347,68,46.31,31,离线
2026年5月4日,5:06:59,1777842419,164166,12111019,5109,3347,68,46.31,31,离线
2026年5月4日,5:07:29,1777842449,164166,12111019,5109,3347,68,46.31,31,离线
2026年5月4日,5:07:59,1777842479,164166,12111019,5109,3347,68,46.31,31,离线
2026年5月4日,5:08:29,1777842509,164166,12111019,5109,3347,68,46.31,31,离线
2026年5月4日,5:08:59,1777842539,164166,12111019,5109,3347,68,46.31,31,离线
2026年5月4日,5:09:29,1777842569,164166,12111019,5109,3347,68,46.31,31,离线
2026年5月4日,5:09:59,1777842599,164166,12111019,5109,3347,68,46.31,31,离线
2026年5月4日,5:10:29,1777842629,164166,12111019,5109,3347,68,46.31,31,离线
2026年5月4日,5:10:59,1777842659,164166,12111019,5109,3347,68,46.31,31,离线
2026年5月4日,5:11:29,1777842689,164166,12111019,5109,3347,68,46.31,31,离线
2026年5月4日,5:11:59,1777842719,164166,12111019,5109,3347,68,46.31,31,离线
2026年5月4日,5:12:29,1777842749,164166,12111019,5109,3347,68,46.31,31,离线
2026年5月4日,5:12:59,1777842779,164166,12111019,5109,3347,68,46.31,31,离线
2026年5月4日,5:13:29,1777842809,164166,12111019,5109,3347,68,46.31,31,离线
2026年5月4日,5:13:59,1777842839,164166,12111019,5109,3347,68,46.31,31,离线
2026年5月4日,5:14:29,1777842869,164166,12111019,5109,3347,68,46.31,31,离线
2026年5月4日,5:14:59,1777842899,164166,12111019,5109,3347,68,46.31,31,离线
2026年5月4日,5:15:29,1777842929,164166,12111019,5109,3347,68,46.31,31,离线
2026年5月4日,5:15:59,1777842959,164166,12111019,5109,3347,68,46.31,31,离线
2026年5月4日,5:16:29,1777842989,164166,12111019,5109,3347,68,46.31,31,离线
2026年5月4日,5:16:59,1777843019,164166,12111019,5109,3347,68,46.31,31,离线
2026年5月4日,5:17:29,1777843049,164166,12111019,5109,3347,68,46.31,31,离线
2026年5月4日,5:17:59,1777843079,164166,12111019,5109,3347,68,46.31,31,离线
2026年5月4日,5:18:29,1777843109,164166,12111019,5109,3347,68,46.31,31,离线
2026年5月4日,5:18:59,1777843139,164166,12111019,5109,3347,68,46.31,31,离线
2026年5月4日,5:19:29,1777843169,164166,12111019,5109,3347,68,46.31,31,离线
2026年5月4日,5:19:59,1777843199,164166,12111019,5109,3347,68,46.31,31,离线
2026年5月4日,5:20:29,1777843229,164166,12111019,5109,3347,68,46.31,31,离线
2026年5月4日,5:20:59,1777843259,164166,12111019,5109,3347,68,46.31,31,离线
2026年5月4日,5:21:29,1777843289,164166,12111019,5109,3347,68,46.31,31,离线
2026年5月4日,5:21:59,1777843319,164166,12111019,5109,3347,68,46.31,31,离线
2026年5月4日,5:22:29,1777843349,164166,12111019,5109,3347,68,46.31,31,离线
2026年5月4日,5:22:59,1777843379,164166,12111019,5109,3347,68,46.31,31,离线
2026年5月4日,5:23:29,1777843409,164166,12111019,5109,3347,68,46.31,31,离线
2026年5月4日,5:23:59,1777843439,164166,12111019,5109,3347,68,46.31,31,离线
2026年5月4日,5:24:29,1777843469,164166,12111019,5109,3347,68,46.31,31,离线
2026年5月4日,5:24:59,1777843499,164166,12111019,5109,3347,68,46.31,31,离线
2026年5月4日,5:25:29,1777843529,164166,12111019,5109,3347,68,46.31,31,离线
2026年5月4日,5:25:59,1777843559,164166,12111019,5109,3347,68,46.31,31,离线
2026年5月4日,5:26:29,1777843589,164166,12111019,5109,3347,68,46.31,31,离线
2026年5月4日,5:26:59,1777843619,164166,12111019,5109,3347,68,46.31,31,离线
2026年5月4日,5:27:29,1777843649,164166,12111019,5109,3347,68,46.31,31,离线
2026年5月4日,5:27:59,1777843679,164166,12111019,5109,3347,68,46.31,31,离线
2026年5月4日,5:28:29,1777843709,164166,12111019,5109,3347,68,46.31,31,离线
2026年5月4日,5:28:59,1777843739,164166,12111019,5109,3347,68,46.31,31,离线
2026年5月4日,5:29:29,1777843769,164166,12111019,5109,3347,68,46.31,31,离线
2026年5月4日,5:29:59,1777843799,164166,12111019,5109,3347,68,46.31,31,离线
2026年5月4日,5:30:29,1777843829,164166,12111019,5109,3347,68,46.31,31,离线
2026年5月4日,5:30:59,1777843859,164166,12111019,5109,3347,68,46.31,31,离线
2026年5月4日,5:31:29,1777843889,164166,12111019,5109,3347,68,46.31,31,离线
2026年5月4日,5:31:59,1777843919,164166,12111019,5109,3347,68,46.31,31,离线
2026年5月4日,5:32:29,1777843949,164166,12111019,5109,3347,68,46.31,31,离线
2026年5月4日,5:32:59,1777843979,164166,12111019,5109,3347,68,46.31,31,离线
2026年5月4日,5:33:29,1777844009,164166,12111019,5109,3347,68,46.31,31,离线
2026年5月4日,5:33:59,1777844039,164166,12111019,5109,3347,68,46.31,31,离线
2026年5月4日,5:34:29,1777844069,164166,12111019,5109,3347,68,46.31,31,离线
2026年5月4日,5:34:59,1777844099,164166,12111019,5109,3347,68,46.31,31,离线
2026年5月4日,5:35:29,1777844129,164166,12111019,5109,3347,68,46.31,31,离线
2026年5月4日,5:35:59,1777844159,164166,12111019,5109,3347,68,46.31,31,离线
2026年5月4日,5:36:29,1777844189,164166,12111019,5109,3347,68,46.31,31,离线
2026年5月4日,5:36:59,1777844219,164166,12111019,5109,3347,68,46.31,31,离线
2026年5月4日,5:37:29,1777844249,164166,12111019,5109,3347,68,46.31,31,离线
2026年5月4日,5:37:59,1777844279,164166,12111019,5109,3347,68,46.31,31,离线
2026年5月4日,5:38:29,1777844309,164166,12111019,5109,3347,68,46.31,31,离线
2026年5月4日,5:38:59,1777844339,164166,12111019,5109,3347,68,46.31,31,离线
2026年5月4日,5:39:29,1777844369,164166,12111019,5109,3347,68,46.31,31,离线
2026年5月4日,5:39:59,1777844399,164166,12111019,5109,3347,68,46.31,31,离线
2026年5月4日,5:40:29,1777844429,164166,12111019,5109,3347,68,46.31,31,离线
2026年5月4日,5:40:59,1777844459,164166,12111019,5109,3347,68,46.31,31,离线
2026年5月4日,5:41:29,1777844489,164166,12111019,5109,3347,68,46.31,31,离线
2026年5月4日,5:41:59,1777844519,164166,12111019,5109,3347,68,46.31,31,离线
2026年5月4日,5:42:29,1777844549,164166,12111019,5109,3347,68,46.31,31,离线
2026年5月4日,5:42:59,1777844579,164166,12111019,5109,3347,68,46.31,31,离线
2026年5月4日,5:43:29,1777844609,164166,12111019,5109,3347,68,46.31,31,离线
2026年5月4日,5:43:59,1777844639,164166,12111019,5109,3347,68,46.31,31,离线
2026年5月4日,5:44:29,1777844669,164166,12111019,5109,3347,68,46.31,31,离线
2026年5月4日,5:44:59,1777844699,164166,12111019,5109,3347,68,46.31,31,离线
2026年5月4日,5:45:29,1777844729,164166,12111019,5109,3347,68,46.31,31,离线
2026年5月4日,5:45:59,1777844759,164166,12111019,5109,3347,68,46.31,31,离线
2026年5月4日,5:46:29,1777844789,164166,12111019,5109,3347,68,46.31,31,离线
2026年5月4日,5:46:59,1777844819,164166,12111019,5109,3347,68,46.31,31,离线
2026年5月4日,5:47:29,1777844849,164166,12111019,5109,3347,68,46.31,31,离线
2026年5月4日,5:47:59,1777844879,164166,12111019,5109,3347,68,46.31,31,离线
2026年5月4日,5:48:29,1777844909,164166,12111019,5109,3347,68,46.31,31,离线
2026年5月4日,5:48:59,1777844939,164166,12111019,5109,3347,68,46.31,31,离线
2026年5月4日,5:49:29,1777844969,164166,12111019,5109,3347,68,46.31,31,离线
2026年5月4日,5:49:59,1777844999,164166,12111019,5109,3347,68,46.31,31,离线
2026年5月4日,5:50:29,1777845029,164166,12111019,5109,3347,68,46.31,31,离线
2026年5月4日,5:50:59,1777845059,164166,12111019,5109,3347,68,46.31,31,离线
2026年5月4日,5:51:29,1777845089,164166,12111019,5109,3347,68,46.31,31,离线
2026年5月4日,5:51:59,1777845119,164166,12111019,5109,3347,68,46.31,31,离线
2026年5月4日,5:52:29,1777845149,164166,12111019,5109,3347,68,46.31,31,离线
2026年5月4日,5:52:59,1777845179,164166,12111019,5109,3347,68,46.31,31,离线
2026年5月4日,5:53:29,1777845209,164166,12111019,5109,3347,68,46.31,31,离线
2026年5月4日,5:53:59,1777845239,164166,12111019,5109,3347,68,46.31,31,离线
2026年5月4日,5:54:29,1777845269,164166,12111019,5109,3347,68,46.31,31,离线
2026年5月4日,5:54:59,1777845299,164166,12111019,5109,3347,68,46.31,31,离线
2026年5月4日,5:55:29,1777845329,164166,12111019,5109,3347,68,46.31,31,离线
2026年5月4日,5:55:59,1777845359,164166,12111019,5109,3347,68,46.31,31,离线
2026年5月4日,5:56:29,1777845389,164166,12111019,5109,3347,68,46.31,31,离线
2026年5月4日,5:56:59,1777845419,164166,12111019,5109,3347,68,46.31,31,离线
2026年5月4日,5:57:29,1777845449,164166,12111019,5109,3347,68,46.31,31,离线
2026年5月4日,5:57:59,1777845479,164166,12111019,5109,3347,68,46.31,31,离线
2026年5月4日,5:58:29,1777845509,164166,12111019,5109,3347,68,46.31,31,离线
2026年5月4日,5:58:59,1777845539,164166,12111019,5109,3347,68,46.31,31,离线
2026年5月4日,5:59:29,1777845569,164166,12111019,5109,3347,68,46.31,31,离线
2026年5月4日,5:59:59,1777845599,164166,12111019,5109,3347,68,46.31,31,离线
2026年5月4日,6:00:29,1777845629,164166,12111019,5109,3347,68,46.31,31,离线
2026年5月4日,6:00:59,1777845659,164166,12111019,5109,3347,68,46.31,31,离线
2026年5月4日,6:01:29,1777845689,164166,12111019,5109,3347,68,46.31,31,离线
2026年5月4日,6:01:59,1777845719,164166,12111019,5109,3347,68,46.31,31,离线
2026年5月4日,6:02:29,1777845749,164166,12111019,5109,3347,68,46.31,31,离线
2026年5月4日,6:02:59,1777845779,164166,12111019,5109,3347,68,46.31,31,离线
2026年5月4日,6:03:29,1777845809,164166,12111019,5109,3347,68,46.31,31,离线
2026年5月4日,6:03:59,1777845839,164166,12111019,5109,3347,68,46.31,31,离线
2026年5月4日,6:04:29,1777845869,164166,12111019,5109,3347,68,46.31,31,离线
2026年5月4日,6:04:59,1777845899,164166,12111019,5109,3347,68,46.31,31,离线
2026年5月4日,6:05:29,1777845929,164166,12111019,5109,3347,68,46.31,31,离线
2026年5月4日,6:05:59,1777845959,164166,12111019,5109,3347,68,46.31,31,离线
2026年5月4日,6:06:29,1777845989,164166,12111019,5109,3347,68,46.31,31,离线
2026年5月4日,6:06:59,1777846019,164166,12111019,5109,3347,68,46.31,31,离线
2026年5月4日,6:07:29,1777846049,164166,12111019,5109,3347,68,46.31,31,离线
2026年5月4日,6:07:59,1777846079,164166,12111019,5109,3347,68,46.31,31,离线
2026年5月4日,6:08:29,1777846109,164166,12111019,5109,3347,68,46.31,31,离线
2026年5月4日,6:08:59,1777846139,164166,12111019,5109,3347,68,46.31,31,离线
2026年5月4日,6:09:29,1777846169,164166,12111019,5109,3347,68,46.31,31,离线
2026年5月4日,6:09:59,1777846199,164166,12111019,5109,3347,68,46.31,31,离线
2026年5月4日,6:10:29,1777846229,164166,12111019,5109,3347,68,46.31,31,离线
2026年5月4日,6:10:59,1777846259,164166,12111019,5109,3347,68,46.31,31,离线
2026年5月4日,6:11:29,1777846289,164166,12111019,5109,3347,68,46.31,31,离线
2026年5月4日,6:11:59,1777846319,164166,12111019,5109,3347,68,46.31,31,离线
2026年5月4日,6:12:29,1777846349,164166,12111019,5109,3347,68,46.31,31,离线
2026年5月4日,6:12:59,1777846379,164166,12111019,5109,3347,68,46.31,31,离线
2026年5月4日,6:13:29,1777846409,164166,12111019,5109,3347,68,46.31,31,离线
2026年5月4日,6:13:59,1777846439,164166,12111019,5109,3347,68,46.31,31,离线
2026年5月4日,6:14:29,1777846469,164166,12111019,5109,3347,68,46.31,31,离线
2026年5月4日,6:14:59,1777846499,164166,12111019,5109,3347,68,46.31,31,离线
2026年5月4日,6:15:29,1777846529,164166,12111019,5109,3347,68,46.31,31,离线
2026年5月4日,6:15:59,1777846559,164166,12111019,5109,3347,68,46.31,31,离线
2026年5月4日,6:16:29,1777846589,164166,12111019,5109,3347,68,46.31,31,离线
2026年5月4日,6:16:59,1777846619,164166,12111019,5109,3347,68,46.31,31,离线
2026年5月4日,6:17:29,1777846649,164166,12111019,5109,3347,68,46.31,31,离线
2026年5月4日,6:17:59,1777846679,164166,12111019,5109,3347,68,46.31,31,离线
2026年5月4日,6:18:29,1777846709,164166,12111019,5109,3347,68,46.31,31,离线
2026年5月4日,6:18:59,1777846739,164166,12111019,5109,3347,68,46.31,31,离线
2026年5月4日,6:19:29,1777846769,164166,12111019,5109,3347,68,46.31,31,离线
2026年5月4日,6:19:59,1777846799,164166,12111019,5109,3347,68,46.31,31,离线
2026年5月4日,6:20:29,1777846829,164166,12111019,5109,3347,68,46.31,31,离线
2026年5月4日,6:20:59,1777846859,164166,12111019,5109,3347,68,46.31,31,离线
2026年5月4日,6:21:29,1777846889,164166,12111019,5109,3347,68,46.31,31,离线
2026年5月4日,6:21:59,1777846919,164166,12111019,5109,3347,68,46.31,31,离线
2026年5月4日,6:22:29,1777846949,164166,12111019,5109,3347,68,46.31,31,离线
2026年5月4日,6:22:59,1777846979,164166,12111019,5109,3347,68,46.31,31,离线
2026年5月4日,6:23:29,1777847009,164166,12111019,5109,3347,68,46.31,31,离线
2026年5月4日,6:23:59,1777847039,164166,12111019,5109,3347,68,46.31,31,离线
2026年5月4日,6:24:29,1777847069,164166,12111019,5109,3347,68,46.31,31,离线
2026年5月4日,6:24:59,1777847099,164166,12111019,5109,3347,68,46.31,31,离线
2026年5月4日,6:25:29,1777847129,164166,12111019,5109,3347,68,46.31,31,离线
2026年5月4日,6:25:59,1777847159,164166,12111019,5109,3347,68,46.31,31,离线
2026年5月4日,6:26:29,1777847189,164166,12111019,5109,3347,68,46.31,31,离线
2026年5月4日,6:26:59,1777847219,164166,12111019,5109,3347,68,46.31,31,离线
2026年5月4日,6:27:29,1777847249,164166,12111019,5109,3347,68,46.31,31,离线
2026年5月4日,6:27:59,1777847279,164166,12111019,5109,3347,68,46.31,31,离线
2026年5月4日,6:28:29,1777847309,164166,12111019,5109,3347,68,46.31,31,离线
2026年5月4日,6:28:59,1777847339,164166,12111019,5109,3347,68,46.31,31,离线
2026年5月4日,6:29:29,1777847369,164166,12111019,5109,3347,68,46.31,31,离线
2026年5月4日,6:29:59,1777847399,164166,12111019,5109,3347,68,46.31,31,离线
2026年5月4日,6:30:29,1777847429,164166,12111019,5109,3347,68,46.31,31,离线
2026年5月4日,6:30:59,1777847459,164166,12111019,5109,3347,68,46.31,31,离线
2026年5月4日,6:31:29,1777847489,164166,12111019,5109,3347,68,46.31,31,离线
2026年5月4日,6:31:59,1777847519,164166,12111019,5109,3347,68,46.31,31,离线
2026年5月4日,6:32:29,1777847549,164166,12111019,5109,3347,68,46.31,31,离线
2026年5月4日,6:32:59,1777847579,164166,12111019,5109,3347,68,46.31,31,离线
2026年5月4日,6:33:29,1777847609,164166,12111019,5109,3347,68,46.31,31,离线
2026年5月4日,6:33:59,1777847639,164166,12111019,5109,3347,68,46.31,31,离线
2026年5月4日,6:34:29,1777847669,164166,12111019,5109,3347,68,46.31,31,离线
2026年5月4日,6:34:59,1777847699,164166,12111019,5109,3347,68,46.31,31,离线
2026年5月4日,6:35:29,1777847729,164166,12111019,5109,3347,68,46.31,31,离线
2026年5月4日,6:35:59,1777847759,164166,12111019,5109,3347,68,46.31,31,离线
2026年5月4日,6:36:29,1777847789,164166,12111019,5109,3347,68,46.31,31,离线
2026年5月4日,6:36:59,1777847819,164166,12111019,5109,3347,68,46.31,31,离线
2026年5月4日,6:37:29,1777847849,164166,12111019,5109,3347,68,46.31,31,离线
2026年5月4日,6:37:59,1777847879,164166,12111019,5109,3347,68,46.31,31,离线
2026年5月4日,6:38:29,1777847909,164166,12111019,5109,3347,68,46.31,31,离线
2026年5月4日,6:38:59,1777847939,164166,12111019,5109,3347,68,46.31,31,离线
2026年5月4日,6:39:29,1777847969,164166,12111019,5109,3347,68,46.31,31,离线
2026年5月4日,6:39:59,1777847999,164166,12111019,5109,3347,68,46.31,31,离线
2026年5月4日,6:40:29,1777848029,164166,12111019,5109,3347,68,46.31,31,离线
2026年5月4日,6:40:59,1777848059,164166,12111019,5109,3347,68,46.31,31,离线
2026年5月4日,6:41:29,1777848089,164166,12111019,5109,3347,68,46.31,31,离线
2026年5月4日,6:41:59,1777848119,164166,12111019,5109,3347,68,46.31,31,离线
2026年5月4日,6:42:29,1777848149,164166,12111019,5109,3347,68,46.31,31,离线
2026年5月4日,6:42:59,1777848179,164166,12111019,5109,3347,68,46.31,31,离线
2026年5月4日,6:43:29,1777848209,164166,12111019,5109,3347,68,46.31,31,离线
2026年5月4日,6:43:59,1777848239,164166,12111019,5109,3347,68,46.31,31,离线
2026年5月4日,6:44:29,1777848269,164166,12111019,5109,3347,68,46.31,31,离线
2026年5月4日,6:44:59,1777848299,164166,12111019,5109,3347,68,46.31,31,离线
2026年5月4日,6:45:29,1777848329,164166,12111019,5109,3347,68,46.31,31,离线
2026年5月4日,6:45:59,1777848359,164166,12111019,5109,3347,68,46.31,31,离线
2026年5月4日,6:46:29,1777848389,164166,12111019,5109,3347,68,46.31,31,离线
2026年5月4日,6:46:59,1777848419,164166,12111019,5109,3347,68,46.31,31,离线
2026年5月4日,6:47:29,1777848449,164166,12111019,5109,3347,68,46.31,31,离线
2026年5月4日,6:47:59,1777848479,164166,12111019,5109,3347,68,46.31,31,离线
2026年5月4日,6:48:29,1777848509,164166,12111019,5109,3347,68,46.31,31,离线
2026年5月4日,6:48:59,1777848539,164166,12111019,5109,3347,68,46.31,31,离线
2026年5月4日,6:49:29,1777848569,164166,12111019,5109,3347,68,46.31,31,离线
2026年5月4日,6:49:59,1777848599,164166,12111019,5109,3347,68,46.31,31,离线
2026年5月4日,6:50:29,1777848629,164166,12111019,5109,3347,68,46.31,31,离线
2026年5月4日,6:50:59,1777848659,164166,12111019,5109,3347,68,46.31,31,离线
2026年5月4日,6:51:29,1777848689,164166,12111019,5109,3347,68,46.31,31,离线
2026年5月4日,6:51:59,1777848719,164166,12111019,5109,3347,68,46.31,31,离线
2026年5月4日,6:52:29,1777848749,164166,12111019,5109,3347,68,46.31,31,离线
2026年5月4日,6:52:59,1777848779,164166,12111019,5109,3347,68,46.31,31,离线
2026年5月4日,6:53:29,1777848809,164166,12111019,5109,3347,68,46.31,31,离线
2026年5月4日,6:53:59,1777848839,164166,12111019,5109,3347,68,46.31,31,离线
2026年5月4日,6:54:29,1777848869,164166,12111019,5109,3347,68,46.31,31,离线
2026年5月4日,6:54:59,1777848899,164166,12111019,5109,3347,68,46.31,31,离线
2026年5月4日,6:55:29,1777848929,164166,12111019,5109,3347,68,46.31,31,离线
2026年5月4日,6:55:59,1777848959,164166,12111019,5109,3347,68,46.31,31,离线
2026年5月4日,6:56:29,1777848989,164166,12111019,5109,3347,68,46.31,31,离线
2026年5月4日,6:56:59,1777849019,164166,12111019,5109,3347,68,46.31,31,离线
2026年5月4日,6:57:29,1777849049,164166,12111019,5109,3347,68,46.31,31,离线
2026年5月4日,6:57:59,1777849079,164166,12111019,5109,3347,68,46.31,31,离线
2026年5月4日,6:58:29,1777849109,164166,12111019,5109,3347,68,46.31,31,离线
2026年5月4日,6:58:59,1777849139,164166,12111019,5109,3347,68,46.31,31,离线
2026年5月4日,6:59:29,1777849169,164166,12111019,5109,3347,68,46.31,31,离线
2026年5月4日,6:59:59,1777849199,164166,12111019,5109,3347,68,46.31,31,离线
2026年5月4日,7:00:29,1777849229,164166,12111019,5109,3347,68,46.31,31,离线
2026年5月4日,7:00:59,1777849259,164166,12111019,5109,3347,68,46.31,31,离线
2026年5月4日,7:01:29,1777849289,164166,12111019,5109,3347,68,46.31,31,离线
2026年5月4日,7:01:59,1777849319,164166,12111019,5109,3347,68,46.31,31,离线
2026年5月4日,7:02:29,1777849349,164166,12111019,5109,3347,68,46.31,31,离线
2026年5月4日,7:02:59,1777849379,164166,12111019,5109,3347,68,46.31,31,离线
2026年5月4日,7:03:29,1777849409,164166,12111019,5109,3347,68,46.31,31,离线
2026年5月4日,7:03:59,1777849439,164166,12111019,5109,3347,68,46.31,31,离线
2026年5月4日,7:04:29,1777849469,164166,12111019,5109,3347,68,46.31,31,离线
2026年5月4日,7:04:59,1777849499,164166,12111019,5109,3347,68,46.31,31,离线
2026年5月4日,7:05:29,1777849529,164166,12111019,5109,3347,68,46.31,31,离线
2026年5月4日,7:05:59,1777849559,164166,12111019,5109,3347,68,46.31,31,离线
2026年5月4日,7:06:29,1777849589,164166,12111019,5109,3347,68,46.31,31,离线
2026年5月4日,7:06:59,1777849619,164166,12111019,5109,3347,68,46.31,31,离线
2026年5月4日,7:07:29,1777849649,164166,12111019,5109,3347,68,46.31,31,离线
2026年5月4日,7:07:59,1777849679,164166,12111019,5109,3347,68,46.31,31,离线
2026年5月4日,7:08:29,1777849709,164166,12111019,5109,3347,68,46.31,31,离线
2026年5月4日,7:08:59,1777849739,164166,12111019,5109,3347,68,46.31,31,离线
2026年5月4日,7:09:29,1777849769,164166,12111019,5109,3347,68,46.31,31,离线
2026年5月4日,7:09:59,1777849799,164166,12111019,5109,3347,68,46.31,31,离线
2026年5月4日,7:10:29,1777849829,164166,12111019,5109,3347,68,46.31,31,离线
2026年5月4日,7:10:59,1777849859,164166,12111019,5109,3347,68,46.31,31,离线
2026年5月4日,7:11:29,1777849889,164166,12111019,5109,3347,68,46.31,31,离线
2026年5月4日,7:11:59,1777849919,164166,12111019,5109,3347,68,46.31,31,离线
2026年5月4日,7:12:29,1777849949,164166,12111019,5109,3347,68,46.31,31,离线
2026年5月4日,7:12:59,1777849979,164166,12111019,5109,3347,68,46.31,31,离线
2026年5月4日,7:13:29,1777850009,164166,12111019,5109,3347,68,46.31,31,离线
2026年5月4日,7:13:59,1777850039,164166,12111019,5109,3347,68,46.31,31,离线
2026年5月4日,7:14:29,1777850069,164166,12111019,5109,3347,68,46.31,31,离线
2026年5月4日,7:14:59,1777850099,164166,12111019,5109,3347,68,46.31,31,离线
2026年5月4日,7:15:29,1777850129,164166,12111019,5109,3347,68,46.31,31,离线
2026年5月4日,7:15:59,1777850159,164166,12111019,5109,3347,68,46.31,31,离线
2026年5月4日,7:16:29,1777850189,164166,12111019,5109,3347,68,46.31,31,离线
2026年5月4日,7:16:59,1777850219,164166,12111019,5109,3347,68,46.31,31,离线
2026年5月4日,7:17:29,1777850249,164166,12111019,5109,3347,68,46.31,31,离线
2026年5月4日,7:18:05,1777850285,164166,12111019,5109,3347,68,46.31,31,离线
2026年5月4日,7:18:40,1777850320,164166,12111019,5109,3347,68,46.31,31,离线
2026年5月4日,7:18:59,1777850339,164166,12111019,5109,3347,68,46.31,31,离线
2026年5月4日,7:19:29,1777850369,164166,12111019,5109,3347,68,46.31,31,离线
2026年5月4日,7:19:59,1777850399,164166,12111019,5109,3347,68,46.31,31,离线
2026年5月4日,7:20:30,1777850430,164166,12111019,5109,3347,68,46.31,31,离线
2026年5月4日,7:20:59,1777850459,164166,12111019,5109,3347,68,46.31,31,离线
2026年5月4日,7:21:30,1777850490,164166,12111019,5109,3347,68,46.31,31,离线
2026年5月4日,7:21:59,1777850519,164166,12111019,5109,3347,68,46.31,31,离线
2026年5月4日,7:22:29,1777850549,164166,12111019,5109,3347,68,46.31,31,离线
2026年5月4日,7:22:59,1777850579,164166,12111019,5109,3347,68,46.31,31,离线
2026年5月4日,7:23:29,1777850609,164166,12111019,5109,3347,68,46.31,31,离线
2026年5月4日,7:23:59,1777850639,164166,12111019,5109,3347,68,46.31,31,离线
2026年5月4日,7:24:29,1777850669,164166,12111019,5109,3347,68,46.31,31,离线
2026年5月4日,7:24:59,1777850699,164166,12111019,5109,3347,68,46.31,31,离线
2026年5月4日,7:25:29,1777850729,164166,12111019,5109,3347,68,46.31,31,离线
2026年5月4日,7:25:59,1777850759,164166,12111019,5109,3347,68,46.31,31,离线
2026年5月4日,7:26:29,1777850789,164166,12111019,5109,3347,68,46.31,31,离线
2026年5月4日,7:26:59,1777850819,164166,12111019,5109,3347,68,46.31,31,离线
2026年5月4日,7:27:29,1777850849,164166,12111019,5109,3347,68,46.31,31,离线
2026年5月4日,7:27:59,1777850879,164166,12111019,5109,3347,68,46.31,31,离线
2026年5月4日,7:28:29,1777850909,164166,12111019,5109,3347,68,46.31,31,离线
2026年5月4日,7:28:59,1777850939,164166,12111019,5109,3347,68,46.31,31,离线
2026年5月4日,7:29:29,1777850969,164166,12111019,5109,3347,68,46.31,31,离线
2026年5月4日,7:29:59,1777850999,164166,12111019,5109,3347,68,46.31,31,离线
2026年5月4日,7:30:29,1777851029,164166,12111019,5109,3347,68,46.31,31,离线
2026年5月4日,7:30:59,1777851059,164166,12111019,5109,3347,68,46.31,31,离线
2026年5月4日,7:31:29,1777851089,164166,12111019,5109,3347,68,46.31,31,离线
2026年5月4日,7:31:59,1777851119,164166,12111019,5109,3347,68,46.31,31,离线
2026年5月4日,7:32:29,1777851149,164166,12111019,5109,3347,68,46.31,31,离线
2026年5月4日,7:32:59,1777851179,164166,12111019,5109,3347,68,46.31,31,离线
2026年5月4日,7:33:29,1777851209,164166,12111019,5109,3347,68,46.31,31,离线
2026年5月4日,7:33:59,1777851239,164166,12111019,5109,3347,68,46.31,31,离线
2026年5月4日,7:34:29,1777851269,164166,12111019,5109,3347,68,46.31,31,离线
2026年5月4日,7:34:59,1777851299,164166,12111019,5109,3347,68,46.31,31,离线
2026年5月4日,7:35:29,1777851329,164166,12111019,5109,3347,68,46.31,31,离线
2026年5月4日,7:35:59,1777851359,164166,12111019,5109,3347,68,46.31,31,离线
2026年5月4日,7:36:29,1777851389,164166,12111019,5109,3347,68,46.31,31,离线
2026年5月4日,7:36:59,1777851419,164166,12111019,5109,3347,68,46.31,31,离线
2026年5月4日,7:37:29,1777851449,164166,12111019,5109,3347,68,46.31,31,离线
2026年5月4日,7:37:59,1777851479,164166,12111019,5109,3347,68,46.31,31,离线
2026年5月4日,7:38:29,1777851509,164166,12111019,5109,3347,68,46.31,31,离线
2026年5月4日,7:38:59,1777851539,164166,12111019,5109,3347,68,46.31,31,离线
2026年5月4日,7:39:29,1777851569,164166,12111019,5109,3347,68,46.31,31,离线
2026年5月4日,7:39:59,1777851599,164166,12111019,5109,3347,68,46.31,31,离线
2026年5月4日,7:40:29,1777851629,164166,12111019,5109,3347,68,46.31,31,离线
2026年5月4日,7:40:59,1777851659,164166,12111019,5109,3347,68,46.31,31,离线
2026年5月4日,7:41:29,1777851689,164166,12111019,5109,3347,68,46.31,31,离线
2026年5月4日,7:41:59,1777851719,164166,12111019,5109,3347,68,46.31,31,离线
2026年5月4日,7:42:29,1777851749,164166,12111019,5109,3347,68,46.31,31,离线
2026年5月4日,7:42:59,1777851779,164166,12111019,5109,3347,68,46.31,31,离线
2026年5月4日,7:43:29,1777851809,164166,12111019,5109,3347,68,46.31,31,离线
2026年5月4日,7:43:59,1777851839,164166,12111019,5109,3347,68,46.31,31,离线
2026年5月4日,7:44:29,1777851869,164166,12111019,5109,3347,68,46.31,31,离线
2026年5月4日,7:44:59,1777851899,164166,12111019,5109,3347,68,46.31,31,离线
2026年5月4日,7:45:29,1777851929,164166,12111019,5109,3347,68,46.31,31,离线
2026年5月4日,7:45:59,1777851959,164166,12111019,5109,3347,68,46.31,31,离线
2026年5月4日,7:46:29,1777851989,164166,12111019,5109,3347,68,46.31,31,离线
2026年5月4日,7:46:59,1777852019,164166,12111019,5109,3347,68,46.31,31,离线
2026年5月4日,7:47:29,1777852049,164166,12111019,5109,3347,68,46.31,31,离线
2026年5月4日,7:47:59,1777852079,164166,12111019,5109,3347,68,46.31,31,离线
2026年5月4日,7:48:29,1777852109,164166,12111019,5109,3347,68,46.31,31,离线
2026年5月4日,7:48:59,1777852139,164166,12111019,5109,3347,68,46.31,31,离线
2026年5月4日,7:49:29,1777852169,164166,12111019,5109,3347,68,46.31,31,离线
2026年5月4日,7:49:59,1777852199,164166,12111019,5109,3347,68,46.31,31,离线
2026年5月4日,7:50:29,1777852229,164166,12111019,5109,3347,68,46.31,31,离线
2026年5月4日,7:50:59,1777852259,164166,12111019,5109,3347,68,46.31,31,离线
2026年5月4日,7:51:29,1777852289,164166,12111019,5109,3347,68,46.31,31,离线
2026年5月4日,7:51:59,1777852319,164166,12111019,5109,3347,68,46.31,31,离线
2026年5月4日,7:52:29,1777852349,164166,12111019,5109,3347,68,46.31,31,离线
2026年5月4日,7:52:59,1777852379,164166,12111019,5109,3347,68,46.31,31,离线
2026年5月4日,7:53:29,1777852409,164166,12111019,5109,3347,68,46.31,31,离线
2026年5月4日,7:53:59,1777852439,164166,12111019,5109,3347,68,46.31,31,离线
2026年5月4日,7:54:29,1777852469,164166,12111019,5109,3347,68,46.31,31,离线
2026年5月4日,7:54:59,1777852499,164166,12111019,5109,3347,68,46.31,31,离线
2026年5月4日,7:55:29,1777852529,164166,12111019,5109,3347,68,46.31,31,离线
2026年5月4日,7:55:59,1777852559,164166,12111019,5109,3347,68,46.31,31,离线
2026年5月4日,7:56:29,1777852589,164166,12111019,5109,3347,68,46.31,31,离线
2026年5月4日,7:56:59,1777852619,164166,12111019,5109,3347,68,46.31,31,离线
2026年5月4日,7:57:29,1777852649,164166,12111019,5109,3347,68,46.31,31,离线
2026年5月4日,7:57:59,1777852679,164166,12111019,5109,3347,68,46.31,31,离线
2026年5月4日,7:58:29,1777852709,164166,12111019,5109,3347,68,46.31,31,离线
2026年5月4日,7:58:59,1777852739,164166,12111019,5109,3347,68,46.31,31,离线
2026年5月4日,7:59:29,1777852769,164166,12111019,5109,3347,68,46.31,31,离线
2026年5月4日,7:59:59,1777852799,164166,12111019,5109,3347,68,46.31,31,离线
2026年5月4日,8:00:29,1777852829,164166,12111019,5109,3347,68,46.31,31,离线
2026年5月4日,8:00:59,1777852859,164166,12111019,5109,3347,68,46.31,31,离线
2026年5月4日,8:01:29,1777852889,164166,12111019,5109,3347,68,46.31,31,离线
2026年5月4日,8:01:59,1777852919,164166,12111019,5109,3347,68,46.31,31,离线
2026年5月4日,8:02:29,1777852949,164166,12111019,5109,3347,68,46.31,31,离线
2026年5月4日,8:02:59,1777852979,164166,12111019,5109,3347,68,46.31,31,离线
2026年5月4日,8:03:29,1777853009,164166,12111019,5109,3347,68,46.31,31,离线
2026年5月4日,8:03:59,1777853039,164166,12111019,5109,3347,68,46.31,31,离线
2026年5月4日,8:04:29,1777853069,164166,12111019,5109,3347,68,46.31,31,离线
2026年5月4日,8:04:59,1777853099,164166,12111019,5109,3347,68,46.31,31,离线
2026年5月4日,8:05:29,1777853129,164166,12111019,5109,3347,68,46.31,31,离线
2026年5月4日,8:05:59,1777853159,164166,12111019,5109,3347,68,46.31,31,离线
2026年5月4日,8:06:29,1777853189,164166,12111019,5109,3347,68,46.31,31,离线
2026年5月4日,8:06:59,1777853219,164166,12111019,5109,3347,68,46.31,31,离线
2026年5月4日,8:07:29,1777853249,164166,12111019,5109,3347,68,46.31,31,离线
2026年5月4日,8:07:59,1777853279,164166,12111019,5109,3347,68,46.31,31,离线
2026年5月4日,8:08:29,1777853309,164166,12111019,5109,3347,68,46.31,31,离线
2026年5月4日,8:08:59,1777853339,164166,12111019,5109,3347,68,46.31,31,离线
2026年5月4日,8:09:29,1777853369,164166,12111019,5109,3347,68,46.31,31,离线
2026年5月4日,8:09:59,1777853399,164166,12111019,5109,3347,68,46.31,31,离线
2026年5月4日,8:10:29,1777853429,164166,12111019,5109,3347,68,46.31,31,离线
2026年5月4日,8:10:59,1777853459,164166,12111019,5109,3347,68,46.31,31,离线
2026年5月4日,8:11:29,1777853489,164166,12111019,5109,3347,68,46.31,31,离线
2026年5月4日,8:11:59,1777853519,164166,12111019,5109,3347,68,46.31,31,离线
2026年5月4日,8:12:29,1777853549,164166,12111019,5109,3347,68,46.31,31,离线
2026年5月4日,8:12:59,1777853579,164166,12111019,5109,3347,68,46.31,31,离线
2026年5月4日,8:13:29,1777853609,164166,12111019,5109,3347,68,46.31,31,离线
2026年5月4日,8:13:59,1777853639,164166,12111019,5109,3347,68,46.31,31,离线
2026年5月4日,8:14:29,1777853669,164166,12111019,5109,3347,68,46.31,31,离线
2026年5月4日,8:14:59,1777853699,164166,12111019,5109,3347,68,46.31,31,离线
2026年5月4日,8:15:29,1777853729,164166,12111019,5109,3347,68,46.31,31,离线
2026年5月4日,8:15:59,1777853759,164166,12111019,5109,3347,68,46.31,31,离线
2026年5月4日,8:16:29,1777853789,164166,12111019,5109,3347,68,46.31,31,离线
2026年5月4日,8:16:59,1777853819,164166,12111019,5109,3347,68,46.31,31,离线
2026年5月4日,8:17:29,1777853849,164166,12111019,5109,3347,68,46.31,31,离线
2026年5月4日,8:17:59,1777853879,164166,12111019,5109,3347,68,46.31,31,离线
2026年5月4日,8:18:29,1777853909,164166,12111019,5109,3347,68,46.31,31,离线
2026年5月4日,8:18:59,1777853939,164166,12111019,5109,3347,68,46.31,31,离线
2026年5月4日,8:19:29,1777853969,164166,12111019,5109,3347,68,46.31,31,离线
2026年5月4日,8:19:59,1777853999,164166,12111019,5109,3347,68,46.31,31,离线
2026年5月4日,8:20:29,1777854029,164166,12111019,5109,3347,68,46.31,31,离线
2026年5月4日,8:20:59,1777854059,164166,12111019,5109,3347,68,46.31,31,离线
2026年5月4日,8:21:29,1777854089,164166,12111019,5109,3347,68,46.31,31,离线
2026年5月4日,8:21:59,1777854119,164166,12111019,5109,3347,68,46.31,31,离线
2026年5月4日,8:22:29,1777854149,164166,12111019,5109,3347,68,46.31,31,离线
2026年5月4日,8:22:59,1777854179,164166,12111019,5109,3347,68,46.31,31,离线
2026年5月4日,8:23:29,1777854209,164166,12111019,5109,3347,68,46.31,31,离线
2026年5月4日,8:23:59,1777854239,164166,12111019,5109,3347,68,46.31,31,离线
2026年5月4日,8:24:29,1777854269,164166,12111019,5109,3347,68,46.31,31,离线
2026年5月4日,8:24:59,1777854299,164166,12111019,5109,3347,68,46.31,31,离线
2026年5月4日,8:25:29,1777854329,164166,12111019,5109,3347,68,46.31,31,离线
2026年5月4日,8:25:59,1777854359,164166,12111019,5109,3347,68,46.31,31,离线
2026年5月4日,8:26:29,1777854389,164166,12111019,5109,3347,68,46.31,31,离线
2026年5月4日,8:26:59,1777854419,164166,12111019,5109,3347,68,46.31,31,离线
2026年5月4日,8:27:29,1777854449,164166,12111019,5109,3347,68,46.31,31,离线
2026年5月4日,8:27:59,1777854479,164166,12111019,5109,3347,68,46.31,31,离线
2026年5月4日,8:28:29,1777854509,164166,12111019,5109,3347,68,46.31,31,离线
2026年5月4日,8:28:59,1777854539,164166,12111019,5109,3347,68,46.31,31,离线
2026年5月4日,8:29:29,1777854569,164166,12111019,5109,3347,68,46.31,31,离线
2026年5月4日,8:29:59,1777854599,164166,12111019,5109,3347,68,46.31,31,离线
2026年5月4日,8:30:29,1777854629,164166,12111019,5109,3347,68,46.31,31,离线
2026年5月4日,8:30:59,1777854659,164166,12111019,5109,3347,68,46.31,31,离线
2026年5月4日,8:31:29,1777854689,164166,12111019,5109,3347,68,46.31,31,离线
2026年5月4日,8:31:59,1777854719,164166,12111019,5109,3347,68,46.31,31,离线
2026年5月4日,8:32:29,1777854749,164166,12111019,5109,3347,68,46.31,31,离线
2026年5月4日,8:32:59,1777854779,164166,12111019,5109,3347,68,46.31,31,离线
2026年5月4日,8:33:29,1777854809,164166,12111019,5109,3347,68,46.31,31,离线
2026年5月4日,8:33:59,1777854839,164166,12111019,5109,3347,68,46.31,31,离线
2026年5月4日,8:34:29,1777854869,164166,12111019,5109,3347,68,46.31,31,离线
2026年5月4日,8:34:59,1777854899,164166,12111019,5109,3347,68,46.31,31,离线
2026年5月4日,8:35:29,1777854929,164166,12111019,5109,3347,68,46.31,31,离线
2026年5月4日,8:35:59,1777854959,164166,12111019,5109,3347,68,46.31,31,离线
2026年5月4日,8:36:29,1777854989,164166,12111019,5109,3347,68,46.31,31,离线
2026年5月4日,8:36:59,1777855019,164166,12111019,5109,3347,68,46.31,31,离线
2026年5月4日,8:37:29,1777855049,164166,12111019,5109,3347,68,46.31,31,离线
2026年5月4日,8:37:59,1777855079,164166,12111019,5109,3347,68,46.31,31,离线
2026年5月4日,8:38:29,1777855109,164166,12111019,5109,3347,68,46.31,31,离线
2026年5月4日,8:38:59,1777855139,164166,12111019,5109,3347,68,46.31,31,离线
2026年5月4日,8:39:29,1777855169,164166,12111019,5109,3347,68,46.31,31,离线
2026年5月4日,8:39:59,1777855199,164166,12111019,5109,3347,68,46.31,31,离线
2026年5月4日,8:40:29,1777855229,164166,12111019,5109,3347,68,46.31,31,离线
2026年5月4日,8:40:59,1777855259,164166,12111019,5109,3347,68,46.31,31,离线
2026年5月4日,8:41:29,1777855289,164166,12111019,5109,3347,68,46.31,31,离线
2026年5月4日,8:41:59,1777855319,164166,12111019,5109,3347,68,46.31,31,离线
2026年5月4日,8:42:29,1777855349,164166,12111019,5109,3347,68,46.31,31,离线
2026年5月4日,8:42:59,1777855379,164166,12111019,5109,3347,68,46.31,31,离线
2026年5月4日,8:43:29,1777855409,164166,12111019,5109,3347,68,46.31,31,离线
2026年5月4日,8:43:59,1777855439,164166,12111019,5109,3347,68,46.31,31,离线
2026年5月4日,8:44:29,1777855469,164166,12111019,5109,3347,68,46.31,31,离线
2026年5月4日,8:44:59,1777855499,164166,12111019,5109,3347,68,46.31,31,离线
2026年5月4日,8:45:29,1777855529,164166,12111019,5109,3347,68,46.31,31,离线
2026年5月4日,8:45:59,1777855559,164166,12111019,5109,3347,68,46.31,31,离线
2026年5月4日,8:46:29,1777855589,164166,12111019,5109,3347,68,46.31,31,离线
2026年5月4日,8:46:59,1777855619,164166,12111019,5109,3347,68,46.31,31,离线
2026年5月4日,8:47:29,1777855649,164166,12111019,5109,3347,68,46.31,31,离线
2026年5月4日,8:47:59,1777855679,164166,12111019,5109,3347,68,46.31,31,离线
2026年5月4日,8:48:29,1777855709,164166,12111019,5109,3347,68,46.31,31,离线
2026年5月4日,8:48:59,1777855739,164166,12111019,5109,3347,68,46.31,31,离线
2026年5月4日,8:49:29,1777855769,164166,12111019,5109,3347,68,46.31,31,离线
2026年5月4日,8:49:59,1777855799,164166,12111019,5109,3347,68,46.31,31,离线
2026年5月4日,8:50:29,1777855829,164166,12111019,5109,3347,68,46.31,31,离线
2026年5月4日,8:50:59,1777855859,164166,12111019,5109,3347,68,46.31,31,离线
2026年5月4日,8:51:29,1777855889,164166,12111019,5109,3347,68,46.31,31,离线
2026年5月4日,8:51:59,1777855919,164166,12111019,5109,3347,68,46.31,31,离线
2026年5月4日,8:52:29,1777855949,164166,12111019,5109,3347,68,46.31,31,离线
2026年5月4日,8:52:59,1777855979,164166,12111019,5109,3347,68,46.31,31,离线
2026年5月4日,8:53:29,1777856009,164166,12111019,5109,3347,68,46.31,31,离线
2026年5月4日,8:53:59,1777856039,164166,12111019,5109,3347,68,46.31,31,离线
2026年5月4日,8:54:29,1777856069,164166,12111019,5109,3347,68,46.31,31,离线
2026年5月4日,8:54:59,1777856099,164166,12111019,5109,3347,68,46.31,31,离线
2026年5月4日,8:55:29,1777856129,164166,12111019,5109,3347,68,46.31,31,离线
2026年5月4日,8:55:59,1777856159,164166,12111019,5109,3347,68,46.31,31,离线
2026年5月4日,8:56:29,1777856189,164166,12111019,5109,3347,68,46.31,31,离线
2026年5月4日,8:56:59,1777856219,164166,12111019,5109,3347,68,46.31,31,离线
2026年5月4日,8:57:29,1777856249,164166,12111019,5109,3347,68,46.31,31,离线
2026年5月4日,8:57:59,1777856279,164166,12111019,5109,3347,68,46.31,31,离线
2026年5月4日,8:58:29,1777856309,164166,12111019,5109,3347,68,46.31,31,离线
2026年5月4日,8:58:59,1777856339,164166,12111019,5109,3347,68,46.31,31,离线
2026年5月4日,8:59:29,1777856369,164166,12111019,5109,3347,68,46.31,31,离线
2026年5月4日,8:59:59,1777856399,164166,12111019,5109,3347,68,46.31,31,离线
2026年5月4日,9:00:29,1777856429,164166,12111019,5109,3347,68,46.31,31,离线
2026年5月4日,9:00:59,1777856459,164166,12111019,5109,3347,68,46.31,31,离线
2026年5月4日,9:01:29,1777856489,164166,12111019,5109,3347,68,46.31,31,离线
2026年5月4日,9:01:59,1777856519,164166,12111019,5109,3347,68,46.31,31,离线
2026年5月4日,9:02:29,1777856549,164166,12111019,5109,3347,68,46.31,31,离线
2026年5月4日,9:02:59,1777856579,164166,12111019,5109,3347,68,46.31,31,离线
2026年5月4日,9:03:29,1777856609,164166,12111019,5109,3347,68,46.31,31,离线
2026年5月4日,9:03:59,1777856639,164166,12111019,5109,3347,68,46.31,31,离线
2026年5月4日,9:04:29,1777856669,164166,12111019,5109,3347,68,46.31,31,离线
2026年5月4日,9:04:59,1777856699,164166,12111019,5109,3347,68,46.31,31,离线
2026年5月4日,9:05:29,1777856729,164166,12111019,5109,3347,68,46.31,31,离线
2026年5月4日,9:05:59,1777856759,164166,12111019,5109,3347,68,46.31,31,离线
2026年5月4日,9:06:29,1777856789,164166,12111019,5109,3347,68,46.31,31,离线
2026年5月4日,9:06:59,1777856819,164166,12111019,5109,3347,68,46.31,31,离线
2026年5月4日,9:07:29,1777856849,164166,12111019,5109,3347,68,46.31,31,离线
2026年5月4日,9:07:59,1777856879,164166,12111019,5109,3347,68,46.31,31,离线
2026年5月4日,9:08:29,1777856909,164166,12111019,5109,3347,68,46.31,31,离线
2026年5月4日,9:08:59,1777856939,164166,12111019,5109,3347,68,46.31,31,离线
2026年5月4日,9:09:29,1777856969,164166,12111019,5109,3347,68,46.31,31,离线
2026年5月4日,9:09:59,1777856999,164166,12111019,5109,3347,68,46.31,31,离线
2026年5月4日,9:10:29,1777857029,164166,12111019,5109,3347,68,46.31,31,离线
2026年5月4日,9:10:59,1777857059,164166,12111019,5109,3347,68,46.31,31,离线
2026年5月4日,9:11:29,1777857089,164166,12111019,5109,3347,68,46.31,31,离线
2026年5月4日,9:11:59,1777857119,164166,12111019,5109,3347,68,46.31,31,离线
2026年5月4日,9:12:29,1777857149,164166,12111019,5109,3347,68,46.31,31,离线
2026年5月4日,9:12:59,1777857179,164166,12111019,5109,3347,68,46.31,31,离线
2026年5月4日,9:13:29,1777857209,164166,12111019,5109,3347,68,46.31,31,离线
2026年5月4日,9:13:59,1777857239,164166,12111019,5109,3347,68,46.31,31,离线
2026年5月4日,9:14:29,1777857269,164166,12111019,5109,3347,68,46.31,31,离线
2026年5月4日,9:14:59,1777857299,164166,12111019,5109,3347,68,46.31,31,离线
2026年5月4日,9:15:29,1777857329,164166,12111019,5109,3347,68,46.31,31,离线
2026年5月4日,9:15:59,1777857359,164166,12111019,5109,3347,68,46.31,31,离线
2026年5月4日,9:16:29,1777857389,164166,12111019,5109,3347,68,46.31,31,离线
2026年5月4日,9:16:59,1777857419,164166,12111019,5109,3347,68,46.31,31,离线
2026年5月4日,9:17:29,1777857449,164166,12111019,5109,3347,68,46.31,31,离线
2026年5月4日,9:18:00,1777857480,164166,12111019,5109,3347,68,46.31,31,离线
2026年5月4日,9:18:30,1777857510,164166,12111019,5109,3347,68,46.31,31,离线
2026年5月4日,9:18:59,1777857539,164166,12111019,5109,3347,68,46.31,31,离线
2026年5月4日,9:19:34,1777857574,164166,12111019,5109,3347,68,46.31,31,离线
2026年5月4日,9:19:59,1777857599,164166,12111019,5109,3347,68,46.31,31,离线
2026年5月4日,9:20:36,1777857636,164166,12111019,5109,3347,68,46.31,31,离线
2026年5月4日,9:20:59,1777857659,164166,12111019,5109,3347,68,46.31,31,离线
2026年5月4日,9:21:29,1777857689,164166,12111019,5109,3347,68,46.31,31,离线
2026年5月4日,9:21:59,1777857719,164166,12111019,5109,3347,68,46.31,31,离线
2026年5月4日,9:22:29,1777857749,164166,12111019,5109,3347,68,46.31,31,离线
2026年5月4日,9:22:59,1777857779,164166,12111019,5109,3347,68,46.31,31,离线
2026年5月4日,9:23:29,1777857809,164166,12111019,5109,3347,68,46.31,31,离线
2026年5月4日,9:23:59,1777857839,164166,12111019,5109,3347,68,46.31,31,离线
2026年5月4日,9:24:29,1777857869,164166,12111019,5109,3347,68,46.31,31,离线
2026年5月4日,9:24:59,1777857899,164166,12111019,5109,3347,68,46.31,31,离线
2026年5月4日,9:25:29,1777857929,164166,12111019,5109,3347,68,46.31,31,离线
2026年5月4日,9:25:59,1777857959,164166,12111019,5109,3347,68,46.31,31,离线
2026年5月4日,9:26:29,1777857989,164166,12111019,5109,3347,68,46.31,31,离线
2026年5月4日,9:26:59,1777858019,164166,12111019,5109,3347,68,46.31,31,离线
2026年5月4日,9:27:29,1777858049,164166,12111019,5109,3347,68,46.31,31,离线
2026年5月4日,9:27:59,1777858079,164166,12111019,5109,3347,68,46.31,31,离线
2026年5月4日,9:28:29,1777858109,164166,12111019,5109,3347,68,46.31,31,离线
2026年5月4日,9:28:59,1777858139,164166,12111019,5109,3347,68,46.31,31,离线
2026年5月4日,9:29:29,1777858169,164166,12111019,5109,3347,68,46.31,31,离线
2026年5月4日,9:29:59,1777858199,164166,12111019,5109,3347,68,46.31,31,离线
2026年5月4日,9:30:29,1777858229,164166,12111019,5109,3347,68,46.31,31,离线
2026年5月4日,9:30:59,1777858259,164166,12111019,5109,3347,68,46.31,31,离线
2026年5月4日,9:31:29,1777858289,164166,12111019,5109,3347,68,46.31,31,离线
2026年5月4日,9:31:59,1777858319,164166,12111019,5109,3347,68,46.31,31,离线
2026年5月4日,9:32:29,1777858349,164166,12111019,5109,3347,68,46.31,31,离线
2026年5月4日,9:32:59,1777858379,164166,12111019,5109,3347,68,46.31,31,离线
2026年5月4日,9:33:29,1777858409,164166,12111019,5109,3347,68,46.31,31,离线
2026年5月4日,9:33:59,1777858439,164166,12111019,5109,3347,68,46.31,31,离线
2026年5月4日,9:34:29,1777858469,164166,12111019,5109,3347,68,46.31,31,离线
2026年5月4日,9:34:59,1777858499,164166,12111019,5109,3347,68,46.31,31,离线
2026年5月4日,9:35:29,1777858529,164166,12111019,5109,3347,68,46.31,31,离线
2026年5月4日,9:35:59,1777858559,164166,12111019,5109,3347,68,46.31,31,离线
2026年5月4日,9:36:29,1777858589,164166,12111019,5109,3347,68,46.31,31,离线
2026年5月4日,9:36:59,1777858619,164166,12111019,5109,3347,68,46.31,31,离线
2026年5月4日,9:37:29,1777858649,164166,12111019,5109,3347,68,46.31,31,离线
2026年5月4日,9:37:59,1777858679,164166,12111019,5109,3347,68,46.31,31,离线
2026年5月4日,9:38:29,1777858709,164166,12111019,5109,3347,68,46.31,31,离线
2026年5月4日,9:38:59,1777858739,164166,12111019,5109,3347,68,46.31,31,离线
2026年5月4日,9:39:29,1777858769,164166,12111019,5109,3347,68,46.31,31,离线
2026年5月4日,9:39:59,1777858799,164166,12111019,5109,3347,68,46.31,31,离线
2026年5月4日,9:40:29,1777858829,164166,12111019,5109,3347,68,46.31,31,离线
2026年5月4日,9:40:59,1777858859,164166,12111019,5109,3347,68,46.31,31,离线
2026年5月4日,9:41:29,1777858889,164166,12111019,5109,3347,68,46.31,31,离线
2026年5月4日,9:41:59,1777858919,164166,12111019,5109,3347,68,46.31,31,离线
2026年5月4日,9:42:29,1777858949,164166,12111019,5109,3347,68,46.31,31,离线
2026年5月4日,9:42:59,1777858979,164166,12111019,5109,3347,68,46.31,31,离线
2026年5月4日,9:43:29,1777859009,164166,12111019,5109,3347,68,46.31,31,离线
2026年5月4日,9:43:59,1777859039,164166,12111019,5109,3347,68,46.31,31,离线
2026年5月4日,9:44:29,1777859069,164166,12111019,5109,3347,68,46.31,31,离线
2026年5月4日,9:44:59,1777859099,164166,12111019,5109,3347,68,46.31,31,离线
2026年5月4日,9:45:29,1777859129,164166,12111019,5109,3347,68,46.31,31,离线
2026年5月4日,9:45:59,1777859159,164166,12111019,5109,3347,68,46.31,31,离线
2026年5月4日,9:46:29,1777859189,164166,12111019,5109,3347,68,46.31,31,离线
2026年5月4日,9:47:00,1777859220,164166,12111019,5109,3347,68,46.31,31,离线
2026年5月4日,9:47:29,1777859249,164166,12111019,5109,3347,68,46.31,31,离线
2026年5月4日,9:47:59,1777859279,164166,12111019,5109,3347,68,46.31,31,离线
2026年5月4日,9:48:29,1777859309,164166,12111019,5109,3347,68,46.31,31,离线
2026年5月4日,9:48:59,1777859339,164166,12111019,5109,3347,68,46.31,31,离线
2026年5月4日,9:49:29,1777859369,164166,12111019,5109,3347,68,46.31,31,离线
2026年5月4日,9:49:59,1777859399,164166,12111019,5109,3347,68,46.31,31,离线
2026年5月4日,9:50:29,1777859429,164166,12111019,5109,3347,68,46.31,31,离线
2026年5月4日,9:50:59,1777859459,164166,12111019,5109,3347,68,46.31,31,离线
2026年5月4日,9:51:29,1777859489,164166,12111019,5109,3347,68,46.31,31,离线
2026年5月4日,9:51:59,1777859519,164166,12111019,5109,3347,68,46.31,31,离线
2026年5月4日,9:52:29,1777859549,164166,12111019,5109,3347,68,46.31,31,离线
2026年5月4日,9:52:59,1777859579,164166,12111019,5109,3347,68,46.31,31,离线
2026年5月4日,9:53:29,1777859609,164166,12111019,5109,3347,68,46.31,31,离线
2026年5月4日,9:53:59,1777859639,164166,12111019,5109,3347,68,46.31,31,离线
2026年5月4日,9:54:29,1777859669,164166,12111019,5109,3347,68,46.31,31,离线
2026年5月4日,9:54:59,1777859699,164166,12111019,5109,3347,68,46.31,31,离线
2026年5月4日,9:55:29,1777859729,164166,12111019,5109,3347,68,46.31,31,离线
2026年5月4日,9:55:59,1777859759,164166,12111019,5109,3347,68,46.31,31,离线
2026年5月4日,9:56:29,1777859789,164166,12111019,5109,3347,68,46.31,31,离线
2026年5月4日,9:56:59,1777859819,164166,12111019,5109,3347,68,46.31,31,离线
2026年5月4日,9:57:29,1777859849,164166,12111019,5109,3347,68,46.31,31,离线
2026年5月4日,9:57:59,1777859879,164166,12111019,5109,3347,68,46.31,31,离线
2026年5月4日,9:58:29,1777859909,164166,12111019,5109,3347,68,46.31,31,离线
2026年5月4日,9:58:59,1777859939,164166,12111019,5109,3347,68,46.31,31,离线
2026年5月4日,9:59:29,1777859969,164166,12111019,5109,3347,68,46.31,31,离线
2026年5月4日,9:59:59,1777859999,164166,12111019,5109,3347,68,46.31,31,离线
2026年5月4日,10:00:29,1777860029,164166,12111019,5109,3347,68,46.31,31,离线
2026年5月4日,10:00:59,1777860059,164166,12111019,5109,3347,68,46.31,31,离线
2026年5月4日,10:01:29,1777860089,164166,12111019,5109,3347,68,46.31,31,离线
2026年5月4日,10:01:59,1777860119,164166,12111019,5109,3347,68,46.31,31,离线
2026年5月4日,10:02:29,1777860149,164166,12111019,5109,3347,68,46.31,31,离线
2026年5月4日,10:02:59,1777860179,164166,12111019,5109,3347,68,46.31,31,离线
2026年5月4日,10:03:29,1777860209,164166,12111019,5109,3347,68,46.31,31,离线
2026年5月4日,10:03:59,1777860239,164166,12111019,5109,3347,68,46.31,31,离线
2026年5月4日,10:04:29,1777860269,164166,12111019,5109,3347,68,46.31,31,离线
2026年5月4日,10:04:59,1777860299,164166,12111019,5109,3347,68,46.31,31,离线
2026年5月4日,10:05:29,1777860329,164166,12111019,5109,3347,68,46.31,31,离线
2026年5月4日,10:05:59,1777860359,164166,12111019,5109,3347,68,46.31,31,离线
2026年5月4日,10:06:29,1777860389,164166,12111019,5109,3347,68,46.31,31,离线
2026年5月4日,10:06:59,1777860419,164166,12111019,5109,3347,68,46.31,31,离线
2026年5月4日,10:07:29,1777860449,164166,12111019,5109,3347,68,46.31,31,离线
2026年5月4日,10:07:59,1777860479,164166,12111019,5109,3347,68,46.31,31,离线
2026年5月4日,10:08:29,1777860509,164166,12111019,5109,3347,68,46.31,31,离线
2026年5月4日,10:08:59,1777860539,164166,12111019,5118,2935,65,36.83,20,在线
2026年5月4日,10:09:29,1777860569,164166,12111019,5118,2935,65,36.83,20,在线
2026年5月4日,10:09:59,1777860599,164166,12111019,5118,2935,65,36.83,20,在线
2026年5月4日,10:10:29,1777860629,164166,12111019,5118,2935,65,36.83,20,在线
2026年5月4日,10:10:59,1777860659,164166,12111019,5118,2935,65,36.83,20,在线
2026年5月4日,10:11:29,1777860689,164166,12111019,5118,2935,65,36.83,20,在线
2026年5月4日,10:11:59,1777860719,164166,12111019,5118,2935,65,36.83,20,在线
2026年5月4日,10:12:29,1777860749,164166,12111019,5118,2935,65,36.83,20,在线
2026年5月4日,10:12:59,1777860779,164166,12111019,5230,2935,63,0,20,在线
2026年5月4日,10:13:29,1777860809,164166,12111019,5162,2849,63,24.15,20,在线
2026年5月4日,10:13:59,1777860839,164166,12111019,5162,2849,63,24.15,20,在线
2026年5月4日,10:14:29,1777860869,164166,12111019,5162,2849,63,24.15,20,在线
2026年5月4日,10:14:59,1777860899,164166,12111019,5162,2849,63,24.15,20,在线
2026年5月4日,10:15:29,1777860929,164166,12111019,5162,2849,63,24.15,20,在线
2026年5月4日,10:15:59,1777860959,164166,12111019,5162,2849,63,24.15,20,在线
2026年5月4日,10:16:29,1777860989,164166,12111019,5162,2849,63,24.15,20,在线
2026年5月4日,10:16:59,1777861019,164166,12111019,5162,2849,63,24.15,20,在线
2026年5月4日,10:17:29,1777861049,164166,12111019,5162,2849,63,24.15,20,在线
2026年5月4日,10:17:59,1777861079,164166,12111019,5162,2849,63,24.15,20,在线
2026年5月4日,10:18:29,1777861109,164166,12111019,5216,2849,59,0,21,在线
2026年5月4日,10:18:59,1777861139,164166,12103673,5329,4521,100,0,21,在线
2026年5月4日,10:19:29,1777861169,164166,12103673,5175,4521,100,46.32,21,在线
2026年5月4日,10:19:59,1777861199,164166,12103673,5175,4521,100,46.32,21,在线
2026年5月4日,10:20:29,1777861229,164166,12103673,5175,4521,100,46.32,21,在线
2026年5月4日,10:20:59,1777861259,164166,12103673,5175,4521,100,46.32,21,在线
2026年5月4日,10:21:29,1777861289,164166,12103673,5294,4455,99,-0.5,21,在线
2026年5月4日,10:21:59,1777861319,164166,12103673,5164,4455,99,46.91,21,在线
2026年5月4日,10:22:29,1777861349,164166,12103673,5164,4455,99,46.91,21,在线
2026年5月4日,10:22:59,1777861379,164166,12103673,5164,4455,99,46.91,21,在线
2026年5月4日,10:23:29,1777861409,164166,12103673,5164,4455,99,46.91,21,在线
2026年5月4日,10:23:59,1777861439,164166,12103673,5303,4425,98,0,22,在线
2026年5月4日,10:29:59,1777861799,164166,12103673,5313,4425,98,0,22,在线
2026年5月4日,10:39:59,1777862399,164166,12103673,5179,4417,98,47.1,22,在线
2026年5月4日,10:40:29,1777862429,164166,12103673,5179,4417,98,47.1,22,在线
2026年5月4日,10:40:59,1777862459,164166,12103673,5179,4417,98,47.1,22,在线
2026年5月4日,10:41:29,1777862489,164166,12103673,5179,4417,98,47.1,22,在线
2026年5月4日,10:41:59,1777862519,164166,12103673,5179,4417,98,47.1,22,在线
2026年5月4日,10:42:29,1777862549,164166,12103673,5179,4417,98,47.1,22,在线
2026年5月4日,10:42:59,1777862579,164166,12103673,5179,4417,98,47.1,22,在线
2026年5月4日,10:43:29,1777862609,164166,12103673,5179,4417,98,47.1,22,在线
2026年5月4日,10:43:59,1777862639,164166,12103673,5179,4417,98,47.1,22,在线
2026年5月4日,10:44:29,1777862669,164166,12103673,5179,4417,98,47.1,22,在线
2026年5月4日,10:44:59,1777862699,164166,12103673,5193,4417,95,27.84,22,在线
2026年5月4日,10:45:29,1777862729,164166,12103673,5193,4417,95,27.84,22,在线
2026年5月4日,10:45:59,1777862759,164166,12103673,5193,4417,95,27.84,22,在线
2026年5月4日,10:46:29,1777862789,164166,12103673,5193,4417,95,27.84,22,在线
2026年5月4日,10:46:59,1777862819,164166,12103673,5193,4417,95,27.84,22,在线
2026年5月4日,10:47:29,1777862849,164166,12103673,5193,4417,95,27.84,22,在线
2026年5月4日,10:47:59,1777862879,164166,12103673,5193,4417,95,27.84,22,在线
2026年5月4日,10:48:29,1777862909,164166,12103673,5193,4417,95,27.84,22,在线
2026年5月4日,10:48:59,1777862939,164166,12103673,5193,4417,95,27.84,22,在线
2026年5月4日,10:49:29,1777862969,164166,12103673,5193,4417,95,27.84,22,在线
2026年5月4日,10:49:59,1777862999,164166,12103673,5130,4069,90,47.35,23,在线
2026年5月4日,10:50:29,1777863029,164166,12103673,5130,4069,90,47.35,23,在线
2026年5月4日,10:50:59,1777863059,164166,12103673,5130,4069,90,47.35,23,在线
2026年5月4日,10:51:29,1777863089,164166,12103673,5130,4069,90,47.35,23,在线
2026年5月4日,10:51:59,1777863119,164166,12103673,5130,4069,90,47.35,23,在线
2026年5月4日,10:52:29,1777863149,164166,12103673,5130,4069,90,47.35,23,在线
2026年5月4日,10:52:59,1777863179,164166,12103673,5130,4069,90,47.35,23,在线
2026年5月4日,10:53:29,1777863209,164166,12103673,5130,4069,90,47.35,23,在线
2026年5月4日,10:53:59,1777863239,164166,12103673,5130,4069,90,47.35,23,在线
2026年5月4日,10:54:29,1777863269,164166,12103673,5130,4069,90,47.35,23,在线
2026年5月4日,10:54:59,1777863299,164166,12103673,5108,4069,86,47.57,24,在线
2026年5月4日,10:55:29,1777863329,164166,12103673,5108,4069,86,47.57,24,在线
2026年5月4日,10:56:03,1777863363,164166,12103673,5108,4069,86,47.57,24,在线
2026年5月4日,10:56:29,1777863389,164166,12103673,5108,4069,86,47.57,24,在线
2026年5月4日,10:57:01,1777863421,164166,12103673,5108,4069,86,47.57,24,在线
2026年5月4日,10:57:29,1777863449,164166,12103673,5108,4069,86,47.57,24,在线
2026年5月4日,10:57:59,1777863479,164166,12103673,5108,4069,86,47.57,24,在线
2026年5月4日,10:58:29,1777863509,164166,12103673,5108,4069,86,47.57,24,在线
2026年5月4日,10:58:59,1777863539,164166,12103673,5108,4069,86,47.57,24,在线
2026年5月4日,10:59:29,1777863569,164166,12103673,5108,4069,86,47.57,24,在线
2026年5月4日,10:59:59,1777863599,164166,12103673,5163,3657,81,35.01,25,在线
2026年5月4日,11:00:29,1777863629,164166,12103673,5163,3657,81,35.01,25,在线
2026年5月4日,11:00:59,1777863659,164166,12103673,5163,3657,81,35.01,25,在线
2026年5月4日,11:01:29,1777863689,164166,12103673,5163,3657,81,35.01,25,在线
2026年5月4日,11:01:59,1777863719,164166,12103673,5163,3657,81,35.01,25,在线
2026年5月4日,11:02:29,1777863749,164166,12103673,5163,3657,81,35.01,25,在线
2026年5月4日,11:02:59,1777863779,164166,12103673,5163,3657,81,35.01,25,在线
2026年5月4日,11:03:29,1777863809,164166,12103673,5269,3657,79,0,25,在线
2026年5月4日,11:08:29,1777864109,164166,12103673,5156,3555,79,47.83,26,在线
2026年5月4日,11:08:59,1777864139,164166,12103673,5156,3555,79,47.83,26,在线
2026年5月4日,11:09:29,1777864169,164166,12103673,5156,3555,79,47.83,26,在线
2026年5月4日,11:09:59,1777864199,164166,12103673,5156,3555,79,47.83,26,在线
2026年5月4日,11:10:29,1777864229,164166,12103673,5156,3555,79,47.83,26,在线
2026年5月4日,11:10:59,1777864259,164166,12103673,5130,3555,78,47.83,26,在线
2026年5月4日,11:11:29,1777864289,164166,12103673,5130,3555,78,47.83,26,在线
2026年5月4日,11:12:00,1777864320,164166,12103673,5130,3555,78,47.83,26,在线
2026年5月4日,11:12:32,1777864352,164166,12103673,5130,3555,78,47.83,26,在线
2026年5月4日,11:12:59,1777864379,164166,12103673,5130,3555,78,47.83,26,在线
2026年5月4日,11:13:30,1777864410,164166,12103673,5228,3555,75,0,26,在线
2026年5月4日,11:13:59,1777864439,164166,12103673,5228,3555,75,0,26,在线
2026年5月4日,11:14:29,1777864469,164166,12103673,5228,3555,75,0,26,在线
2026年5月4日,11:14:59,1777864499,164166,12103673,5228,3555,75,0,26,在线
2026年5月4日,11:15:29,1777864529,164166,12103673,5228,3555,75,0,26,在线
2026年5月4日,11:15:59,1777864559,164166,12103673,5228,3555,75,0,26,在线
2026年5月4日,11:16:29,1777864589,164166,12103673,5228,3555,75,0,26,在线
2026年5月4日,11:16:59,1777864619,164166,12103673,5256,3345,74,0,26,在线
2026年5月4日,11:17:29,1777864649,164166,12103673,5256,3345,74,0,26,在线
2026年5月4日,11:19:29,1777864769,164166,12103673,5133,3345,74,47.18,26,在线
2026年5月4日,11:19:59,1777864799,164166,12103673,5133,3345,74,47.18,26,在线
2026年5月4日,11:20:29,1777864829,164166,12103673,5133,3345,74,47.18,26,在线
2026年5月4日,11:21:29,1777864889,164166,12103673,5133,3345,74,47.18,26,在线
2026年5月4日,11:21:59,1777864919,164166,12103673,5133,3345,74,47.18,26,在线
2026年5月4日,11:22:29,1777864949,164166,12103673,5133,3345,74,47.18,26,在线
2026年5月4日,11:22:59,1777864979,164166,12103673,5133,3345,74,47.18,26,在线
2026年5月4日,11:23:29,1777865009,164166,12103673,5133,3345,74,47.18,26,在线
2026年5月4日,11:23:59,1777865039,164166,12103673,5133,3345,74,47.18,26,在线
2026年5月4日,11:24:29,1777865069,164166,12103673,5249,3194,71,0,27,在线
2026年5月4日,11:24:59,1777865099,164166,12103673,5139,3191,71,47.79,27,在线
2026年5月4日,11:25:29,1777865129,164166,12103673,5139,3191,71,47.79,27,在线
2026年5月4日,11:25:59,1777865159,164166,12103673,5139,3191,71,47.79,27,在线
2026年5月4日,11:26:29,1777865189,164166,12103673,5139,3191,71,47.79,27,在线
2026年5月4日,11:26:59,1777865219,164166,12103673,5139,3191,71,47.79,27,在线
2026年5月4日,11:27:29,1777865249,164166,12103673,5250,3191,70,0,27,在线
2026年5月4日,11:28:29,1777865309,164166,12103673,5135,3133,69,45.96,27,在线
2026年5月4日,11:28:59,1777865339,164166,12103673,5135,3133,69,45.96,27,在线
2026年5月4日,11:29:29,1777865369,164166,12103673,5135,3133,69,45.96,27,在线
2026年5月4日,11:29:59,1777865399,164166,12103673,5135,3133,69,45.96,27,在线
2026年5月4日,11:30:29,1777865429,164166,12103673,5135,3133,69,45.96,27,在线
2026年5月4日,11:30:59,1777865459,164166,12103673,5135,3133,69,45.96,27,在线
2026年5月4日,11:31:29,1777865489,164166,12103673,5247,3133,67,0,27,在线
2026年5月4日,11:31:59,1777865519,164166,12103673,5247,3133,67,0,27,在线
2026年5月4日,11:32:29,1777865549,164166,12103673,5247,3133,67,0,27,在线
2026年5月4日,11:32:59,1777865579,164166,12103673,5247,3133,67,0,27,在线
2026年5月4日,11:33:29,1777865609,164166,12103673,5133,3024,67,48.36,27,在线
2026年5月4日,11:33:59,1777865639,164166,12103673,5133,3024,67,48.36,27,在线
2026年5月4日,11:34:29,1777865669,164166,12103673,5133,3024,67,48.36,27,在线
2026年5月4日,11:35:00,1777865700,164166,12103673,5133,3024,67,48.36,27,在线
2026年5月4日,11:35:29,1777865729,164166,12103673,5133,3024,67,48.36,27,在线
2026年5月4日,11:35:59,1777865759,164166,12103673,5225,3024,65,48.36,27,在线
2026年5月4日,11:36:29,1777865789,164166,12103673,5225,3024,65,48.36,27,在线
2026年5月4日,11:36:59,1777865819,164166,12103673,5246,3024,65,0,28,在线
2026年5月4日,11:37:29,1777865849,164166,12103673,5127,2929,65,48.04,28,在线
2026年5月4日,11:37:59,1777865879,164166,12103673,5127,2929,65,48.04,28,在线
2026年5月4日,11:38:29,1777865909,164166,12103673,5127,2929,65,48.04,28,在线
2026年5月4日,11:38:59,1777865939,164166,12103673,5249,2929,65,0,28,在线
2026年5月4日,11:39:29,1777865969,164166,12103673,5249,2929,65,0,28,在线
2026年5月4日,11:39:59,1777865999,164166,12103673,5128,2912,65,47.41,28,在线
2026年5月4日,11:40:29,1777866029,164166,12103673,5128,2912,65,47.41,28,在线
2026年5月4日,11:40:59,1777866059,164166,12103673,5128,2912,65,47.41,28,在线
2026年5月4日,11:41:29,1777866089,164166,12103673,5128,2912,65,47.41,28,在线
2026年5月4日,11:41:59,1777866119,164166,12103673,5128,2912,65,47.41,28,在线
2026年5月4日,11:42:29,1777866149,164166,12103673,5122,2829,63,46.22,28,在线
2026年5月4日,11:42:59,1777866179,164166,12103673,5122,2829,63,46.22,28,在线
2026年5月4日,11:43:29,1777866209,164166,12103673,5122,2829,63,46.22,28,在线
2026年5月4日,11:43:59,1777866239,164166,12103673,5122,2829,63,46.22,28,在线
2026年5月4日,11:44:29,1777866269,164166,12103673,5122,2829,63,46.22,28,在线
2026年5月4日,11:44:59,1777866299,164166,12103673,5122,2829,63,46.22,28,在线
2026年5月4日,11:45:29,1777866329,164166,12103673,5245,2829,62,0,28,在线
2026年5月4日,11:46:29,1777866389,164166,12103673,5204,2778,62,13.12,28,在线
2026年5月4日,11:46:59,1777866419,164166,12103673,5204,2778,62,13.12,28,在线
2026年5月4日,11:47:29,1777866449,164166,12103673,5204,2778,62,13.12,28,在线
2026年5月4日,11:47:59,1777866479,164166,12103673,5204,2778,62,13.12,28,在线
2026年5月4日,11:48:29,1777866509,164166,12103673,5204,2778,62,13.12,28,在线
2026年5月4日,11:48:59,1777866539,164166,12103673,5204,2778,62,13.12,28,在线
2026年5月4日,11:49:29,1777866569,164166,12103673,5204,2778,62,13.12,28,在线
2026年5月4日,11:49:59,1777866599,164166,12103673,5204,2778,62,13.12,28,在线
2026年5月4日,11:50:29,1777866629,164166,12103673,5204,2778,62,13.12,28,在线
2026年5月4日,11:50:59,1777866659,164166,12103673,5204,2778,62,13.12,28,在线
2026年5月4日,11:51:29,1777866689,164166,12103673,5116,2778,56,24.28,29,在线
2026年5月4日,11:51:59,1777866719,164166,12103673,5116,2778,56,24.28,29,在线
2026年5月4日,11:52:29,1777866749,164166,12103673,5116,2778,56,24.28,29,在线
2026年5月4日,11:52:59,1777866779,164166,12103673,5116,2778,56,24.28,29,在线
2026年5月4日,11:53:29,1777866809,164166,12103673,5116,2778,56,24.28,29,在线
2026年5月4日,11:53:59,1777866839,164166,12103673,5116,2778,56,24.28,29,在线
2026年5月4日,11:54:29,1777866869,164166,12103673,5116,2778,56,24.28,29,在线
2026年5月4日,11:54:59,1777866899,164166,12103673,5116,2778,56,24.28,29,在线
2026年5月4日,11:55:29,1777866929,164166,12103673,5116,2778,56,24.28,29,在线
2026年5月4日,11:55:59,1777866959,164166,12103673,5229,2424,54,0,29,在线
2026年5月4日,11:56:29,1777866989,164166,12103673,5229,2424,54,0,29,在线
2026年5月4日,11:56:59,1777867019,164166,12103673,5229,2424,54,0,29,在线
2026年5月4日,11:57:29,1777867049,164166,12103673,5229,2424,54,0,29,在线
2026年5月4日,11:57:59,1777867079,164166,12103673,5229,2424,54,0,29,在线
2026年5月4日,11:58:29,1777867109,164166,12103673,5229,2424,54,0,29,在线
2026年5月4日,11:58:59,1777867139,164166,12103673,5229,2424,54,0,29,在线
2026年5月4日,11:59:29,1777867169,164166,12103673,5249,2424,54,0,29,在线
2026年5月4日,11:59:59,1777867199,164166,12103673,5249,2424,54,0,29,在线
2026年5月4日,12:00:29,1777867229,164166,12103673,5249,2424,54,0,29,在线
2026年5月4日,12:00:59,1777867259,164166,12103673,5254,2424,54,0,29,在线
2026年5月4日,12:01:29,1777867289,164166,12103673,5254,2424,54,0,29,在线
2026年5月4日,12:01:59,1777867319,164166,12103673,5254,2424,54,0,29,在线
2026年5月4日,12:02:29,1777867349,164166,12103673,5254,2424,54,0,29,在线
2026年5月4日,12:02:59,1777867379,164166,12103673,5254,2424,54,0,29,在线
2026年5月4日,12:03:29,1777867409,164166,12103673,5256,2424,54,0,29,在线
2026年5月4日,12:03:59,1777867439,164166,12103673,5256,2424,54,0,29,在线
2026年5月4日,12:04:29,1777867469,164166,12103673,5256,2424,54,0,29,在线
2026年5月4日,12:04:59,1777867499,164166,12103673,5256,2424,54,0,29,在线
2026年5月4日,12:05:29,1777867529,164166,12103673,5256,2424,54,0,29,在线
2026年5月4日,12:05:59,1777867559,164166,12103673,5258,2423,54,0,29,在线
2026年5月4日,12:06:29,1777867589,164166,12103673,5258,2423,54,0,29,在线
2026年5月4日,12:06:59,1777867619,164166,12103673,5123,2423,53,48.11,29,在线
2026年5月4日,12:07:29,1777867649,164166,12103673,5123,2423,53,48.11,29,在线
2026年5月4日,12:07:59,1777867679,164166,12103673,5251,2407,53,0,29,在线
2026年5月4日,12:08:29,1777867709,164166,12103673,5205,2407,53,13.26,29,在线
2026年5月4日,12:08:59,1777867739,164166,12103673,5205,2407,53,13.26,29,在线
2026年5月4日,12:09:29,1777867769,164166,12103673,5205,2407,53,13.26,29,在线
2026年5月4日,12:09:59,1777867799,164166,12103673,5205,2407,53,13.26,29,在线
2026年5月4日,12:10:29,1777867829,164166,12103673,5205,2407,53,13.26,29,在线
2026年5月4日,12:10:59,1777867859,164166,12103673,5205,2407,53,13.26,29,在线
2026年5月4日,12:11:29,1777867889,164166,12103673,5205,2407,53,13.26,29,在线
2026年5月4日,12:11:59,1777867919,164166,12103673,5205,2407,53,13.26,29,在线
2026年5月4日,12:12:29,1777867949,164166,12103673,5205,2407,53,13.26,29,在线
2026年5月4日,12:12:59,1777867979,164166,12103673,5205,2407,53,13.26,29,在线
2026年5月4日,12:13:29,1777868009,164166,12103673,5151,2199,49,0,30,在线
2026年5月4日,12:13:59,1777868039,164166,12103673,5151,2199,49,0,30,在线
2026年5月4日,12:14:29,1777868069,164166,12103673,5151,2199,49,0,30,在线
2026年5月4日,12:14:59,1777868099,164166,12103673,5151,2199,49,0,30,在线
2026年5月4日,12:15:29,1777868129,164166,12103673,5151,2199,49,0,30,在线
2026年5月4日,12:15:59,1777868159,164166,12103673,5151,2199,49,0,30,在线
2026年5月4日,12:16:29,1777868189,164166,12103673,5089,2085,46,45.86,31,在线
2026年5月4日,12:16:59,1777868219,164166,12103673,5089,2085,46,45.86,31,在线
2026年5月4日,12:17:29,1777868249,164166,12103673,5089,2085,46,45.86,31,在线
2026年5月4日,12:17:59,1777868279,164166,12103673,5089,2085,46,45.86,31,在线
2026年5月4日,12:18:29,1777868309,164166,12103673,5089,2085,46,45.86,31,在线
2026年5月4日,12:18:59,1777868339,164166,12103673,5089,2085,46,45.86,31,在线
2026年5月4日,12:19:29,1777868369,164166,12103673,5199,2085,44,0,32,在线
2026年5月4日,12:19:59,1777868399,164166,12103673,5199,2085,44,0,32,在线
2026年5月4日,12:20:29,1777868429,164166,12103673,5199,2085,44,0,32,在线
2026年5月4日,12:21:29,1777868489,164166,12103673,5090,1992,44,47.13,32,在线
2026年5月4日,12:21:59,1777868519,164166,12103673,5090,1992,44,47.13,32,在线
2026年5月4日,12:22:29,1777868549,164166,12103673,5090,1992,44,47.13,32,在线
2026年5月4日,12:22:59,1777868579,164166,12103673,5090,1992,44,47.13,32,在线
2026年5月4日,12:23:29,1777868609,164166,12103673,5090,1992,44,47.13,32,在线
2026年5月4日,12:23:59,1777868639,164166,12103673,5192,1992,42,0,32,在线
2026年5月4日,12:25:59,1777868759,164166,12103673,5140,1895,42,20.85,32,在线
2026年5月4日,12:26:29,1777868789,164166,12103673,5140,1895,42,20.85,32,在线
2026年5月4日,12:26:59,1777868819,164166,12103673,5140,1895,42,20.85,32,在线
2026年5月4日,12:27:29,1777868849,164166,12103673,5140,1895,42,20.85,32,在线
2026年5月4日,12:27:59,1777868879,164166,12103673,5140,1895,42,20.85,32,在线
2026年5月4日,12:28:29,1777868909,164166,12103673,5192,1895,41,0,33,在线
2026年5月4日,12:28:59,1777868939,164166,12103673,5192,1895,41,0,33,在线
2026年5月4日,12:29:29,1777868969,164166,12103673,5085,1847,41,42.44,33,在线
2026年5月4日,12:29:59,1777868999,164166,12103673,5085,1847,41,42.44,33,在线
2026年5月4日,12:30:29,1777869029,164166,12103673,5085,1847,41,42.44,33,在线
2026年5月4日,12:30:59,1777869059,164166,12103673,5085,1847,41,42.44,33,在线
2026年5月4日,12:31:29,1777869089,164166,12103673,5085,1847,41,42.44,33,在线
2026年5月4日,12:31:59,1777869119,164166,12103673,5085,1847,41,42.44,33,在线
2026年5月4日,12:32:29,1777869149,164166,12103673,5085,1847,41,42.44,33,在线
2026年5月4日,12:32:59,1777869179,164166,12103673,5085,1847,41,42.44,33,在线
2026年5月4日,12:33:29,1777869209,164166,12103673,5085,1847,41,42.44,33,在线
2026年5月4日,12:33:59,1777869239,164166,12103673,5085,1847,41,42.44,33,在线
2026年5月4日,12:34:29,1777869269,164166,12103673,5020,1847,36,34.85,34,在线
2026年5月4日,12:34:59,1777869299,164166,12103673,5020,1847,36,34.85,34,在线
2026年5月4日,12:35:29,1777869329,164166,12103673,5020,1847,36,34.85,34,在线
2026年5月4日,12:35:59,1777869359,164166,12103673,5020,1847,36,34.85,34,在线
2026年5月4日,12:36:29,1777869389,164166,12103673,5020,1847,36,34.85,34,在线
2026年5月4日,12:36:59,1777869419,164166,12103673,5020,1847,36,34.85,34,在线
2026年5月4日,12:37:29,1777869449,164166,12103673,5020,1847,36,34.85,34,在线
2026年5月4日,12:37:59,1777869479,164166,12103673,5020,1847,36,34.85,34,在线
2026年5月4日,12:38:29,1777869509,164166,12103673,5020,1847,36,34.85,34,在线
2026年5月4日,12:38:59,1777869539,164166,12106900,5342,4525,100,0,24,在线
2026年5月4日,12:39:29,1777869569,164166,12106900,5287,4519,100,6.1,24,在线
2026年5月4日,12:39:59,1777869599,164166,12106900,5287,4519,100,6.1,24,在线
2026年5月4日,12:40:29,1777869629,164166,12106900,5287,4519,100,6.1,24,在线
2026年5月4日,12:40:59,1777869659,164166,12106900,5313,4519,100,0,24,在线
2026年5月4日,12:42:29,1777869749,164166,12106900,5313,4519,100,0,24,在线
2026年5月4日,12:45:59,1777869959,164166,12106900,5322,4505,100,0,24,在线
2026年5月4日,12:49:59,1777870199,164166,12106900,5323,4505,100,0,24,在线
2026年5月4日,12:52:59,1777870379,164166,12106900,5262,4496,100,11.64,24,在线
2026年5月4日,12:53:29,1777870409,164166,12106900,5262,4496,100,11.64,24,在线
2026年5月4日,12:53:59,1777870439,164166,12106900,5262,4496,100,11.64,24,在线
2026年5月4日,12:54:29,1777870469,164166,12106900,5262,4496,100,11.64,24,在线
2026年5月4日,12:54:59,1777870499,164166,12106900,5262,4496,100,11.64,24,在线
2026年5月4日,12:55:29,1777870529,164166,12106900,5308,4496,99,0,24,在线
2026年5月4日,12:57:29,1777870649,164166,12106900,5266,4446,98,7.61,24,在线
2026年5月4日,12:57:59,1777870679,164166,12106900,5266,4446,98,7.61,24,在线
2026年5月4日,12:58:29,1777870709,164166,12106900,5266,4446,98,7.61,24,在线
2026年5月4日,12:58:59,1777870739,164166,12106900,5266,4446,98,7.61,24,在线
2026年5月4日,12:59:29,1777870769,164166,12106900,5266,4446,98,7.61,24,在线
2026年5月4日,12:59:59,1777870799,164166,12106900,5266,4446,98,7.61,24,在线
2026年5月4日,13:00:29,1777870829,164166,12106900,5266,4446,98,7.61,24,在线
2026年5月4日,13:00:59,1777870859,164166,12106900,5266,4446,98,7.61,24,在线
2026年5月4日,13:01:29,1777870889,164166,12106900,5266,4446,98,7.61,24,在线
2026年5月4日,13:01:59,1777870919,164166,12106900,5266,4446,98,7.61,24,在线
2026年5月4日,13:02:29,1777870949,164166,12106900,5168,4446,93,50.08,25,在线
2026年5月4日,13:02:59,1777870979,164166,12106900,5168,4446,93,50.08,25,在线
2026年5月4日,13:03:29,1777871009,164166,12106900,5168,4446,93,50.08,25,在线
2026年5月4日,13:03:59,1777871039,164166,12106900,5307,4194,93,0,26,在线
2026年5月4日,13:05:59,1777871159,164166,12106900,5307,4194,93,0,26,在线
2026年5月4日,13:08:59,1777871339,164166,12106900,5319,4194,93,0,26,在线
2026年5月4日,13:09:59,1777871399,164166,12106900,5319,4194,93,0,26,在线
2026年5月4日,13:11:59,1777871519,164166,12106900,5319,4194,93,0,26,在线
2026年5月4日,13:14:59,1777871699,164166,12106900,5322,4194,93,0,26,在线
2026年5月4日,13:18:29,1777871909,164166,12106900,5322,4194,93,0,26,在线
2026年5月4日,13:19:59,1777871999,164166,12106900,5323,4194,93,0,26,在线
2026年5月4日,13:20:59,1777872059,164166,12106900,5323,4194,93,0,26,在线
2026年5月4日,13:29:59,1777872599,164166,12106900,5325,4194,93,0,26,在线
2026年5月4日,13:33:59,1777872839,164166,12106900,5326,4194,93,0,27,在线
2026年5月4日,13:34:29,1777872869,164166,12106900,5281,4194,93,8.03,27,在线
2026年5月4日,13:34:59,1777872899,164166,12106900,5281,4194,93,8.03,27,在线
2026年5月4日,13:35:29,1777872929,164166,12106900,5281,4194,93,8.03,27,在线
2026年5月4日,13:35:59,1777872959,164166,12106900,5281,4194,93,8.03,27,在线
2026年5月4日,13:36:29,1777872989,164166,12106900,5281,4194,93,8.03,27,在线
2026年5月4日,13:36:59,1777873019,164166,12106900,5281,4194,93,8.03,27,在线
2026年5月4日,13:37:29,1777873049,164166,12106900,5281,4194,93,8.03,27,在线
2026年5月4日,13:37:59,1777873079,164166,12106900,5281,4194,93,8.03,27,在线
2026年5月4日,13:38:29,1777873109,164166,12106900,5281,4194,93,8.03,27,在线
2026年5月4日,13:38:59,1777873139,164166,12106900,5281,4194,93,8.03,27,在线
2026年5月4日,13:39:29,1777873169,164166,12106900,5279,3987,88,0,28,在线
2026年5月4日,13:39:59,1777873199,164166,12106900,5279,3987,88,0,28,在线
2026年5月4日,13:42:29,1777873349,164166,12106900,5279,3987,88,0,28,在线
2026年5月4日,13:42:59,1777873379,164166,12106900,5279,3987,88,0,28,在线
2026年5月4日,13:43:29,1777873409,164166,12106900,5279,3987,88,0,28,在线
2026年5月4日,13:43:59,1777873439,164166,12106900,5310,3987,86,0,28,在线
2026年5月4日,13:44:29,1777873469,164166,12106900,5310,3987,86,0,28,在线
2026年5月4日,13:44:59,1777873499,164166,12106900,5310,3987,86,0,28,在线
2026年5月4日,13:45:29,1777873529,164166,12106900,5310,3987,86,0,28,在线
2026年5月4日,13:48:59,1777873739,164166,12106900,5226,3859,85,37.77,29,在线
2026年5月4日,13:49:29,1777873769,164166,12106900,5226,3859,85,37.77,29,在线
2026年5月4日,13:49:59,1777873799,164166,12106900,5226,3859,85,37.77,29,在线
2026年5月4日,13:50:29,1777873829,164166,12106900,5226,3859,85,37.77,29,在线
2026年5月4日,13:50:59,1777873859,164166,12106900,5226,3859,85,37.77,29,在线
2026年5月4日,13:51:29,1777873889,164166,12106900,5218,3859,85,37.77,29,在线
2026年5月4日,13:51:59,1777873919,164166,12106900,5182,3807,84,48.94,29,在线
2026年5月4日,13:52:29,1777873949,164166,12106900,5182,3807,84,48.94,29,在线
2026年5月4日,13:52:59,1777873979,164166,12106900,5182,3807,84,48.94,29,在线
2026年5月4日,13:53:29,1777874009,164166,12106900,5182,3807,84,48.94,29,在线
2026年5月4日,13:53:59,1777874039,164166,12106900,5182,3807,84,48.94,29,在线
2026年5月4日,13:54:29,1777874069,164166,12106900,5242,3807,83,48.94,29,在线
2026年5月4日,13:54:59,1777874099,164166,12106900,5242,3807,83,48.94,29,在线
2026年5月4日,13:55:29,1777874129,164166,12106900,5242,3807,83,48.94,29,在线
2026年5月4日,13:55:59,1777874159,164166,12106900,5242,3807,83,48.94,29,在线
2026年5月4日,13:56:29,1777874189,164166,12106900,5242,3807,83,48.94,29,在线
2026年5月4日,13:56:59,1777874219,164166,12106900,5302,3648,81,0,30,在线
2026年5月4日,13:57:29,1777874249,164166,12106900,5192,3648,81,47.96,30,在线
2026年5月4日,13:57:59,1777874279,164166,12106900,5192,3648,81,47.96,30,在线
2026年5月4日,13:58:29,1777874309,164166,12106900,5192,3648,81,47.96,30,在线
2026年5月4日,13:58:59,1777874339,164166,12106900,5192,3648,81,47.96,30,在线
2026年5月4日,13:59:29,1777874369,164166,12106900,5192,3648,81,47.96,30,在线
2026年5月4日,13:59:59,1777874399,164166,12106900,5192,3648,81,47.96,30,在线
2026年5月4日,14:00:29,1777874429,164166,12106900,5192,3648,81,47.96,30,在线
2026年5月4日,14:00:59,1777874459,164166,12106900,5192,3648,81,47.96,30,在线
2026年5月4日,14:01:29,1777874489,164166,12106900,5192,3648,81,47.96,30,在线
2026年5月4日,14:01:59,1777874519,164166,12106900,5192,3648,81,47.96,30,在线
2026年5月4日,14:02:29,1777874549,164166,12106900,5285,3456,76,0,31,在线
2026年5月4日,14:06:29,1777874789,164166,12106900,5310,3456,76,0,31,在线
2026年5月4日,14:09:29,1777874969,164166,12106900,5208,3452,76,47.89,31,在线
2026年5月4日,14:09:59,1777874999,164166,12106900,5208,3452,76,47.89,31,在线
2026年5月4日,14:10:29,1777875029,164166,12106900,5208,3452,76,47.89,31,在线
2026年5月4日,14:10:59,1777875059,164166,12106900,5208,3452,76,47.89,31,在线
2026年5月4日,14:11:29,1777875089,164166,12106900,5208,3452,76,47.89,31,在线
2026年5月4日,14:11:59,1777875119,164166,12106900,5208,3452,76,47.89,31,在线
2026年5月4日,14:12:29,1777875149,164166,12106900,5208,3452,76,47.89,31,在线
2026年5月4日,14:12:59,1777875179,164166,12106900,5208,3452,76,47.89,31,在线
2026年5月4日,14:13:29,1777875209,164166,12106900,5208,3452,76,47.89,31,在线
2026年5月4日,14:13:59,1777875239,164166,12106900,5208,3452,76,47.89,31,在线
2026年5月4日,14:14:29,1777875269,164166,12106900,5139,3452,72,49.05,32,在线
2026年5月4日,14:14:59,1777875299,164166,12106900,5139,3452,72,49.05,32,在线
2026年5月4日,14:15:29,1777875329,164166,12106900,5139,3452,72,49.05,32,在线
2026年5月4日,14:15:59,1777875359,164166,12106900,5139,3452,72,49.05,32,在线
2026年5月4日,14:16:29,1777875389,164166,12106900,5139,3452,72,49.05,32,在线
2026年5月4日,14:16:59,1777875419,164166,12106900,5139,3452,72,49.05,32,在线
2026年5月4日,14:17:29,1777875449,164166,12106900,5139,3452,72,49.05,32,在线
2026年5月4日,14:17:59,1777875479,164166,12106900,5139,3452,72,49.05,32,在线
2026年5月4日,14:18:29,1777875509,164166,12106900,5139,3452,72,49.05,32,在线
2026年5月4日,14:18:59,1777875539,164166,12106900,5139,3452,72,49.05,32,在线
2026年5月4日,14:19:29,1777875569,164166,12106900,5236,3093,68,0,32,在线
2026年5月4日,14:19:59,1777875599,164166,12106900,5259,3093,68,0,32,在线
2026年5月4日,14:20:29,1777875629,164166,12106900,5259,3093,68,0,32,在线
2026年5月4日,14:29:59,1777876199,164166,12106900,5273,3093,68,0,32,在线
2026年5月4日,14:39:59,1777876799,164166,12106900,5169,3093,68,47.04,32,在线
2026年5月4日,14:40:29,1777876829,164166,12106900,5169,3093,68,47.04,32,在线
2026年5月4日,14:40:59,1777876859,164166,12106900,5266,3074,68,0,32,在线
2026年5月4日,14:49:59,1777877399,164166,12106900,5183,3065,68,36.12,32,在线
2026年5月4日,14:50:29,1777877429,164166,12106900,5183,3065,68,36.12,32,在线
2026年5月4日,14:50:59,1777877459,164166,12106900,5183,3065,68,36.12,32,在线
2026年5月4日,14:51:29,1777877489,164166,12106900,5183,3065,68,36.12,32,在线
2026年5月4日,14:51:59,1777877519,164166,12106900,5183,3065,68,36.12,32,在线
2026年5月4日,14:52:29,1777877549,164166,12106900,5188,3065,67,36.12,32,在线
2026年5月4日,14:52:59,1777877579,164166,12106900,5188,3065,67,36.12,32,在线
2026年5月4日,14:53:29,1777877609,164166,12106900,5188,3065,67,36.12,32,在线
2026年5月4日,14:53:59,1777877639,164166,12106900,5188,3065,67,36.12,32,在线
2026年5月4日,14:54:29,1777877669,164166,12106900,5258,3065,66,0,32,在线
2026年5月4日,14:59:29,1777877969,164166,12106900,5268,2991,66,0,32,在线
2026年5月4日,14:59:59,1777877999,164166,12106900,5268,2991,66,0,32,在线
2026年5月4日,15:00:29,1777878029,164166,12106900,5157,2991,66,46.9,32,在线
2026年5月4日,15:00:59,1777878059,164166,12106900,5157,2991,66,46.9,32,在线
2026年5月4日,15:01:29,1777878089,164166,12106900,5157,2991,66,46.9,32,在线
2026年5月4日,15:01:59,1777878119,164166,12106900,5157,2991,66,46.9,32,在线
2026年5月4日,15:02:29,1777878149,164166,12106900,5157,2991,66,46.9,32,在线
2026年5月4日,15:02:59,1777878179,164166,12106900,5164,2991,64,46.9,32,在线
2026年5月4日,15:03:29,1777878209,164166,12106900,5164,2991,64,46.9,32,在线
2026年5月4日,15:03:59,1777878239,164166,12106900,5252,2885,64,0,33,在线
2026年5月4日,15:06:29,1777878389,164166,12106900,5151,2885,64,47.68,33,在线
2026年5月4日,15:06:59,1777878419,164166,12106900,5151,2885,64,47.68,33,在线
2026年5月4日,15:07:29,1777878449,164166,12106900,5151,2885,64,47.68,33,在线
2026年5月4日,15:07:59,1777878479,164166,12106900,5151,2885,64,47.68,33,在线
2026年5月4日,15:08:29,1777878509,164166,12106900,5151,2885,64,47.68,33,在线
2026年5月4日,15:08:59,1777878539,164166,12106900,5101,2885,61,47.68,33,在线
2026年5月4日,15:09:29,1777878569,164166,12106900,5101,2885,61,47.68,33,在线
2026年5月4日,15:09:59,1777878599,164166,12106900,5101,2885,61,47.68,33,在线
2026年5月4日,15:10:29,1777878629,164166,12106900,5244,2717,60,0,33,在线
2026年5月4日,15:10:59,1777878659,164166,12106900,5143,2717,60,48.22,33,在线
2026年5月4日,15:11:29,1777878689,164166,12106900,5143,2717,60,48.22,33,在线
2026年5月4日,15:11:59,1777878719,164166,12106900,5143,2717,60,48.22,33,在线
2026年5月4日,15:12:29,1777878749,164166,12106900,5143,2717,60,48.22,33,在线
2026年5月4日,15:12:59,1777878779,164166,12106900,5143,2717,60,48.22,33,在线
2026年5月4日,15:13:29,1777878809,164166,12106900,5143,2717,60,48.22,33,在线
2026年5月4日,15:13:59,1777878839,164166,12106900,5143,2717,60,48.22,33,在线
2026年5月4日,15:14:29,1777878869,164166,12106900,5143,2717,60,48.22,33,在线
2026年5月4日,15:14:59,1777878899,164166,12106900,5143,2717,60,48.22,33,在线
2026年5月4日,15:15:29,1777878929,164166,12106900,5143,2717,60,48.22,33,在线
2026年5月4日,15:15:59,1777878959,164166,12106900,5237,2473,55,0.12,33,在线
2026年5月4日,15:16:29,1777878989,164166,12106900,5242,2473,55,0,33,在线
2026年5月4日,15:17:36,1777879056,164166,12106900,5140,2467,55,48.35,33,在线
2026年5月4日,15:18:31,1777879111,164166,12106900,5140,2467,55,48.35,33,在线
2026年5月4日,15:18:59,1777879139,164166,12106900,5140,2467,55,48.35,33,在线
2026年5月4日,15:19:29,1777879169,164166,12106900,5140,2467,55,48.35,33,在线
2026年5月4日,15:19:59,1777879199,164166,12106900,5140,2467,55,48.35,33,在线
2026年5月4日,15:20:29,1777879229,164166,12106900,5239,2467,52,0,34,在线
2026年5月4日,15:20:59,1777879259,164166,12106900,5134,2346,52,47.59,34,在线
2026年5月4日,15:21:29,1777879289,164166,12106900,5134,2346,52,47.59,34,在线
2026年5月4日,15:21:59,1777879319,164166,12106900,5134,2346,52,47.59,34,在线
2026年5月4日,15:22:29,1777879349,164166,12106900,5134,2346,52,47.59,34,在线
2026年5月4日,15:22:59,1777879379,164166,12106900,5134,2346,52,47.59,34,在线
2026年5月4日,15:23:29,1777879409,164166,12106900,5134,2346,52,47.59,34,在线
2026年5月4日,15:23:59,1777879439,164166,12106900,5134,2346,52,47.59,34,在线
2026年5月4日,15:24:29,1777879469,164166,12106900,5134,2346,52,47.59,34,在线
2026年5月4日,15:24:59,1777879499,164166,12106900,5231,2346,48,0,34,在线
2026年5月4日,15:25:29,1777879529,164166,12106900,5127,2164,48,47.25,34,在线
2026年5月4日,15:25:59,1777879559,164166,12106900,5127,2164,48,47.25,34,在线
2026年5月4日,15:26:29,1777879589,164166,12106900,5127,2164,48,47.25,34,在线
2026年5月4日,15:26:59,1777879619,164166,12106900,5127,2164,48,47.25,34,在线
2026年5月4日,15:27:29,1777879649,164166,12106900,5127,2164,48,47.25,34,在线
2026年5月4日,15:27:59,1777879679,164166,12106900,5127,2164,48,47.25,34,在线
2026年5月4日,15:28:29,1777879709,164166,12106900,5227,2164,45,0,35,在线
2026年5月4日,15:28:59,1777879739,164166,12106900,5125,2040,45,47.87,35,在线
2026年5月4日,15:29:29,1777879769,164166,12106900,5125,2040,45,47.87,35,在线
2026年5月4日,15:29:59,1777879799,164166,12106900,5125,2040,45,47.87,35,在线
2026年5月4日,15:30:29,1777879829,164166,12106900,5125,2040,45,47.87,35,在线
2026年5月4日,15:30:59,1777879859,164166,12106900,5125,2040,45,47.87,35,在线
2026年5月4日,15:31:29,1777879889,164166,12106900,5125,2040,45,47.87,35,在线
2026年5月4日,15:31:59,1777879919,164166,12106900,5125,2040,45,47.87,35,在线
2026年5月4日,15:32:29,1777879949,164166,12106900,5125,2040,45,47.87,35,在线
2026年5月4日,15:32:59,1777879979,164166,12106900,5125,2040,45,47.87,35,在线
2026年5月4日,15:33:29,1777880009,164166,12106900,5217,2040,42,0,35,在线
2026年5月4日,15:33:59,1777880039,164166,12106900,5217,2040,42,0,35,在线
2026年5月4日,15:34:29,1777880069,164166,12106900,5217,2040,42,0,35,在线
2026年5月4日,15:34:59,1777880099,164166,12106900,5120,1874,41,47.11,35,在线
2026年5月4日,15:35:29,1777880129,164166,12106900,5120,1874,41,47.11,35,在线
2026年5月4日,15:35:59,1777880159,164166,12106900,5120,1874,41,47.11,35,在线
2026年5月4日,15:36:29,1777880189,164166,12106900,5120,1874,41,47.11,35,在线
2026年5月4日,15:36:59,1777880219,164166,12106900,5120,1874,41,47.11,35,在线
2026年5月4日,15:37:29,1777880249,164166,12106900,5120,1874,41,47.11,35,在线
2026年5月4日,15:37:59,1777880279,164166,12106900,5120,1874,41,47.11,35,在线
2026年5月4日,15:38:29,1777880309,164166,12106900,5120,1874,41,47.11,35,在线
2026年5月4日,15:38:59,1777880339,164166,12106900,5120,1874,41,47.11,35,在线
2026年5月4日,15:39:29,1777880369,164166,12106900,5120,1874,41,47.11,35,在线
2026年5月4日,15:39:59,1777880399,164166,12106900,5164,1874,38,0,36,在线
2026年5月4日,15:40:29,1777880429,164166,12106900,5164,1874,38,0,36,在线
2026年5月4日,15:40:59,1777880459,164166,12106900,5164,1874,38,0,36,在线
2026年5月4日,15:41:29,1777880489,164166,12106900,5164,1874,38,0,36,在线
2026年5月4日,15:41:59,1777880519,164166,12106900,5164,1874,38,0,36,在线
2026年5月4日,15:42:29,1777880549,164166,12106900,5164,1874,38,0,36,在线
2026年5月4日,15:42:59,1777880579,164166,12106900,5196,1629,36,0,36,在线
2026年5月4日,15:43:29,1777880609,164166,12106900,5088,1629,36,44.77,36,在线
2026年5月4日,15:43:59,1777880639,164166,12106900,5088,1629,36,44.77,36,在线
2026年5月4日,15:44:29,1777880669,164166,12106900,5088,1629,36,44.77,36,在线
2026年5月4日,15:44:59,1777880699,164166,12106900,5088,1629,36,44.77,36,在线
2026年5月4日,15:45:29,1777880729,164166,12106900,5088,1629,36,44.77,36,在线
2026年5月4日,15:45:59,1777880759,164166,12106900,5196,1589,35,0,36,在线
2026年5月4日,15:49:59,1777880999,164166,12106900,5210,1589,35,0,36,在线
2026年5月4日,15:59:59,1777881599,164166,12106900,5216,1589,35,0,36,在线
2026年5月4日,16:09:59,1777882199,164166,12106900,5218,1589,35,0,36,在线
2026年5月4日,16:17:00,1777882620,164166,12106900,5220,1589,35,0,36,在线
2026年5月4日,16:20:00,1777882800,164166,12106900,5220,1589,35,0,36,在线
2026年5月4日,16:30:00,1777883400,164166,12106900,5220,1589,35,0,36,在线
2026年5月4日,16:40:00,1777884000,164166,12106900,5220,1588,35,0,36,在线
2026年5月4日,16:50:00,1777884600,164166,12106900,5221,1588,35,0,36,在线
2026年5月4日,17:00:00,1777885200,164166,12106900,5221,1588,35,0,36,在线
2026年5月4日,17:01:00,1777885260,164166,12106900,5221,1588,35,0,35,在线
2026年5月4日,17:10:00,1777885800,164166,12106900,5221,1588,35,0,35,在线
2026年5月4日,17:20:00,1777886400,164166,12106900,5222,1588,35,0,35,在线
2026年5月4日,17:30:00,1777887000,164166,12106900,5221,1588,35,0,35,在线
2026年5月4日,17:36:30,1777887390,164166,12106900,5096,1588,35,47.8,35,在线
2026年5月4日,17:37:00,1777887420,164166,12106900,5096,1588,35,47.8,35,在线
2026年5月4日,17:37:30,1777887450,164166,12106900,5096,1588,35,47.8,35,在线
2026年5月4日,17:38:00,1777887480,164166,12106900,5096,1588,35,47.8,35,在线
2026年5月4日,17:38:30,1777887510,164166,12106900,5096,1588,35,47.8,35,在线
2026年5月4日,17:39:00,1777887540,164166,12106900,5096,1588,35,47.8,35,在线
2026年5月4日,17:39:30,1777887570,164166,12106900,5096,1588,35,47.8,35,在线
2026年5月4日,17:40:00,1777887600,164166,12106900,5096,1588,35,47.8,35,在线
2026年5月4日,17:40:30,1777887630,164166,12106900,5096,1588,35,47.8,35,在线
2026年5月4日,17:41:00,1777887660,164166,12106900,5096,1588,35,47.8,35,在线
2026年5月4日,17:41:30,1777887690,164166,12106900,5080,1412,31,20.1,35,在线
2026年5月4日,17:42:00,1777887720,164166,12106900,5080,1412,31,20.1,35,在线
2026年5月4日,17:42:30,1777887750,164166,12106900,5080,1412,31,20.1,35,在线
2026年5月4日,17:43:00,1777887780,164166,12106900,5080,1412,31,20.1,35,在线
2026年5月4日,17:43:30,1777887810,164166,12106900,5080,1412,31,20.1,35,在线
2026年5月4日,17:44:00,1777887840,164166,12106900,5149,1412,30,0,36,在线
2026年5月4日,17:44:30,1777887870,164166,12106900,5068,1337,30,35.3,36,在线
2026年5月4日,17:45:00,1777887900,164166,12106900,5068,1337,30,35.3,36,在线
2026年5月4日,17:45:30,1777887930,164166,12106900,5068,1337,30,35.3,36,在线
2026年5月4日,17:46:00,1777887960,164166,12109936,5423,3816,100,0,29,在线
2026年5月4日,17:46:30,1777887990,164166,12109936,5281,3816,100,47.25,29,在线
2026年5月4日,17:47:00,1777888020,164166,12109936,5281,3816,100,47.25,29,在线
2026年5月4日,17:47:30,1777888050,164166,12109936,5281,3816,100,47.25,29,在线
2026年5月4日,17:48:00,1777888080,164166,12109936,5281,3816,100,47.25,29,在线
2026年5月4日,17:48:30,1777888110,164166,12109936,5281,3816,100,47.25,29,在线
2026年5月4日,17:49:00,1777888140,164166,12109936,5275,3816,98,47.25,29,在线
2026年5月4日,17:49:30,1777888170,164166,12109936,5275,3816,98,47.25,29,在线
2026年5月4日,17:50:00,1777888200,164166,12109936,5275,3816,98,47.25,29,在线
2026年5月4日,17:50:30,1777888230,164166,12109936,5317,3691,97,0,30,在线
2026年5月4日,18:00:00,1777888800,164166,12109936,5329,3691,97,0,30,在线
2026年5月4日,18:05:30,1777889130,164166,12109936,5231,3691,97,47.24,30,在线
2026年5月4日,18:06:00,1777889160,164166,12109936,5231,3691,97,47.24,30,在线
2026年5月4日,18:06:30,1777889190,164166,12109936,5231,3691,97,47.24,30,在线
2026年5月4日,18:07:00,1777889220,164166,12109936,5231,3691,97,47.24,30,在线
2026年5月4日,18:07:30,1777889250,164166,12109936,5231,3691,97,47.24,30,在线
2026年5月4日,18:08:00,1777889280,164166,12109936,5248,3691,95,47.24,30,在线
2026年5月4日,18:08:30,1777889310,164166,12109936,5248,3691,95,47.24,30,在线
2026年5月4日,18:09:00,1777889340,164166,12109936,5248,3691,95,47.24,30,在线
2026年5月4日,18:09:30,1777889370,164166,12109936,5248,3691,95,47.24,30,在线
2026年5月4日,18:10:00,1777889400,164166,12109936,5248,3691,95,47.24,30,在线
2026年5月4日,18:10:30,1777889430,164166,12109936,5178,3428,90,46.95,30,在线
2026年5月4日,18:11:00,1777889460,164166,12109936,5178,3428,90,46.95,30,在线
2026年5月4日,18:11:30,1777889490,164166,12109936,5178,3428,90,46.95,30,在线
2026年5月4日,18:12:00,1777889520,164166,12109936,5178,3428,90,46.95,30,在线
2026年5月4日,18:12:30,1777889550,164166,12109936,5178,3428,90,46.95,30,在线
2026年5月4日,18:13:00,1777889580,164166,12109936,5178,3428,90,46.95,30,在线
2026年5月4日,18:13:30,1777889610,164166,12109936,5178,3428,90,46.95,30,在线
2026年5月4日,18:14:00,1777889640,164166,12109936,5178,3428,90,46.95,30,在线
2026年5月4日,18:14:30,1777889670,164166,12109936,5313,3428,86,0,31,在线
2026年5月4日,18:15:00,1777889700,164166,12109936,5313,3428,86,0,31,在线
2026年5月4日,18:15:30,1777889730,164166,12109936,5313,3428,86,0,31,在线
2026年5月4日,18:16:00,1777889760,164166,12109936,5220,3256,86,47.29,32,在线
2026年5月4日,18:16:30,1777889790,164166,12109936,5220,3256,86,47.29,32,在线
2026年5月4日,18:17:00,1777889820,164166,12109936,5220,3256,86,47.29,32,在线
2026年5月4日,18:17:30,1777889850,164166,12109936,5220,3256,86,47.29,32,在线
2026年5月4日,18:18:00,1777889880,164166,12109936,5220,3256,86,47.29,32,在线
2026年5月4日,18:18:30,1777889910,164166,12109936,5220,3256,86,47.29,32,在线
2026年5月4日,18:19:00,1777889940,164166,12109936,5220,3256,86,47.29,32,在线
2026年5月4日,18:19:30,1777889970,164166,12109936,5220,3256,86,47.29,32,在线
2026年5月4日,18:20:00,1777890000,164166,12109936,5220,3256,86,47.29,32,在线
2026年5月4日,18:20:30,1777890030,164166,12109936,5220,3256,86,47.29,32,在线
2026年5月4日,18:21:00,1777890060,164166,12109936,5279,3256,79,0,32,在线
2026年5月4日,18:21:30,1777890090,164166,12109936,5279,3256,79,0,32,在线
2026年5月4日,18:24:30,1777890270,164166,12109936,5279,3256,79,0,32,在线
2026年5月4日,18:26:00,1777890360,164166,12109936,5229,2869,76,18.66,33,在线
2026年5月4日,18:26:30,1777890390,164166,12109936,5229,2869,76,18.66,33,在线
2026年5月4日,18:27:00,1777890420,164166,12109936,5229,2869,76,18.66,33,在线
2026年5月4日,18:27:30,1777890450,164166,12109936,5229,2869,76,18.66,33,在线
2026年5月4日,18:28:00,1777890480,164166,12109936,5229,2869,76,18.66,33,在线
2026年5月4日,18:28:30,1777890510,164166,12109936,5285,2869,75,0,33,在线
2026年5月4日,18:30:00,1777890600,164166,12109936,5285,2869,75,0,33,在线
2026年5月4日,18:33:30,1777890810,164166,12109936,5296,2836,75,0,33,在线
2026年5月4日,18:37:30,1777891050,164166,12109936,5275,2836,75,9.54,33,在线
2026年5月4日,18:38:00,1777891080,164166,12109936,5275,2836,75,9.54,33,在线
2026年5月4日,18:38:30,1777891110,164166,12109936,5275,2836,75,9.54,33,在线
2026年5月4日,18:39:00,1777891140,164166,12109936,5275,2836,75,9.54,33,在线
2026年5月4日,18:39:30,1777891170,164166,12109936,5275,2836,75,9.54,33,在线
2026年5月4日,18:40:00,1777891200,164166,12109936,5192,2836,74,9.54,33,在线
2026年5月4日,18:40:30,1777891230,164166,12109936,5192,2836,74,9.54,33,在线
2026年5月4日,18:41:00,1777891260,164166,12109936,5192,2836,74,9.54,33,在线
2026年5月4日,18:41:30,1777891290,164166,12109936,5192,2836,74,9.54,33,在线
2026年5月4日,18:42:00,1777891320,164166,12109936,5192,2836,74,9.54,33,在线
2026年5月4日,18:42:30,1777891350,164166,12109936,5178,2693,71,32.63,33,在线
2026年5月4日,18:43:00,1777891380,164166,12109936,5178,2693,71,32.63,33,在线
2026年5月4日,18:43:30,1777891410,164166,12109936,5178,2693,71,32.63,33,在线
2026年5月4日,18:44:00,1777891440,164166,12109936,5178,2693,71,32.63,33,在线
2026年5月4日,18:44:30,1777891470,164166,12109936,5178,2693,71,32.63,33,在线
2026年5月4日,18:45:00,1777891500,164166,12109936,5178,2693,71,32.63,33,在线
2026年5月4日,18:45:30,1777891530,164166,12109936,5178,2693,71,32.63,33,在线
2026年5月4日,18:46:00,1777891560,164166,12109936,5178,2693,71,32.63,33,在线
2026年5月4日,18:46:30,1777891590,164166,12109936,5178,2693,71,32.63,33,在线
2026年5月4日,18:47:00,1777891620,164166,12109936,5260,2693,67,0,34,在线
2026年5月4日,18:47:30,1777891650,164166,12109936,5260,2693,67,0,34,在线
2026年5月4日,18:50:00,1777891800,164166,12109936,5260,2693,67,0,34,在线
2026年5月4日,18:52:00,1777891920,164166,12109936,5271,2532,67,0,34,在线
2026年5月4日,18:54:00,1777892040,164166,12109936,5168,2532,66,47.35,34,在线
2026年5月4日,18:54:30,1777892070,164166,12109936,5168,2532,66,47.35,34,在线
2026年5月4日,18:55:00,1777892100,164166,12109936,5168,2532,66,47.35,34,在线
2026年5月4日,18:55:30,1777892130,164166,12109936,5168,2532,66,47.35,34,在线
2026年5月4日,18:56:00,1777892160,164166,12109936,5168,2532,66,47.35,34,在线
2026年5月4日,18:56:30,1777892190,164166,12109936,5168,2532,66,47.35,34,在线
2026年5月4日,18:57:00,1777892220,164166,12109936,5168,2532,66,47.35,34,在线
2026年5月4日,18:57:30,1777892250,164166,12109936,5168,2532,66,47.35,34,在线
2026年5月4日,18:58:00,1777892280,164166,12109936,5168,2532,66,47.35,34,在线
2026年5月4日,18:58:30,1777892310,164166,12109936,5256,2343,62,0,34,在线
2026年5月4日,18:59:30,1777892370,164166,12109936,5232,2343,62,8,34,在线
2026年5月4日,19:00:00,1777892400,164166,12109936,5232,2343,62,8,34,在线
2026年5月4日,19:00:30,1777892430,164166,12109936,5232,2343,62,8,34,在线
2026年5月4日,19:01:00,1777892460,164166,12109936,5232,2343,62,8,34,在线
2026年5月4日,19:01:30,1777892490,164166,12109936,5232,2343,62,8,34,在线
2026年5月4日,19:02:00,1777892520,164166,12109936,5232,2343,62,8,34,在线
2026年5月4日,19:02:30,1777892550,164166,12109936,5232,2343,62,8,34,在线
2026年5月4日,19:03:00,1777892580,164166,12109936,5232,2343,62,8,34,在线
2026年5月4日,19:03:30,1777892610,164166,12109936,5232,2343,62,8,34,在线
2026年5月4日,19:04:00,1777892640,164166,12109936,5232,2343,62,8,34,在线
2026年5月4日,19:04:30,1777892670,164166,12109936,5106,2155,57,47.28,34,在线
2026年5月4日,19:05:00,1777892700,164166,12109936,5106,2155,57,47.28,34,在线
2026年5月4日,19:05:30,1777892730,164166,12109936,5106,2155,57,47.28,34,在线
2026年5月4日,19:06:00,1777892760,164166,12109936,5106,2155,57,47.28,34,在线
2026年5月4日,19:06:30,1777892790,164166,12109936,5106,2155,57,47.28,34,在线
2026年5月4日,19:07:00,1777892820,164166,12109936,5106,2155,57,47.28,34,在线
2026年5月4日,19:07:30,1777892850,164166,12109936,5106,2155,57,47.28,34,在线
2026年5月4日,19:08:00,1777892880,164166,12109936,5106,2155,57,47.28,34,在线
2026年5月4日,19:08:30,1777892910,164166,12109936,5106,2155,57,47.28,34,在线
2026年5月4日,19:09:00,1777892940,164166,12109936,5106,2155,57,47.28,34,在线
2026年5月4日,19:09:30,1777892970,164166,12109936,5219,2155,52,0,34,在线
2026年5月4日,19:10:00,1777893000,164166,12109936,5219,2155,52,0,34,在线
2026年5月4日,19:10:30,1777893030,164166,12109936,5219,2155,52,0,34,在线
2026年5月4日,19:11:00,1777893060,164166,12109936,5219,2155,52,0,34,在线
2026年5月4日,19:11:30,1777893090,164166,12109936,5219,2155,52,0,34,在线
2026年5月4日,19:12:00,1777893120,164166,12109936,5219,2155,52,0,34,在线
2026年5月4日,19:12:30,1777893150,164166,12109936,5219,2155,52,0,34,在线
2026年5月4日,19:13:00,1777893180,164166,12109936,5219,2155,52,0,34,在线
2026年5月4日,19:13:30,1777893210,164166,12109936,5219,2155,52,0,34,在线
2026年5月4日,19:14:00,1777893240,164166,12109936,5219,2155,52,0,34,在线
2026年5月4日,19:14:30,1777893270,164166,12109936,5244,1872,49,0.45,34,在线
2026年5月4日,19:15:00,1777893300,164166,12109936,5250,1872,49,0,34,在线
2026年5月4日,19:15:30,1777893330,164166,12109936,5250,1872,49,0,34,在线
2026年5月4日,19:16:00,1777893360,164166,12109936,5250,1872,49,0,34,在线
2026年5月4日,19:16:30,1777893390,164166,12109936,5250,1872,49,0,34,在线
2026年5月4日,19:17:00,1777893420,164166,12109936,5250,1872,49,0,34,在线
2026年5月4日,19:17:32,1777893452,164166,12109936,5250,1872,49,0,34,在线
2026年5月4日,19:18:00,1777893480,164166,12109936,5259,1872,49,0,34,在线
2026年5月4日,19:19:00,1777893540,164166,12109936,5259,1872,49,0,34,在线
2026年5月4日,19:20:00,1777893600,164166,12109936,5262,1868,49,0,34,在线
2026年5月4日,19:20:41,1777893641,164166,12109936,5262,1868,49,0,34,在线
2026年5月4日,19:21:30,1777893690,164166,12109936,5160,1868,49,47.41,34,在线
2026年5月4日,19:22:00,1777893720,164166,12109936,5160,1868,49,47.41,34,在线
2026年5月4日,19:22:30,1777893750,164166,12109936,5160,1868,49,47.41,34,在线
2026年5月4日,19:23:00,1777893780,164166,12109936,5160,1868,49,47.41,34,在线
2026年5月4日,19:23:30,1777893810,164166,12109936,5160,1868,49,47.41,34,在线
2026年5月4日,19:24:00,1777893840,164166,12109936,5225,1868,47,47.41,34,在线
2026年5月4日,19:24:30,1777893870,164166,12109936,5225,1868,47,47.41,34,在线
2026年5月4日,19:25:00,1777893900,164166,12109936,5225,1868,47,47.41,34,在线
2026年5月4日,19:25:34,1777893934,164166,12109936,5225,1868,47,47.41,34,在线
2026年5月4日,19:26:35,1777893995,164166,12109936,5248,1750,46,0,34,在线
2026年5月4日,19:27:31,1777894051,164166,12109936,5189,1744,46,22.84,34,在线
2026年5月4日,19:28:00,1777894080,164166,12109936,5189,1744,46,22.84,34,在线
2026年5月4日,19:28:31,1777894111,164166,12109936,5189,1744,46,22.84,34,在线
2026年5月4日,19:29:00,1777894140,164166,12109936,5189,1744,46,22.84,34,在线
2026年5月4日,19:29:30,1777894170,164166,12109936,5189,1744,46,22.84,34,在线
2026年5月4日,19:30:00,1777894200,164166,12109936,5189,1744,46,22.84,34,在线
2026年5月4日,19:30:30,1777894230,164166,12109936,5189,1744,46,22.84,34,在线
2026年5月4日,19:31:00,1777894260,164166,12109936,5189,1744,46,22.84,34,在线
2026年5月4日,19:31:30,1777894290,164166,12109936,5189,1744,46,22.84,34,在线
2026年5月4日,19:32:00,1777894320,164166,12109936,5083,1744,40,47.06,35,在线
2026年5月4日,19:32:30,1777894350,164166,12109936,5083,1744,40,47.06,35,在线
2026年5月4日,19:33:03,1777894383,164166,12109936,5083,1744,40,47.06,35,在线
2026年5月4日,19:33:30,1777894410,164166,12109936,5083,1744,40,47.06,35,在线
2026年5月4日,19:34:00,1777894440,164166,12109936,5083,1744,40,47.06,35,在线
2026年5月4日,19:34:30,1777894470,164166,12109936,5083,1744,40,47.06,35,在线
2026年5月4日,19:35:00,1777894500,164166,12109936,5083,1744,40,47.06,35,在线
2026年5月4日,19:35:31,1777894531,164166,12109936,5083,1744,40,47.06,35,在线
2026年5月4日,19:36:00,1777894560,164166,12109936,5213,1410,37,0,35,在线
2026年5月4日,19:38:30,1777894710,164166,12109936,5124,1410,37,40.65,35,在线
2026年5月4日,19:39:04,1777894744,164166,12109936,5124,1410,37,40.65,35,在线
2026年5月4日,19:39:30,1777894770,164166,12109936,5124,1410,37,40.65,35,在线
2026年5月4日,19:40:00,1777894800,164166,12109936,5124,1410,37,40.65,35,在线
2026年5月4日,19:40:30,1777894830,164166,12109936,5124,1410,37,40.65,35,在线
2026年5月4日,19:41:00,1777894860,164166,12109936,5124,1410,37,40.65,35,在线
2026年5月4日,19:41:30,1777894890,164166,12109936,5124,1410,37,40.65,35,在线
2026年5月4日,19:42:00,1777894920,164166,12109936,5124,1410,37,40.65,35,在线
2026年5月4日,19:42:34,1777894954,164166,12109936,5124,1410,37,40.65,35,在线
2026年5月4日,19:43:00,1777894980,164166,12109936,5124,1410,37,40.65,35,在线
2026年5月4日,19:43:30,1777895010,164166,12109936,5181,1220,32,0.44,36,在线
2026年5月4日,19:44:00,1777895040,164166,12109936,5181,1220,32,0.44,36,在线
2026年5月4日,19:46:00,1777895160,164166,12109936,5151,1204,32,11.59,36,在线
2026年5月4日,19:46:31,1777895191,164166,12109936,5151,1204,32,11.59,36,在线
2026年5月4日,19:47:00,1777895220,164166,12109936,5151,1204,32,11.59,36,在线
2026年5月4日,19:47:31,1777895251,164166,12109936,5151,1204,32,11.59,36,在线
2026年5月4日,19:48:00,1777895280,164166,12109936,5151,1204,32,11.59,36,在线
2026年5月4日,19:48:30,1777895310,164166,12109936,5151,1204,32,11.59,36,在线
2026年5月4日,19:49:00,1777895340,164166,12109936,5151,1204,32,11.59,36,在线
2026年5月4日,19:49:33,1777895373,164166,12109936,5151,1204,32,11.59,36,在线
2026年5月4日,19:50:00,1777895400,164166,12109936,5151,1204,32,11.59,36,在线
2026年5月4日,19:50:30,1777895430,164166,12109936,5151,1204,32,11.59,36,在线
2026年5月4日,19:51:00,1777895460,164166,12109936,5148,1204,27,0.66,37,在线
2026年5月4日,19:51:30,1777895490,164166,12109936,5148,1204,27,0.66,37,在线
2026年5月4日,19:52:00,1777895520,164166,12109936,5148,1204,27,0.66,37,在线
2026年5月4日,19:52:30,1777895550,164166,12109936,5148,1204,27,0.66,37,在线
2026年5月4日,19:53:00,1777895580,164166,12109936,5148,1204,27,0.66,37,在线
2026年5月4日,19:53:30,1777895610,164166,12109936,5148,1204,27,0.66,37,在线
2026年5月4日,19:54:00,1777895640,164166,12109936,5148,1204,27,0.66,37,在线
2026年5月4日,19:54:30,1777895670,164166,12109936,5148,1204,27,0.66,37,在线
2026年5月4日,19:55:00,1777895700,164166,12109936,5052,965,25,45.33,37,在线
2026年5月4日,19:55:30,1777895730,164166,12109936,5052,965,25,45.33,37,在线
2026年5月4日,19:56:00,1777895760,164166,12109936,5052,965,25,45.33,37,在线
2026年5月4日,19:56:30,1777895790,164166,12109936,5052,965,25,45.33,37,在线
2026年5月4日,19:57:00,1777895820,164166,12109936,5160,946,25,0,38,在线
2026年5月4日,20:00:01,1777896001,164166,12109936,5167,946,25,0,38,在线
2026年5月4日,20:02:00,1777896120,164166,12109936,5169,946,25,0,37,在线
2026年5月4日,20:10:05,1777896605,164166,12109936,5173,946,25,0,37,在线
2026年5月4日,20:20:02,1777897202,164166,12109936,5175,946,25,0,37,在线
2026年5月4日,20:30:00,1777897800,164166,12109936,5175,946,25,0,37,在线
2026年5月4日,20:40:00,1777898400,164166,12109936,5176,946,25,0,37,在线
2026年5月4日,20:42:00,1777898520,164166,12109936,5177,945,25,0,36,在线
2026年5月4日,20:50:00,1777899000,164166,12109936,5177,945,25,0,36,在线
2026年5月4日,21:00:04,1777899604,164166,12109936,5177,945,25,0,36,在线
2026年5月4日,21:10:00,1777900200,164166,12109936,5178,945,25,0,36,在线
2026年5月4日,21:12:00,1777900320,164166,12109936,5178,945,25,0,35,在线
2026年5月4日,21:20:00,1777900800,164166,12109936,5178,945,25,0,35,在线
2026年5月4日,21:30:03,1777901403,164166,12109936,5178,945,25,0,35,在线
2026年5月4日,21:40:00,1777902000,164166,12109936,5178,945,25,0,35,在线
2026年5月4日,21:50:00,1777902600,164166,12109936,5178,945,25,0,35,在线
2026年5月4日,21:52:00,1777902720,164166,12109936,5179,945,25,0,34,在线
2026年5月4日,22:00:00,1777903200,164166,12109936,5179,945,25,0,34,在线
2026年5月4日,22:10:00,1777903800,164166,12109936,5179,944,25,0,34,在线
2026年5月4日,22:12:02,1777903922,164166,12109936,5179,944,25,0,33,在线
2026年5月4日,22:20:00,1777904400,164166,12109936,5179,944,25,0,33,在线
2026年5月4日,22:30:00,1777905000,164166,12109936,5179,944,25,0,33,在线
2026年5月4日,22:40:01,1777905601,164166,12109936,5180,944,25,0,33,在线
2026年5月4日,22:41:30,1777905690,164166,12109936,5171,940,25,0.56,32,在线
2026年5月4日,22:42:01,1777905721,164166,12109936,5171,940,25,0.56,32,在线
2026年5月4日,22:42:33,1777905753,164166,12109936,5171,940,25,0.56,32,在线
2026年5月4日,22:43:00,1777905780,164166,12109936,5171,940,25,0.56,32,在线
2026年5月4日,22:43:30,1777905810,164166,12109936,5171,940,25,0.56,32,在线
2026年5月4日,22:44:00,1777905840,164166,12109936,5122,940,23,0.56,32,在线
2026年5月4日,22:44:30,1777905870,164166,12109936,5122,940,23,0.56,32,在线
2026年5月4日,22:45:00,1777905900,164166,12109936,5122,940,23,0.56,32,在线
2026年5月4日,22:45:30,1777905930,164166,12109936,5122,940,23,0.56,32,在线
2026年5月4日,22:46:00,1777905960,164166,12109936,5122,940,23,0.56,32,在线
2026年5月4日,22:46:30,1777905990,164166,12109936,5102,940,21,0.67,33,在线
2026年5月4日,22:47:00,1777906020,164166,12109936,5102,940,21,0.67,33,在线
2026年5月4日,22:47:30,1777906050,164166,12109936,5121,800,21,0,33,在线
2026年5月4日,22:50:00,1777906200,164166,12109936,5121,800,21,0,33,在线
2026年5月4日,23:00:04,1777906804,164166,12109936,5139,800,21,0,33,在线
2026年5月4日,23:07:32,1777907252,164166,12109936,5142,800,21,0,32,在线
2026年5月4日,23:10:00,1777907400,164166,12109936,5142,800,21,0,32,在线
2026年5月4日,23:19:30,1777907970,164166,12109936,5144,800,21,0,32,在线
2026年5月4日,23:20:00,1777908000,164166,12109936,5144,800,21,0,32,在线
2026年5月4日,23:30:00,1777908600,164166,12109936,5146,800,21,0,32,在线
2026年5月4日,23:40:01,1777909201,164166,12109936,5147,799,21,0,32,在线
2026年5月4日,23:47:30,1777909650,164166,12109936,5148,799,21,0,31,在线
2026年5月4日,23:50:00,1777909800,164166,12109936,5148,799,21,0,31,在线
2026年5月5日,0:00:04,1777910404,164166,12109936,5149,799,21,0,31,在线
2026年5月5日,0:10:00,1777911000,164166,12109936,5149,799,21,0,31,在线
2026年5月5日,0:17:30,1777911450,164166,12109936,5150,799,21,0,30,在线
2026年5月5日,0:20:00,1777911600,164166,12109936,5150,799,21,0,30,在线
2026年5月5日,0:30:00,1777912200,164166,12109936,5150,799,21,0,30,在线
2026年5月5日,0:40:00,1777912800,164166,12109936,5150,798,21,0,30,在线
2026年5月5日,0:47:30,1777913250,164166,12109936,5150,798,21,0,29,在线
2026年5月5日,0:50:00,1777913400,164166,12109936,5150,798,21,0,29,在线
2026年5月5日,1:00:00,1777914000,164166,12109936,5150,798,21,0,29,在线
2026年5月5日,1:10:00,1777914600,164166,12109936,5151,798,21,0,29,在线
2026年5月5日,1:17:30,1777915050,164166,12109936,5151,798,21,0,28,在线
2026年5月5日,1:20:00,1777915200,164166,12109936,5151,798,21,0,28,在线
2026年5月5日,1:30:00,1777915800,164166,12109936,5151,798,21,0,28,在线
2026年5月5日,1:40:00,1777916400,164166,12109936,5149,797,21,0,28,在线
2026年5月5日,1:41:00,1777916460,164166,12109936,5007,797,21,49.37,28,在线
2026年5月5日,1:41:30,1777916490,164166,12109936,5007,797,21,49.37,28,在线
2026年5月5日,1:42:00,1777916520,164166,12109936,5007,797,21,49.37,28,在线
2026年5月5日,1:42:30,1777916550,164166,12109936,5007,797,21,49.37,28,在线
2026年5月5日,1:43:00,1777916580,164166,12109936,5007,797,21,49.37,28,在线
2026年5月5日,1:43:30,1777916610,164166,12109936,4925,797,18,49.37,28,在线
2026年5月5日,1:44:00,1777916640,164166,12109936,4925,797,18,49.37,28,在线
2026年5月5日,1:44:30,1777916670,164166,12109936,4925,797,18,49.37,28,在线
2026年5月5日,1:45:00,1777916700,164166,12109936,4925,797,18,49.37,28,在线
2026年5月5日,1:45:30,1777916730,164166,12109936,4925,797,18,49.37,28,在线
2026年5月5日,1:46:00,1777916760,164166,12109936,5001,607,16,38.93,29,在线
2026年5月5日,1:46:30,1777916790,164166,12109936,5001,607,16,38.93,29,在线
2026年5月5日,1:47:00,1777916820,164166,12109936,5095,607,16,0,29,在线
2026年5月5日,1:50:00,1777917000,164166,12109936,5104,607,16,0,29,在线
2026年5月5日,2:00:00,1777917600,164166,12109936,5112,600,16,0,29,在线
2026年5月5日,2:07:00,1777918020,164166,12109936,5116,600,16,0,28,在线
2026年5月5日,2:10:00,1777918200,164166,12109936,5117,600,16,0,28,在线
2026年5月5日,2:12:00,1777918320,164166,12109936,4978,600,16,48.51,28,在线
2026年5月5日,2:12:30,1777918350,164166,12109936,4978,600,16,48.51,28,在线
2026年5月5日,2:13:00,1777918380,164166,12109936,4978,600,16,48.51,28,在线
2026年5月5日,2:13:30,1777918410,164166,12109936,4978,600,16,48.51,28,在线
2026年5月5日,2:14:00,1777918440,164166,12109936,4978,600,16,48.51,28,在线
2026年5月5日,2:14:30,1777918470,164166,12109936,4978,600,16,48.51,28,在线
2026年5月5日,2:15:00,1777918500,164166,12109936,4978,600,16,48.51,28,在线
2026年5月5日,2:15:30,1777918530,164166,12109936,4978,600,16,48.51,28,在线
2026年5月5日,2:16:00,1777918560,164166,12109936,4978,600,16,48.51,28,在线
2026年5月5日,2:16:30,1777918590,164166,12109936,4978,600,16,48.51,28,在线
2026年5月5日,2:17:00,1777918620,164166,12109936,4559,304,8,48.6,31,在线
2026年5月5日,2:17:30,1777918650,164166,12109936,4559,304,8,48.6,31,在线
2026年5月5日,2:18:00,1777918680,164166,12109936,4559,304,8,48.6,31,在线
2026年5月5日,2:18:30,1777918710,164166,12109936,4559,304,8,48.6,31,在线
2026年5月5日,2:19:00,1777918740,164166,12109936,4559,304,8,48.6,31,在线
2026年5月5日,2:19:30,1777918770,164166,12109936,4559,304,8,48.6,31,在线
2026年5月5日,2:20:00,1777918800,164166,12109936,4559,304,8,48.6,31,在线
2026年5月5日,2:20:30,1777918830,164166,12109936,4559,304,8,48.6,31,在线
2026年5月5日,2:21:00,1777918860,164166,12109936,4559,304,8,48.6,31,在线
2026年5月5日,2:21:30,1777918890,164166,12109936,4559,304,8,48.6,31,在线
2026年5月5日,2:22:00,1777918920,164166,12109936,4559,304,8,48.6,31,在线
2026年5月5日,2:22:30,1777918950,164166,12109936,4559,304,8,48.6,31,在线
2026年5月5日,2:23:00,1777918980,164166,12109936,4559,304,8,48.6,31,在线
2026年5月5日,2:23:30,1777919010,164166,12109936,4559,304,8,48.6,31,在线
2026年5月5日,2:24:00,1777919040,164166,12109936,4559,304,8,48.6,31,在线
2026年5月5日,2:24:30,1777919070,164166,12109936,4559,304,8,48.6,31,在线
2026年5月5日,2:25:00,1777919100,164166,12109936,4559,304,8,48.6,31,在线
2026年5月5日,2:25:30,1777919130,164166,12109936,4559,304,8,48.6,31,在线
2026年5月5日,2:26:00,1777919160,164166,12109936,4559,304,8,48.6,31,在线
2026年5月5日,2:26:30,1777919190,164166,12109936,4559,304,8,48.6,31,在线
2026年5月5日,2:27:00,1777919220,164166,12109936,4559,304,8,48.6,31,在线
2026年5月5日,2:27:30,1777919250,164166,12109936,4559,304,8,48.6,31,在线
2026年5月5日,2:28:00,1777919280,164166,12109936,4559,304,8,48.6,31,在线
2026年5月5日,2:28:30,1777919310,164166,12109936,4559,304,8,48.6,31,在线
2026年5月5日,2:29:00,1777919340,164166,12109936,4559,304,8,48.6,31,在线
2026年5月5日,2:29:30,1777919370,164166,12109936,4559,304,8,48.6,31,在线
2026年5月5日,2:30:00,1777919400,164166,12109936,4559,304,8,48.6,31,在线
2026年5月5日,2:30:30,1777919430,164166,12109936,4559,304,8,48.6,31,在线
2026年5月5日,2:31:00,1777919460,164166,12109936,4559,304,8,48.6,31,在线
2026年5月5日,2:31:30,1777919490,164166,12109936,4559,304,8,48.6,31,在线
2026年5月5日,2:32:00,1777919520,164166,12109936,4559,304,8,48.6,31,在线
2026年5月5日,2:32:30,1777919550,164166,12109936,4559,304,8,48.6,31,在线
2026年5月5日,2:33:00,1777919580,164166,12109936,4559,304,8,48.6,31,在线
2026年5月5日,2:33:30,1777919610,164166,12109936,4559,304,8,48.6,31,在线
2026年5月5日,2:34:00,1777919640,164166,12109936,4559,304,8,48.6,31,在线
2026年5月5日,2:34:30,1777919670,164166,12109936,4559,304,8,48.6,31,在线
2026年5月5日,2:35:00,1777919700,164166,12109936,4559,304,8,48.6,31,在线
2026年5月5日,2:35:30,1777919730,164166,12109936,4559,304,8,48.6,31,在线
2026年5月5日,2:36:00,1777919760,164166,12109936,4559,304,8,48.6,31,在线
2026年5月5日,2:36:30,1777919790,164166,12109936,4559,304,8,48.6,31,在线
2026年5月5日,2:37:00,1777919820,164166,12109936,4559,304,8,48.6,31,在线
2026年5月5日,2:37:34,1777919854,164166,12109936,4559,304,8,48.6,31,在线
2026年5月5日,2:38:00,1777919880,164166,12109936,4559,304,8,48.6,31,在线
2026年5月5日,2:38:34,1777919914,164166,12109936,4559,304,8,48.6,31,在线
2026年5月5日,2:39:00,1777919940,164166,12109936,4559,304,8,48.6,31,在线
2026年5月5日,2:39:32,1777919972,164166,12109936,4559,304,8,48.6,31,在线
2026年5月5日,2:40:01,1777920001,164166,12109936,4559,304,8,48.6,31,在线
2026年5月5日,2:40:30,1777920030,164166,12109936,4559,304,8,48.6,31,在线
2026年5月5日,2:41:00,1777920060,164166,12109936,4559,304,8,48.6,31,在线
2026年5月5日,2:41:30,1777920090,164166,12109936,4559,304,8,48.6,31,在线
2026年5月5日,2:42:04,1777920124,164166,12109936,4559,304,8,48.6,31,在线
2026年5月5日,2:42:35,1777920155,164166,12109936,4559,304,8,48.6,31,在线
2026年5月5日,2:43:00,1777920180,164166,12109936,4559,304,8,48.6,31,在线
2026年5月5日,2:43:30,1777920210,164166,12109936,4559,304,8,48.6,31,在线
2026年5月5日,2:44:00,1777920240,164166,12109936,4559,304,8,48.6,31,在线
2026年5月5日,2:44:30,1777920270,164166,12109936,4559,304,8,48.6,31,在线
2026年5月5日,2:45:00,1777920300,164166,12109936,4559,304,8,48.6,31,在线
2026年5月5日,2:45:30,1777920330,164166,12109936,4559,304,8,48.6,31,在线
2026年5月5日,2:46:00,1777920360,164166,12109936,4559,304,8,48.6,31,在线
2026年5月5日,2:46:30,1777920390,164166,12109936,4559,304,8,48.6,31,在线
2026年5月5日,2:47:00,1777920420,164166,12109936,4559,304,8,48.6,31,在线
2026年5月5日,2:47:30,1777920450,164166,12109936,4559,304,8,48.6,31,在线
2026年5月5日,2:48:00,1777920480,164166,12109936,4559,304,8,48.6,31,在线
2026年5月5日,2:48:30,1777920510,164166,12109936,4559,304,8,48.6,31,在线
2026年5月5日,2:49:00,1777920540,164166,12109936,4559,304,8,48.6,31,在线
2026年5月5日,2:49:30,1777920570,164166,12109936,4559,304,8,48.6,31,在线
2026年5月5日,2:50:00,1777920600,164166,12109936,4559,304,8,48.6,31,在线
2026年5月5日,2:50:30,1777920630,164166,12109936,4559,304,8,48.6,31,在线
2026年5月5日,2:51:00,1777920660,164166,12109936,4559,304,8,48.6,31,在线
2026年5月5日,2:51:30,1777920690,164166,12109936,4559,304,8,48.6,31,在线
2026年5月5日,2:52:00,1777920720,164166,12109936,4559,304,8,48.6,31,在线
2026年5月5日,2:52:30,1777920750,164166,12109936,4559,304,8,48.6,31,在线
2026年5月5日,2:53:00,1777920780,164166,12109936,4559,304,8,48.6,31,在线
2026年5月5日,2:53:30,1777920810,164166,12109936,4559,304,8,48.6,31,在线
2026年5月5日,2:54:00,1777920840,164166,12109936,4559,304,8,48.6,31,在线
2026年5月5日,2:54:30,1777920870,164166,12109936,4559,304,8,48.6,31,在线
2026年5月5日,2:55:00,1777920900,164166,12109936,4559,304,8,48.6,31,在线
2026年5月5日,2:55:30,1777920930,164166,12109936,4559,304,8,48.6,31,在线
2026年5月5日,2:56:00,1777920960,164166,12109936,4559,304,8,48.6,31,在线
2026年5月5日,2:56:30,1777920990,164166,12109936,4559,304,8,48.6,31,在线
2026年5月5日,2:57:00,1777921020,164166,12109936,4559,304,8,48.6,31,在线
2026年5月5日,2:57:30,1777921050,164166,12109936,4559,304,8,48.6,31,在线
2026年5月5日,2:58:00,1777921080,164166,12109936,4559,304,8,48.6,31,在线
2026年5月5日,2:58:30,1777921110,164166,12109936,4559,304,8,48.6,31,在线
2026年5月5日,2:59:00,1777921140,164166,12109936,4559,304,8,48.6,31,在线
2026年5月5日,2:59:30,1777921170,164166,12109936,4559,304,8,48.6,31,在线
2026年5月5日,3:00:00,1777921200,164166,12109936,4559,304,8,48.6,31,在线
2026年5月5日,3:00:30,1777921230,164166,12109936,4559,304,8,48.6,31,在线
2026年5月5日,3:01:00,1777921260,164166,12109936,4559,304,8,48.6,31,在线
2026年5月5日,3:01:30,1777921290,164166,12109936,4559,304,8,48.6,31,在线
2026年5月5日,3:02:00,1777921320,164166,12109936,4559,304,8,48.6,31,在线
2026年5月5日,3:02:30,1777921350,164166,12109936,4559,304,8,48.6,31,在线
2026年5月5日,3:03:00,1777921380,164166,12109936,4559,304,8,48.6,31,在线
2026年5月5日,3:03:30,1777921410,164166,12109936,4559,304,8,48.6,31,在线
2026年5月5日,3:04:00,1777921440,164166,12109936,4559,304,8,48.6,31,在线
2026年5月5日,3:04:30,1777921470,164166,12109936,4559,304,8,48.6,31,在线
2026年5月5日,3:05:00,1777921500,164166,12109936,4559,304,8,48.6,31,在线
2026年5月5日,3:05:30,1777921530,164166,12109936,4559,304,8,48.6,31,在线
2026年5月5日,3:06:00,1777921560,164166,12109936,4559,304,8,48.6,31,在线
2026年5月5日,3:06:30,1777921590,164166,12109936,4559,304,8,48.6,31,在线
2026年5月5日,3:07:00,1777921620,164166,12109936,4559,304,8,48.6,31,在线
2026年5月5日,3:07:30,1777921650,164166,12109936,4559,304,8,48.6,31,在线
2026年5月5日,3:08:00,1777921680,164166,12109936,4559,304,8,48.6,31,在线
2026年5月5日,3:08:30,1777921710,164166,12109936,4559,304,8,48.6,31,在线
2026年5月5日,3:09:00,1777921740,164166,12109936,4559,304,8,48.6,31,在线
2026年5月5日,3:09:30,1777921770,164166,12109936,4559,304,8,48.6,31,在线
2026年5月5日,3:10:00,1777921800,164166,12109936,4559,304,8,48.6,31,在线
2026年5月5日,3:10:30,1777921830,164166,12109936,4559,304,8,48.6,31,在线
2026年5月5日,3:11:00,1777921860,164166,12109936,4559,304,8,48.6,31,在线
2026年5月5日,3:11:30,1777921890,164166,12109936,4559,304,8,48.6,31,在线
2026年5月5日,3:12:00,1777921920,164166,12109936,4559,304,8,48.6,31,在线
2026年5月5日,3:12:30,1777921950,164166,12109936,4559,304,8,48.6,31,在线
2026年5月5日,3:13:00,1777921980,164166,12109936,4559,304,8,48.6,31,在线
2026年5月5日,3:13:30,1777922010,164166,12109936,4559,304,8,48.6,31,在线
2026年5月5日,3:14:00,1777922040,164166,12109936,4559,304,8,48.6,31,在线
2026年5月5日,3:14:30,1777922070,164166,12109936,4559,304,8,48.6,31,在线
2026年5月5日,3:15:00,1777922100,164166,12109936,4559,304,8,48.6,31,在线
2026年5月5日,3:15:30,1777922130,164166,12109936,4559,304,8,48.6,31,在线
2026年5月5日,3:16:00,1777922160,164166,12109936,4559,304,8,48.6,31,在线
2026年5月5日,3:16:30,1777922190,164166,12109936,4559,304,8,48.6,31,在线
2026年5月5日,3:17:00,1777922220,164166,12109936,4559,304,8,48.6,31,离线
2026年5月5日,3:17:30,1777922250,164166,12109936,4559,304,8,48.6,31,离线
2026年5月5日,3:18:00,1777922280,164166,12109936,4559,304,8,48.6,31,离线
2026年5月5日,3:18:30,1777922310,164166,12109936,4559,304,8,48.6,31,离线
2026年5月5日,3:19:00,1777922340,164166,12109936,4559,304,8,48.6,31,离线
2026年5月5日,3:19:30,1777922370,164166,12109936,4559,304,8,48.6,31,离线
2026年5月5日,3:20:00,1777922400,164166,12109936,4559,304,8,48.6,31,离线
2026年5月5日,3:20:30,1777922430,164166,12109936,4559,304,8,48.6,31,离线
2026年5月5日,3:21:00,1777922460,164166,12109936,4559,304,8,48.6,31,离线
2026年5月5日,3:21:30,1777922490,164166,12109936,4559,304,8,48.6,31,离线
2026年5月5日,3:22:00,1777922520,164166,12109936,4559,304,8,48.6,31,离线
2026年5月5日,3:22:30,1777922550,164166,12109936,4559,304,8,48.6,31,离线
2026年5月5日,3:23:00,1777922580,164166,12109936,4559,304,8,48.6,31,离线
2026年5月5日,3:23:30,1777922610,164166,12109936,4559,304,8,48.6,31,离线
2026年5月5日,3:24:00,1777922640,164166,12109936,4559,304,8,48.6,31,离线
2026年5月5日,3:24:30,1777922670,164166,12109936,4559,304,8,48.6,31,离线
2026年5月5日,3:25:00,1777922700,164166,12109936,4559,304,8,48.6,31,离线
2026年5月5日,3:25:30,1777922730,164166,12109936,4559,304,8,48.6,31,离线
2026年5月5日,3:26:00,1777922760,164166,12109936,4559,304,8,48.6,31,离线
2026年5月5日,3:26:30,1777922790,164166,12109936,4559,304,8,48.6,31,离线
2026年5月5日,3:27:00,1777922820,164166,12109936,4559,304,8,48.6,31,离线
2026年5月5日,3:27:30,1777922850,164166,12109936,4559,304,8,48.6,31,离线
2026年5月5日,3:28:00,1777922880,164166,12109936,4559,304,8,48.6,31,离线
2026年5月5日,3:28:30,1777922910,164166,12109936,4559,304,8,48.6,31,离线
2026年5月5日,3:29:00,1777922940,164166,12109936,4559,304,8,48.6,31,离线
2026年5月5日,3:29:30,1777922970,164166,12109936,4559,304,8,48.6,31,离线
2026年5月5日,3:30:00,1777923000,164166,12109936,4559,304,8,48.6,31,离线
2026年5月5日,3:30:30,1777923030,164166,12109936,4559,304,8,48.6,31,离线
2026年5月5日,3:31:00,1777923060,164166,12109936,4559,304,8,48.6,31,离线
2026年5月5日,3:31:30,1777923090,164166,12109936,4559,304,8,48.6,31,离线
2026年5月5日,3:32:00,1777923120,164166,12109936,4559,304,8,48.6,31,离线
2026年5月5日,3:32:30,1777923150,164166,12109936,4559,304,8,48.6,31,离线
2026年5月5日,3:33:00,1777923180,164166,12109936,4559,304,8,48.6,31,离线
2026年5月5日,3:33:30,1777923210,164166,12109936,4559,304,8,48.6,31,离线
2026年5月5日,3:34:00,1777923240,164166,12109936,4559,304,8,48.6,31,离线
2026年5月5日,3:34:30,1777923270,164166,12109936,4559,304,8,48.6,31,离线
2026年5月5日,3:35:00,1777923300,164166,12109936,4559,304,8,48.6,31,离线
2026年5月5日,3:35:30,1777923330,164166,12109936,4559,304,8,48.6,31,离线
2026年5月5日,3:36:00,1777923360,164166,12109936,4559,304,8,48.6,31,离线
2026年5月5日,3:36:30,1777923390,164166,12109936,4559,304,8,48.6,31,离线
2026年5月5日,3:37:00,1777923420,164166,12109936,4559,304,8,48.6,31,离线
2026年5月5日,3:37:30,1777923450,164166,12109936,4559,304,8,48.6,31,离线
2026年5月5日,3:38:00,1777923480,164166,12109936,4559,304,8,48.6,31,离线
2026年5月5日,3:38:30,1777923510,164166,12109936,4559,304,8,48.6,31,离线
2026年5月5日,3:39:00,1777923540,164166,12109936,4559,304,8,48.6,31,离线
2026年5月5日,3:39:30,1777923570,164166,12109936,4559,304,8,48.6,31,离线
2026年5月5日,3:40:00,1777923600,164166,12109936,4559,304,8,48.6,31,离线
2026年5月5日,3:40:30,1777923630,164166,12109936,4559,304,8,48.6,31,离线
2026年5月5日,3:41:00,1777923660,164166,12109936,4559,304,8,48.6,31,离线
2026年5月5日,3:41:31,1777923691,164166,12109936,4559,304,8,48.6,31,离线
2026年5月5日,3:42:00,1777923720,164166,12109936,4559,304,8,48.6,31,离线
2026年5月5日,3:42:30,1777923750,164166,12109936,4559,304,8,48.6,31,离线
2026年5月5日,3:43:00,1777923780,164166,12109936,4559,304,8,48.6,31,离线
2026年5月5日,3:43:30,1777923810,164166,12109936,4559,304,8,48.6,31,离线
2026年5月5日,3:44:00,1777923840,164166,12109936,4559,304,8,48.6,31,离线
2026年5月5日,3:44:30,1777923870,164166,12109936,4559,304,8,48.6,31,离线
2026年5月5日,3:45:00,1777923900,164166,12109936,4559,304,8,48.6,31,离线
2026年5月5日,3:45:30,1777923930,164166,12109936,4559,304,8,48.6,31,离线
2026年5月5日,3:46:00,1777923960,164166,12109936,4559,304,8,48.6,31,离线
2026年5月5日,3:46:30,1777923990,164166,12109936,4559,304,8,48.6,31,离线
2026年5月5日,3:47:00,1777924020,164166,12109936,4559,304,8,48.6,31,离线
2026年5月5日,3:47:30,1777924050,164166,12109936,4559,304,8,48.6,31,离线
2026年5月5日,3:48:00,1777924080,164166,12109936,4559,304,8,48.6,31,离线
2026年5月5日,3:48:30,1777924110,164166,12109936,4559,304,8,48.6,31,离线
2026年5月5日,3:49:00,1777924140,164166,12109936,4559,304,8,48.6,31,离线
2026年5月5日,3:49:30,1777924170,164166,12109936,4559,304,8,48.6,31,离线
2026年5月5日,3:50:00,1777924200,164166,12109936,4559,304,8,48.6,31,离线
2026年5月5日,3:50:30,1777924230,164166,12109936,4559,304,8,48.6,31,离线
2026年5月5日,3:51:00,1777924260,164166,12109936,4559,304,8,48.6,31,离线
2026年5月5日,3:51:30,1777924290,164166,12109936,4559,304,8,48.6,31,离线
2026年5月5日,3:52:00,1777924320,164166,12109936,4559,304,8,48.6,31,离线
2026年5月5日,3:52:30,1777924350,164166,12109936,4559,304,8,48.6,31,离线
2026年5月5日,3:53:00,1777924380,164166,12109936,4559,304,8,48.6,31,离线
2026年5月5日,3:53:30,1777924410,164166,12109936,4559,304,8,48.6,31,离线
2026年5月5日,3:54:00,1777924440,164166,12109936,4559,304,8,48.6,31,离线
2026年5月5日,3:54:30,1777924470,164166,12109936,4559,304,8,48.6,31,离线
2026年5月5日,3:55:00,1777924500,164166,12109936,4559,304,8,48.6,31,离线
2026年5月5日,3:55:30,1777924530,164166,12109936,4559,304,8,48.6,31,离线
2026年5月5日,3:56:00,1777924560,164166,12109936,4559,304,8,48.6,31,离线
2026年5月5日,3:56:30,1777924590,164166,12109936,4559,304,8,48.6,31,离线
2026年5月5日,3:57:00,1777924620,164166,12109936,4559,304,8,48.6,31,离线
2026年5月5日,3:57:30,1777924650,164166,12109936,4559,304,8,48.6,31,离线
2026年5月5日,3:58:00,1777924680,164166,12109936,4559,304,8,48.6,31,离线
2026年5月5日,3:58:30,1777924710,164166,12109936,4559,304,8,48.6,31,离线
2026年5月5日,3:59:00,1777924740,164166,12109936,4559,304,8,48.6,31,离线
2026年5月5日,3:59:30,1777924770,164166,12109936,4559,304,8,48.6,31,离线
2026年5月5日,4:00:00,1777924800,164166,12109936,4559,304,8,48.6,31,离线
2026年5月5日,4:00:30,1777924830,164166,12109936,4559,304,8,48.6,31,离线
2026年5月5日,4:01:00,1777924860,164166,12109936,4559,304,8,48.6,31,离线
2026年5月5日,4:01:30,1777924890,164166,12109936,4559,304,8,48.6,31,离线
2026年5月5日,4:02:00,1777924920,164166,12109936,4559,304,8,48.6,31,离线
2026年5月5日,4:02:30,1777924950,164166,12109936,4559,304,8,48.6,31,离线
2026年5月5日,4:03:00,1777924980,164166,12109936,4559,304,8,48.6,31,离线
2026年5月5日,4:03:30,1777925010,164166,12109936,4559,304,8,48.6,31,离线
2026年5月5日,4:04:00,1777925040,164166,12109936,4559,304,8,48.6,31,离线
2026年5月5日,4:04:30,1777925070,164166,12109936,4559,304,8,48.6,31,离线
2026年5月5日,4:05:00,1777925100,164166,12109936,4559,304,8,48.6,31,离线
2026年5月5日,4:05:30,1777925130,164166,12109936,4559,304,8,48.6,31,离线
2026年5月5日,4:06:00,1777925160,164166,12109936,4559,304,8,48.6,31,离线
2026年5月5日,4:06:30,1777925190,164166,12109936,4559,304,8,48.6,31,离线
2026年5月5日,4:07:00,1777925220,164166,12109936,4559,304,8,48.6,31,离线
2026年5月5日,4:07:30,1777925250,164166,12109936,4559,304,8,48.6,31,离线
2026年5月5日,4:08:00,1777925280,164166,12109936,4559,304,8,48.6,31,离线
2026年5月5日,4:08:30,1777925310,164166,12109936,4559,304,8,48.6,31,离线
2026年5月5日,4:09:00,1777925340,164166,12109936,4559,304,8,48.6,31,离线
2026年5月5日,4:09:30,1777925370,164166,12109936,4559,304,8,48.6,31,离线
2026年5月5日,4:10:00,1777925400,164166,12109936,4559,304,8,48.6,31,离线
2026年5月5日,4:10:30,1777925430,164166,12109936,4559,304,8,48.6,31,离线
2026年5月5日,4:11:00,1777925460,164166,12109936,4559,304,8,48.6,31,离线
2026年5月5日,4:11:30,1777925490,164166,12109936,4559,304,8,48.6,31,离线
2026年5月5日,4:12:00,1777925520,164166,12109936,4559,304,8,48.6,31,离线
2026年5月5日,4:12:30,1777925550,164166,12109936,4559,304,8,48.6,31,离线
2026年5月5日,4:13:00,1777925580,164166,12109936,4559,304,8,48.6,31,离线
2026年5月5日,4:13:30,1777925610,164166,12109936,4559,304,8,48.6,31,离线
2026年5月5日,4:14:00,1777925640,164166,12109936,4559,304,8,48.6,31,离线
2026年5月5日,4:14:30,1777925670,164166,12109936,4559,304,8,48.6,31,离线
2026年5月5日,4:15:00,1777925700,164166,12109936,4559,304,8,48.6,31,离线
2026年5月5日,4:15:30,1777925730,164166,12109936,4559,304,8,48.6,31,离线
2026年5月5日,4:16:00,1777925760,164166,12109936,4559,304,8,48.6,31,离线
2026年5月5日,4:16:30,1777925790,164166,12109936,4559,304,8,48.6,31,离线
2026年5月5日,4:17:00,1777925820,164166,12109936,4559,304,8,48.6,31,离线
2026年5月5日,4:17:30,1777925850,164166,12109936,4559,304,8,48.6,31,离线
2026年5月5日,4:18:00,1777925880,164166,12109936,4559,304,8,48.6,31,离线
2026年5月5日,4:18:30,1777925910,164166,12109936,4559,304,8,48.6,31,离线
2026年5月5日,4:19:00,1777925940,164166,12109936,4559,304,8,48.6,31,离线
2026年5月5日,4:19:30,1777925970,164166,12109936,4559,304,8,48.6,31,离线
2026年5月5日,4:20:00,1777926000,164166,12109936,4559,304,8,48.6,31,离线
2026年5月5日,4:20:30,1777926030,164166,12109936,4559,304,8,48.6,31,离线
2026年5月5日,4:21:00,1777926060,164166,12109936,4559,304,8,48.6,31,离线
2026年5月5日,4:21:30,1777926090,164166,12109936,4559,304,8,48.6,31,离线
2026年5月5日,4:22:00,1777926120,164166,12109936,4559,304,8,48.6,31,离线
2026年5月5日,4:22:30,1777926150,164166,12109936,4559,304,8,48.6,31,离线
2026年5月5日,4:23:00,1777926180,164166,12109936,4559,304,8,48.6,31,离线
2026年5月5日,4:23:30,1777926210,164166,12109936,4559,304,8,48.6,31,离线
2026年5月5日,4:24:00,1777926240,164166,12109936,4559,304,8,48.6,31,离线
2026年5月5日,4:24:30,1777926270,164166,12109936,4559,304,8,48.6,31,离线
2026年5月5日,4:25:00,1777926300,164166,12109936,4559,304,8,48.6,31,离线
2026年5月5日,4:25:30,1777926330,164166,12109936,4559,304,8,48.6,31,离线
2026年5月5日,4:26:00,1777926360,164166,12109936,4559,304,8,48.6,31,离线
2026年5月5日,4:26:30,1777926390,164166,12109936,4559,304,8,48.6,31,离线
2026年5月5日,4:27:00,1777926420,164166,12109936,4559,304,8,48.6,31,离线
2026年5月5日,4:27:30,1777926450,164166,12109936,4559,304,8,48.6,31,离线
2026年5月5日,4:28:00,1777926480,164166,12109936,4559,304,8,48.6,31,离线
2026年5月5日,4:28:30,1777926510,164166,12109936,4559,304,8,48.6,31,离线
2026年5月5日,4:29:00,1777926540,164166,12109936,4559,304,8,48.6,31,离线
2026年5月5日,4:29:30,1777926570,164166,12109936,4559,304,8,48.6,31,离线
2026年5月5日,4:30:00,1777926600,164166,12109936,4559,304,8,48.6,31,离线
2026年5月5日,4:30:30,1777926630,164166,12109936,4559,304,8,48.6,31,离线
2026年5月5日,4:31:00,1777926660,164166,12109936,4559,304,8,48.6,31,离线
2026年5月5日,4:31:30,1777926690,164166,12109936,4559,304,8,48.6,31,离线
2026年5月5日,4:32:00,1777926720,164166,12109936,4559,304,8,48.6,31,离线
2026年5月5日,4:32:30,1777926750,164166,12109936,4559,304,8,48.6,31,离线
2026年5月5日,4:33:00,1777926780,164166,12109936,4559,304,8,48.6,31,离线
2026年5月5日,4:33:30,1777926810,164166,12109936,4559,304,8,48.6,31,离线
2026年5月5日,4:34:00,1777926840,164166,12109936,4559,304,8,48.6,31,离线
2026年5月5日,4:34:30,1777926870,164166,12109936,4559,304,8,48.6,31,离线
2026年5月5日,4:35:00,1777926900,164166,12109936,4559,304,8,48.6,31,离线
2026年5月5日,4:35:30,1777926930,164166,12109936,4559,304,8,48.6,31,离线
2026年5月5日,4:36:00,1777926960,164166,12109936,4559,304,8,48.6,31,离线
2026年5月5日,4:36:30,1777926990,164166,12109936,4559,304,8,48.6,31,离线
2026年5月5日,4:37:00,1777927020,164166,12109936,4559,304,8,48.6,31,离线
2026年5月5日,4:37:30,1777927050,164166,12109936,4559,304,8,48.6,31,离线
2026年5月5日,4:38:00,1777927080,164166,12109936,4559,304,8,48.6,31,离线
2026年5月5日,4:38:30,1777927110,164166,12109936,4559,304,8,48.6,31,离线
2026年5月5日,4:39:00,1777927140,164166,12109936,4559,304,8,48.6,31,离线
2026年5月5日,4:39:30,1777927170,164166,12109936,4559,304,8,48.6,31,离线
2026年5月5日,4:40:00,1777927200,164166,12109936,4559,304,8,48.6,31,离线
2026年5月5日,4:40:30,1777927230,164166,12109936,4559,304,8,48.6,31,离线
2026年5月5日,4:41:00,1777927260,164166,12109936,4559,304,8,48.6,31,离线
2026年5月5日,4:41:30,1777927290,164166,12109936,4559,304,8,48.6,31,离线
2026年5月5日,4:42:00,1777927320,164166,12109936,4559,304,8,48.6,31,离线
2026年5月5日,4:42:30,1777927350,164166,12109936,4559,304,8,48.6,31,离线
2026年5月5日,4:43:00,1777927380,164166,12109936,4559,304,8,48.6,31,离线
2026年5月5日,4:43:30,1777927410,164166,12109936,4559,304,8,48.6,31,离线
2026年5月5日,4:44:00,1777927440,164166,12109936,4559,304,8,48.6,31,离线
2026年5月5日,4:44:30,1777927470,164166,12109936,4559,304,8,48.6,31,离线
2026年5月5日,4:45:00,1777927500,164166,12109936,4559,304,8,48.6,31,离线
2026年5月5日,4:45:30,1777927530,164166,12109936,4559,304,8,48.6,31,离线
2026年5月5日,4:46:00,1777927560,164166,12109936,4559,304,8,48.6,31,离线
2026年5月5日,4:46:30,1777927590,164166,12109936,4559,304,8,48.6,31,离线
2026年5月5日,4:47:00,1777927620,164166,12109936,4559,304,8,48.6,31,离线
2026年5月5日,4:47:30,1777927650,164166,12109936,4559,304,8,48.6,31,离线
2026年5月5日,4:48:00,1777927680,164166,12109936,4559,304,8,48.6,31,离线
2026年5月5日,4:48:30,1777927710,164166,12109936,4559,304,8,48.6,31,离线
2026年5月5日,4:49:00,1777927740,164166,12109936,4559,304,8,48.6,31,离线
2026年5月5日,4:49:30,1777927770,164166,12109936,4559,304,8,48.6,31,离线
2026年5月5日,4:50:00,1777927800,164166,12109936,4559,304,8,48.6,31,离线
2026年5月5日,4:50:30,1777927830,164166,12109936,4559,304,8,48.6,31,离线
2026年5月5日,4:51:00,1777927860,164166,12109936,4559,304,8,48.6,31,离线
2026年5月5日,4:51:30,1777927890,164166,12109936,4559,304,8,48.6,31,离线
2026年5月5日,4:52:00,1777927920,164166,12109936,4559,304,8,48.6,31,离线
2026年5月5日,4:52:30,1777927950,164166,12109936,4559,304,8,48.6,31,离线
2026年5月5日,4:53:00,1777927980,164166,12109936,4559,304,8,48.6,31,离线
2026年5月5日,4:53:30,1777928010,164166,12109936,4559,304,8,48.6,31,离线
2026年5月5日,4:54:00,1777928040,164166,12109936,4559,304,8,48.6,31,离线
2026年5月5日,4:54:30,1777928070,164166,12109936,4559,304,8,48.6,31,离线
2026年5月5日,4:55:00,1777928100,164166,12109936,4559,304,8,48.6,31,离线
2026年5月5日,4:55:30,1777928130,164166,12109936,4559,304,8,48.6,31,离线
2026年5月5日,4:56:00,1777928160,164166,12109936,4559,304,8,48.6,31,离线
2026年5月5日,4:56:30,1777928190,164166,12109936,4559,304,8,48.6,31,离线
2026年5月5日,4:57:00,1777928220,164166,12109936,4559,304,8,48.6,31,离线
2026年5月5日,4:57:30,1777928250,164166,12109936,4559,304,8,48.6,31,离线
2026年5月5日,4:58:00,1777928280,164166,12109936,4559,304,8,48.6,31,离线
2026年5月5日,4:58:30,1777928310,164166,12109936,4559,304,8,48.6,31,离线
2026年5月5日,4:59:00,1777928340,164166,12109936,4559,304,8,48.6,31,离线
2026年5月5日,4:59:30,1777928370,164166,12109936,4559,304,8,48.6,31,离线
2026年5月5日,5:00:00,1777928400,164166,12109936,4559,304,8,48.6,31,离线
2026年5月5日,5:00:30,1777928430,164166,12109936,4559,304,8,48.6,31,离线
2026年5月5日,5:01:00,1777928460,164166,12109936,4559,304,8,48.6,31,离线
2026年5月5日,5:01:30,1777928490,164166,12109936,4559,304,8,48.6,31,离线
2026年5月5日,5:02:00,1777928520,164166,12109936,4559,304,8,48.6,31,离线
2026年5月5日,5:02:30,1777928550,164166,12109936,4559,304,8,48.6,31,离线
2026年5月5日,5:03:00,1777928580,164166,12109936,4559,304,8,48.6,31,离线
2026年5月5日,5:03:30,1777928610,164166,12109936,4559,304,8,48.6,31,离线
2026年5月5日,5:04:00,1777928640,164166,12109936,4559,304,8,48.6,31,离线
2026年5月5日,5:04:30,1777928670,164166,12109936,4559,304,8,48.6,31,离线
2026年5月5日,5:05:00,1777928700,164166,12109936,4559,304,8,48.6,31,离线
2026年5月5日,5:05:30,1777928730,164166,12109936,4559,304,8,48.6,31,离线
2026年5月5日,5:06:00,1777928760,164166,12109936,4559,304,8,48.6,31,离线
2026年5月5日,5:06:30,1777928790,164166,12109936,4559,304,8,48.6,31,离线
2026年5月5日,5:07:00,1777928820,164166,12109936,4559,304,8,48.6,31,离线
2026年5月5日,5:07:30,1777928850,164166,12109936,4559,304,8,48.6,31,离线
2026年5月5日,5:08:00,1777928880,164166,12109936,4559,304,8,48.6,31,离线
2026年5月5日,5:08:30,1777928910,164166,12109936,4559,304,8,48.6,31,离线
2026年5月5日,5:09:00,1777928940,164166,12109936,4559,304,8,48.6,31,离线
2026年5月5日,5:09:30,1777928970,164166,12109936,4559,304,8,48.6,31,离线
2026年5月5日,5:10:00,1777929000,164166,12109936,4559,304,8,48.6,31,离线
2026年5月5日,5:10:30,1777929030,164166,12109936,4559,304,8,48.6,31,离线
2026年5月5日,5:11:00,1777929060,164166,12109936,4559,304,8,48.6,31,离线
2026年5月5日,5:11:30,1777929090,164166,12109936,4559,304,8,48.6,31,离线
2026年5月5日,5:12:00,1777929120,164166,12109936,4559,304,8,48.6,31,离线
2026年5月5日,5:12:30,1777929150,164166,12109936,4559,304,8,48.6,31,离线
2026年5月5日,5:13:00,1777929180,164166,12109936,4559,304,8,48.6,31,离线
2026年5月5日,5:13:30,1777929210,164166,12109936,4559,304,8,48.6,31,离线
2026年5月5日,5:14:00,1777929240,164166,12109936,4559,304,8,48.6,31,离线
2026年5月5日,5:14:30,1777929270,164166,12109936,4559,304,8,48.6,31,离线
2026年5月5日,5:15:00,1777929300,164166,12109936,4559,304,8,48.6,31,离线
2026年5月5日,5:15:30,1777929330,164166,12109936,4559,304,8,48.6,31,离线
2026年5月5日,5:16:00,1777929360,164166,12109936,4559,304,8,48.6,31,离线
2026年5月5日,5:16:30,1777929390,164166,12109936,4559,304,8,48.6,31,离线
2026年5月5日,5:17:00,1777929420,164166,12109936,4559,304,8,48.6,31,离线
2026年5月5日,5:17:30,1777929450,164166,12109936,4559,304,8,48.6,31,离线
2026年5月5日,5:18:00,1777929480,164166,12109936,4559,304,8,48.6,31,离线
2026年5月5日,5:18:30,1777929510,164166,12109936,4559,304,8,48.6,31,离线
2026年5月5日,5:19:00,1777929540,164166,12109936,4559,304,8,48.6,31,离线
2026年5月5日,5:19:30,1777929570,164166,12109936,4559,304,8,48.6,31,离线
2026年5月5日,5:20:00,1777929600,164166,12109936,4559,304,8,48.6,31,离线
2026年5月5日,5:20:30,1777929630,164166,12109936,4559,304,8,48.6,31,离线
2026年5月5日,5:21:00,1777929660,164166,12109936,4559,304,8,48.6,31,离线
2026年5月5日,5:21:30,1777929690,164166,12109936,4559,304,8,48.6,31,离线
2026年5月5日,5:22:00,1777929720,164166,12109936,4559,304,8,48.6,31,离线
2026年5月5日,5:22:30,1777929750,164166,12109936,4559,304,8,48.6,31,离线
2026年5月5日,5:23:00,1777929780,164166,12109936,4559,304,8,48.6,31,离线
2026年5月5日,5:23:30,1777929810,164166,12109936,4559,304,8,48.6,31,离线
2026年5月5日,5:24:00,1777929840,164166,12109936,4559,304,8,48.6,31,离线
2026年5月5日,5:24:30,1777929870,164166,12109936,4559,304,8,48.6,31,离线
2026年5月5日,5:25:00,1777929900,164166,12109936,4559,304,8,48.6,31,离线
2026年5月5日,5:25:30,1777929930,164166,12109936,4559,304,8,48.6,31,离线
2026年5月5日,5:26:00,1777929960,164166,12109936,4559,304,8,48.6,31,离线
2026年5月5日,5:26:30,1777929990,164166,12109936,4559,304,8,48.6,31,离线
2026年5月5日,5:27:00,1777930020,164166,12109936,4559,304,8,48.6,31,离线
2026年5月5日,5:27:30,1777930050,164166,12109936,4559,304,8,48.6,31,离线
2026年5月5日,5:28:00,1777930080,164166,12109936,4559,304,8,48.6,31,离线
2026年5月5日,5:28:30,1777930110,164166,12109936,4559,304,8,48.6,31,离线
2026年5月5日,5:29:00,1777930140,164166,12109936,4559,304,8,48.6,31,离线
2026年5月5日,5:29:30,1777930170,164166,12109936,4559,304,8,48.6,31,离线
2026年5月5日,5:30:00,1777930200,164166,12109936,4559,304,8,48.6,31,离线
2026年5月5日,5:30:30,1777930230,164166,12109936,4559,304,8,48.6,31,离线
2026年5月5日,5:31:00,1777930260,164166,12109936,4559,304,8,48.6,31,离线
2026年5月5日,5:31:30,1777930290,164166,12109936,4559,304,8,48.6,31,离线
2026年5月5日,5:32:00,1777930320,164166,12109936,4559,304,8,48.6,31,离线
2026年5月5日,5:32:30,1777930350,164166,12109936,4559,304,8,48.6,31,离线
2026年5月5日,5:33:00,1777930380,164166,12109936,4559,304,8,48.6,31,离线
2026年5月5日,5:33:30,1777930410,164166,12109936,4559,304,8,48.6,31,离线
2026年5月5日,5:34:00,1777930440,164166,12109936,4559,304,8,48.6,31,离线
2026年5月5日,5:34:30,1777930470,164166,12109936,4559,304,8,48.6,31,离线
2026年5月5日,5:35:00,1777930500,164166,12109936,4559,304,8,48.6,31,离线
2026年5月5日,5:35:30,1777930530,164166,12109936,4559,304,8,48.6,31,离线
2026年5月5日,5:36:00,1777930560,164166,12109936,4559,304,8,48.6,31,离线
2026年5月5日,5:36:30,1777930590,164166,12109936,4559,304,8,48.6,31,离线
2026年5月5日,5:37:00,1777930620,164166,12109936,4559,304,8,48.6,31,离线
2026年5月5日,5:37:30,1777930650,164166,12109936,4559,304,8,48.6,31,离线
2026年5月5日,5:38:00,1777930680,164166,12109936,4559,304,8,48.6,31,离线
2026年5月5日,5:38:30,1777930710,164166,12109936,4559,304,8,48.6,31,离线
2026年5月5日,5:39:00,1777930740,164166,12109936,4559,304,8,48.6,31,离线
2026年5月5日,5:39:30,1777930770,164166,12109936,4559,304,8,48.6,31,离线
2026年5月5日,5:40:00,1777930800,164166,12109936,4559,304,8,48.6,31,离线
2026年5月5日,5:40:30,1777930830,164166,12109936,4559,304,8,48.6,31,离线
2026年5月5日,5:41:00,1777930860,164166,12109936,4559,304,8,48.6,31,离线
2026年5月5日,5:41:30,1777930890,164166,12109936,4559,304,8,48.6,31,离线
2026年5月5日,5:42:00,1777930920,164166,12109936,4559,304,8,48.6,31,离线
2026年5月5日,5:42:30,1777930950,164166,12109936,4559,304,8,48.6,31,离线
2026年5月5日,5:43:00,1777930980,164166,12109936,4559,304,8,48.6,31,离线
2026年5月5日,5:43:30,1777931010,164166,12109936,4559,304,8,48.6,31,离线
2026年5月5日,5:43:59,1777931039,164166,12109936,4559,304,8,48.6,31,离线
2026年5月5日,5:44:30,1777931070,164166,12109936,4559,304,8,48.6,31,离线
2026年5月5日,5:45:00,1777931100,164166,12109936,4559,304,8,48.6,31,离线
2026年5月5日,5:45:30,1777931130,164166,12109936,4559,304,8,48.6,31,离线
2026年5月5日,5:46:00,1777931160,164166,12109936,4559,304,8,48.6,31,离线
2026年5月5日,5:46:30,1777931190,164166,12109936,4559,304,8,48.6,31,离线
2026年5月5日,5:47:00,1777931220,164166,12109936,4559,304,8,48.6,31,离线
2026年5月5日,5:47:30,1777931250,164166,12109936,4559,304,8,48.6,31,离线
2026年5月5日,5:48:00,1777931280,164166,12109936,4559,304,8,48.6,31,离线
2026年5月5日,5:48:30,1777931310,164166,12109936,4559,304,8,48.6,31,离线
2026年5月5日,5:48:59,1777931339,164166,12109936,4559,304,8,48.6,31,离线
2026年5月5日,5:49:30,1777931370,164166,12109936,4559,304,8,48.6,31,离线
2026年5月5日,5:50:00,1777931400,164166,12109936,4559,304,8,48.6,31,离线
2026年5月5日,5:50:30,1777931430,164166,12109936,4559,304,8,48.6,31,离线
2026年5月5日,5:51:00,1777931460,164166,12109936,4559,304,8,48.6,31,离线
2026年5月5日,5:51:30,1777931490,164166,12109936,4559,304,8,48.6,31,离线
2026年5月5日,5:52:00,1777931520,164166,12109936,4559,304,8,48.6,31,离线
2026年5月5日,5:52:30,1777931550,164166,12109936,4559,304,8,48.6,31,离线
2026年5月5日,5:53:00,1777931580,164166,12109936,4559,304,8,48.6,31,离线
2026年5月5日,5:53:30,1777931610,164166,12109936,4559,304,8,48.6,31,离线
2026年5月5日,5:54:00,1777931640,164166,12109936,4559,304,8,48.6,31,离线
2026年5月5日,5:54:30,1777931670,164166,12109936,4559,304,8,48.6,31,离线
2026年5月5日,5:55:00,1777931700,164166,12109936,4559,304,8,48.6,31,离线
2026年5月5日,5:55:30,1777931730,164166,12109936,4559,304,8,48.6,31,离线
2026年5月5日,5:56:00,1777931760,164166,12109936,4559,304,8,48.6,31,离线
2026年5月5日,5:56:29,1777931789,164166,12109936,4559,304,8,48.6,31,离线
2026年5月5日,5:56:59,1777931819,164166,12109936,4559,304,8,48.6,31,离线
2026年5月5日,5:57:30,1777931850,164166,12109936,4559,304,8,48.6,31,离线
2026年5月5日,5:57:59,1777931879,164166,12109936,4559,304,8,48.6,31,离线
2026年5月5日,5:58:30,1777931910,164166,12109936,4559,304,8,48.6,31,离线
2026年5月5日,5:59:00,1777931940,164166,12109936,4559,304,8,48.6,31,离线
2026年5月5日,5:59:30,1777931970,164166,12109936,4559,304,8,48.6,31,离线
2026年5月5日,6:00:00,1777932000,164166,12109936,4559,304,8,48.6,31,离线
2026年5月5日,6:00:30,1777932030,164166,12109936,4559,304,8,48.6,31,离线
2026年5月5日,6:01:00,1777932060,164166,12109936,4559,304,8,48.6,31,离线
2026年5月5日,6:01:30,1777932090,164166,12109936,4559,304,8,48.6,31,离线
2026年5月5日,6:02:00,1777932120,164166,12109936,4559,304,8,48.6,31,离线
2026年5月5日,6:02:30,1777932150,164166,12109936,4559,304,8,48.6,31,离线
2026年5月5日,6:03:00,1777932180,164166,12109936,4559,304,8,48.6,31,离线
2026年5月5日,6:03:30,1777932210,164166,12109936,4559,304,8,48.6,31,离线
2026年5月5日,6:04:00,1777932240,164166,12109936,4559,304,8,48.6,31,离线
2026年5月5日,6:04:30,1777932270,164166,12109936,4559,304,8,48.6,31,离线
2026年5月5日,6:04:59,1777932299,164166,12109936,4559,304,8,48.6,31,离线
2026年5月5日,6:05:30,1777932330,164166,12109936,4559,304,8,48.6,31,离线
2026年5月5日,6:06:00,1777932360,164166,12109936,4559,304,8,48.6,31,离线
2026年5月5日,6:06:30,1777932390,164166,12109936,4559,304,8,48.6,31,离线
2026年5月5日,6:07:00,1777932420,164166,12109936,4559,304,8,48.6,31,离线
2026年5月5日,6:07:30,1777932450,164166,12109936,4559,304,8,48.6,31,离线
2026年5月5日,6:08:00,1777932480,164166,12109936,4559,304,8,48.6,31,离线
2026年5月5日,6:08:30,1777932510,164166,12109936,4559,304,8,48.6,31,离线
2026年5月5日,6:09:00,1777932540,164166,12109936,4559,304,8,48.6,31,离线
2026年5月5日,6:09:29,1777932569,164166,12109936,4559,304,8,48.6,31,离线
2026年5月5日,6:10:00,1777932600,164166,12109936,4559,304,8,48.6,31,离线
2026年5月5日,6:10:30,1777932630,164166,12109936,4559,304,8,48.6,31,离线
2026年5月5日,6:11:00,1777932660,164166,12109936,4559,304,8,48.6,31,离线
2026年5月5日,6:11:30,1777932690,164166,12109936,4559,304,8,48.6,31,离线
2026年5月5日,6:12:00,1777932720,164166,12109936,4559,304,8,48.6,31,离线
2026年5月5日,6:12:29,1777932749,164166,12109936,4559,304,8,48.6,31,离线
2026年5月5日,6:13:00,1777932780,164166,12109936,4559,304,8,48.6,31,离线
2026年5月5日,6:13:30,1777932810,164166,12109936,4559,304,8,48.6,31,离线
2026年5月5日,6:13:59,1777932839,164166,12109936,4559,304,8,48.6,31,离线
2026年5月5日,6:14:30,1777932870,164166,12109936,4559,304,8,48.6,31,离线
2026年5月5日,6:14:59,1777932899,164166,12109936,4559,304,8,48.6,31,离线
2026年5月5日,6:15:30,1777932930,164166,12109936,4559,304,8,48.6,31,离线
2026年5月5日,6:15:59,1777932959,164166,12109936,4559,304,8,48.6,31,离线
2026年5月5日,6:16:29,1777932989,164166,12109936,4559,304,8,48.6,31,离线
2026年5月5日,6:17:00,1777933020,164166,12109936,4559,304,8,48.6,31,离线
2026年5月5日,6:17:29,1777933049,164166,12109936,4559,304,8,48.6,31,离线
2026年5月5日,6:18:00,1777933080,164166,12109936,4559,304,8,48.6,31,离线
2026年5月5日,6:18:30,1777933110,164166,12109936,4559,304,8,48.6,31,离线
2026年5月5日,6:18:59,1777933139,164166,12109936,4559,304,8,48.6,31,离线
2026年5月5日,6:19:29,1777933169,164166,12109936,4559,304,8,48.6,31,离线
2026年5月5日,6:20:00,1777933200,164166,12109936,4559,304,8,48.6,31,离线
2026年5月5日,6:20:29,1777933229,164166,12109936,4559,304,8,48.6,31,离线
2026年5月5日,6:21:00,1777933260,164166,12109936,4559,304,8,48.6,31,离线
2026年5月5日,6:21:30,1777933290,164166,12109936,4559,304,8,48.6,31,离线
2026年5月5日,6:22:00,1777933320,164166,12109936,4559,304,8,48.6,31,离线
2026年5月5日,6:22:30,1777933350,164166,12109936,4559,304,8,48.6,31,离线
2026年5月5日,6:22:59,1777933379,164166,12109936,4559,304,8,48.6,31,离线
2026年5月5日,6:23:29,1777933409,164166,12109936,4559,304,8,48.6,31,离线
2026年5月5日,6:23:59,1777933439,164166,12109936,4559,304,8,48.6,31,离线
2026年5月5日,6:24:30,1777933470,164166,12109936,4559,304,8,48.6,31,离线
2026年5月5日,6:24:59,1777933499,164166,12109936,4559,304,8,48.6,31,离线
2026年5月5日,6:25:30,1777933530,164166,12109936,4559,304,8,48.6,31,离线
2026年5月5日,6:26:00,1777933560,164166,12109936,4559,304,8,48.6,31,离线
2026年5月5日,6:26:30,1777933590,164166,12109936,4559,304,8,48.6,31,离线
2026年5月5日,6:27:00,1777933620,164166,12109936,4559,304,8,48.6,31,离线
2026年5月5日,6:27:30,1777933650,164166,12109936,4559,304,8,48.6,31,离线
2026年5月5日,6:28:00,1777933680,164166,12109936,4559,304,8,48.6,31,离线
2026年5月5日,6:28:30,1777933710,164166,12109936,4559,304,8,48.6,31,离线
2026年5月5日,6:29:00,1777933740,164166,12109936,4559,304,8,48.6,31,离线
2026年5月5日,6:29:29,1777933769,164166,12109936,4559,304,8,48.6,31,离线
2026年5月5日,6:29:59,1777933799,164166,12109936,4559,304,8,48.6,31,离线
2026年5月5日,6:30:29,1777933829,164166,12109936,4559,304,8,48.6,31,离线
2026年5月5日,6:30:59,1777933859,164166,12109936,4559,304,8,48.6,31,离线
2026年5月5日,6:31:30,1777933890,164166,12109936,4559,304,8,48.6,31,离线
2026年5月5日,6:32:00,1777933920,164166,12109936,4559,304,8,48.6,31,离线
2026年5月5日,6:32:30,1777933950,164166,12109936,4559,304,8,48.6,31,离线
2026年5月5日,6:32:59,1777933979,164166,12109936,4559,304,8,48.6,31,离线
2026年5月5日,6:33:29,1777934009,164166,12109936,4559,304,8,48.6,31,离线
2026年5月5日,6:34:00,1777934040,164166,12109936,4559,304,8,48.6,31,离线
2026年5月5日,6:34:30,1777934070,164166,12109936,4559,304,8,48.6,31,离线
2026年5月5日,6:34:59,1777934099,164166,12109936,4559,304,8,48.6,31,离线
2026年5月5日,6:35:30,1777934130,164166,12109936,4559,304,8,48.6,31,离线
2026年5月5日,6:36:00,1777934160,164166,12109936,4559,304,8,48.6,31,离线
2026年5月5日,6:36:30,1777934190,164166,12109936,4559,304,8,48.6,31,离线
2026年5月5日,6:37:00,1777934220,164166,12109936,4559,304,8,48.6,31,离线
2026年5月5日,6:37:30,1777934250,164166,12109936,4559,304,8,48.6,31,离线
2026年5月5日,6:37:59,1777934279,164166,12109936,4559,304,8,48.6,31,离线
2026年5月5日,6:38:29,1777934309,164166,12109936,4559,304,8,48.6,31,离线
2026年5月5日,6:38:59,1777934339,164166,12109936,4559,304,8,48.6,31,离线
2026年5月5日,6:39:29,1777934369,164166,12109936,4559,304,8,48.6,31,离线
2026年5月5日,6:39:59,1777934399,164166,12109936,4559,304,8,48.6,31,离线
2026年5月5日,6:40:29,1777934429,164166,12109936,4559,304,8,48.6,31,离线
2026年5月5日,6:40:59,1777934459,164166,12109936,4559,304,8,48.6,31,离线
2026年5月5日,6:41:29,1777934489,164166,12109936,4559,304,8,48.6,31,离线
2026年5月5日,6:41:59,1777934519,164166,12109936,4559,304,8,48.6,31,离线
2026年5月5日,6:42:29,1777934549,164166,12109936,4559,304,8,48.6,31,离线
2026年5月5日,6:43:00,1777934580,164166,12109936,4559,304,8,48.6,31,离线
2026年5月5日,6:43:29,1777934609,164166,12109936,4559,304,8,48.6,31,离线
2026年5月5日,6:44:00,1777934640,164166,12109936,4559,304,8,48.6,31,离线
2026年5月5日,6:44:30,1777934670,164166,12109936,4559,304,8,48.6,31,离线
2026年5月5日,6:45:00,1777934700,164166,12109936,4559,304,8,48.6,31,离线
2026年5月5日,6:45:29,1777934729,164166,12109936,4559,304,8,48.6,31,离线
2026年5月5日,6:45:59,1777934759,164166,12109936,4559,304,8,48.6,31,离线
2026年5月5日,6:46:29,1777934789,164166,12109936,4559,304,8,48.6,31,离线
2026年5月5日,6:46:59,1777934819,164166,12109936,4559,304,8,48.6,31,离线
2026年5月5日,6:47:29,1777934849,164166,12109936,4559,304,8,48.6,31,离线
2026年5月5日,6:47:59,1777934879,164166,12109936,4559,304,8,48.6,31,离线
2026年5月5日,6:48:30,1777934910,164166,12109936,4559,304,8,48.6,31,离线
2026年5月5日,6:48:59,1777934939,164166,12109936,4559,304,8,48.6,31,离线
2026年5月5日,6:49:29,1777934969,164166,12109936,4559,304,8,48.6,31,离线
2026年5月5日,6:49:59,1777934999,164166,12109936,4559,304,8,48.6,31,离线
2026年5月5日,6:50:29,1777935029,164166,12109936,4559,304,8,48.6,31,离线
2026年5月5日,6:50:59,1777935059,164166,12109936,4559,304,8,48.6,31,离线
2026年5月5日,6:51:30,1777935090,164166,12109936,4559,304,8,48.6,31,离线
2026年5月5日,6:52:00,1777935120,164166,12109936,4559,304,8,48.6,31,离线
2026年5月5日,6:52:30,1777935150,164166,12109936,4559,304,8,48.6,31,离线
2026年5月5日,6:53:00,1777935180,164166,12109936,4559,304,8,48.6,31,离线
2026年5月5日,6:53:30,1777935210,164166,12109936,4559,304,8,48.6,31,离线
2026年5月5日,6:54:00,1777935240,164166,12109936,4559,304,8,48.6,31,离线
2026年5月5日,6:54:29,1777935269,164166,12109936,4559,304,8,48.6,31,离线
2026年5月5日,6:54:59,1777935299,164166,12109936,4559,304,8,48.6,31,离线
2026年5月5日,6:55:30,1777935330,164166,12109936,4559,304,8,48.6,31,离线
2026年5月5日,6:55:59,1777935359,164166,12109936,4559,304,8,48.6,31,离线
2026年5月5日,6:56:29,1777935389,164166,12109936,4559,304,8,48.6,31,离线
2026年5月5日,6:56:59,1777935419,164166,12109936,4559,304,8,48.6,31,离线
2026年5月5日,6:57:29,1777935449,164166,12109936,4559,304,8,48.6,31,离线
2026年5月5日,6:58:00,1777935480,164166,12109936,4559,304,8,48.6,31,离线
2026年5月5日,6:58:29,1777935509,164166,12109936,4559,304,8,48.6,31,离线
2026年5月5日,6:58:59,1777935539,164166,12109936,4559,304,8,48.6,31,离线
2026年5月5日,6:59:30,1777935570,164166,12109936,4559,304,8,48.6,31,离线
2026年5月5日,6:59:59,1777935599,164166,12109936,4559,304,8,48.6,31,离线
2026年5月5日,7:00:29,1777935629,164166,12109936,4559,304,8,48.6,31,离线
2026年5月5日,7:00:59,1777935659,164166,12109936,4559,304,8,48.6,31,离线
2026年5月5日,7:01:30,1777935690,164166,12109936,4559,304,8,48.6,31,离线
2026年5月5日,7:01:59,1777935719,164166,12109936,4559,304,8,48.6,31,离线
2026年5月5日,7:02:29,1777935749,164166,12109936,4559,304,8,48.6,31,离线
2026年5月5日,7:02:59,1777935779,164166,12109936,4559,304,8,48.6,31,离线
2026年5月5日,7:03:29,1777935809,164166,12109936,4559,304,8,48.6,31,离线
2026年5月5日,7:04:00,1777935840,164166,12109936,4559,304,8,48.6,31,离线
2026年5月5日,7:04:29,1777935869,164166,12109936,4559,304,8,48.6,31,离线
2026年5月5日,7:05:00,1777935900,164166,12109936,4559,304,8,48.6,31,离线
2026年5月5日,7:05:30,1777935930,164166,12109936,4559,304,8,48.6,31,离线
2026年5月5日,7:05:59,1777935959,164166,12109936,4559,304,8,48.6,31,离线
2026年5月5日,7:06:29,1777935989,164166,12109936,4559,304,8,48.6,31,离线
2026年5月5日,7:06:59,1777936019,164166,12109936,4559,304,8,48.6,31,离线
2026年5月5日,7:07:29,1777936049,164166,12109936,4559,304,8,48.6,31,离线
2026年5月5日,7:07:59,1777936079,164166,12109936,4559,304,8,48.6,31,离线
2026年5月5日,7:08:29,1777936109,164166,12109936,4559,304,8,48.6,31,离线
2026年5月5日,7:08:59,1777936139,164166,12109936,4559,304,8,48.6,31,离线
2026年5月5日,7:09:29,1777936169,164166,12109936,4559,304,8,48.6,31,离线
2026年5月5日,7:10:00,1777936200,164166,12109936,4559,304,8,48.6,31,离线
2026年5月5日,7:10:30,1777936230,164166,12109936,4559,304,8,48.6,31,离线
2026年5月5日,7:10:59,1777936259,164166,12109936,4559,304,8,48.6,31,离线
2026年5月5日,7:11:29,1777936289,164166,12109936,4559,304,8,48.6,31,离线
2026年5月5日,7:12:00,1777936320,164166,12109936,4559,304,8,48.6,31,离线
2026年5月5日,7:12:30,1777936350,164166,12109936,4559,304,8,48.6,31,离线
2026年5月5日,7:12:59,1777936379,164166,12109936,4559,304,8,48.6,31,离线
2026年5月5日,7:13:29,1777936409,164166,12109936,4559,304,8,48.6,31,离线
2026年5月5日,7:13:59,1777936439,164166,12109936,4559,304,8,48.6,31,离线
2026年5月5日,7:14:29,1777936469,164166,12109936,4559,304,8,48.6,31,离线
2026年5月5日,7:14:59,1777936499,164166,12109936,4559,304,8,48.6,31,离线
2026年5月5日,7:15:29,1777936529,164166,12109936,4559,304,8,48.6,31,离线
2026年5月5日,7:16:00,1777936560,164166,12109936,4559,304,8,48.6,31,离线
2026年5月5日,7:16:29,1777936589,164166,12109936,4559,304,8,48.6,31,离线
2026年5月5日,7:17:00,1777936620,164166,12109936,4559,304,8,48.6,31,离线
2026年5月5日,7:17:30,1777936650,164166,12109936,4559,304,8,48.6,31,离线
2026年5月5日,7:18:07,1777936687,164166,12109936,4559,304,8,48.6,31,离线
2026年5月5日,7:18:31,1777936711,164166,12109936,4559,304,8,48.6,31,离线
2026年5月5日,7:19:00,1777936740,164166,12109936,4559,304,8,48.6,31,离线
2026年5月5日,7:19:30,1777936770,164166,12109936,4559,304,8,48.6,31,离线
2026年5月5日,7:19:59,1777936799,164166,12109936,4559,304,8,48.6,31,离线
2026年5月5日,7:20:29,1777936829,164166,12109936,4559,304,8,48.6,31,离线
2026年5月5日,7:21:00,1777936860,164166,12109936,4559,304,8,48.6,31,离线
2026年5月5日,7:21:30,1777936890,164166,12109936,4559,304,8,48.6,31,离线
2026年5月5日,7:21:59,1777936919,164166,12109936,4559,304,8,48.6,31,离线
2026年5月5日,7:22:29,1777936949,164166,12109936,4559,304,8,48.6,31,离线
2026年5月5日,7:22:59,1777936979,164166,12109936,4559,304,8,48.6,31,离线
2026年5月5日,7:23:29,1777937009,164166,12109936,4559,304,8,48.6,31,离线
2026年5月5日,7:23:59,1777937039,164166,12109936,4559,304,8,48.6,31,离线
2026年5月5日,7:24:29,1777937069,164166,12109936,4559,304,8,48.6,31,离线
2026年5月5日,7:24:59,1777937099,164166,12109936,4559,304,8,48.6,31,离线
2026年5月5日,7:25:29,1777937129,164166,12109936,4559,304,8,48.6,31,离线
2026年5月5日,7:25:59,1777937159,164166,12109936,4559,304,8,48.6,31,离线
2026年5月5日,7:26:29,1777937189,164166,12109936,4559,304,8,48.6,31,离线
2026年5月5日,7:26:59,1777937219,164166,12109936,4559,304,8,48.6,31,离线
2026年5月5日,7:27:29,1777937249,164166,12109936,4559,304,8,48.6,31,离线
2026年5月5日,7:27:59,1777937279,164166,12109936,4559,304,8,48.6,31,离线
2026年5月5日,7:28:29,1777937309,164166,12109936,4559,304,8,48.6,31,离线
2026年5月5日,7:28:59,1777937339,164166,12109936,4559,304,8,48.6,31,离线
2026年5月5日,7:29:29,1777937369,164166,12109936,4559,304,8,48.6,31,离线
2026年5月5日,7:29:59,1777937399,164166,12109936,4559,304,8,48.6,31,离线
2026年5月5日,7:30:30,1777937430,164166,12109936,4559,304,8,48.6,31,离线
2026年5月5日,7:30:59,1777937459,164166,12109936,4559,304,8,48.6,31,离线
2026年5月5日,7:31:30,1777937490,164166,12109936,4559,304,8,48.6,31,离线
2026年5月5日,7:32:00,1777937520,164166,12109936,4559,304,8,48.6,31,离线
2026年5月5日,7:32:29,1777937549,164166,12109936,4559,304,8,48.6,31,离线
2026年5月5日,7:32:59,1777937579,164166,12109936,4559,304,8,48.6,31,离线
2026年5月5日,7:33:29,1777937609,164166,12109936,4559,304,8,48.6,31,离线
2026年5月5日,7:33:59,1777937639,164166,12109936,4559,304,8,48.6,31,离线
2026年5月5日,7:34:30,1777937670,164166,12109936,4559,304,8,48.6,31,离线
2026年5月5日,7:34:59,1777937699,164166,12109936,4559,304,8,48.6,31,离线
2026年5月5日,7:35:29,1777937729,164166,12109936,4559,304,8,48.6,31,离线
2026年5月5日,7:35:59,1777937759,164166,12109936,4559,304,8,48.6,31,离线
2026年5月5日,7:36:29,1777937789,164166,12109936,4559,304,8,48.6,31,离线
2026年5月5日,7:37:00,1777937820,164166,12109936,4559,304,8,48.6,31,离线
2026年5月5日,7:37:29,1777937849,164166,12109936,4559,304,8,48.6,31,离线
2026年5月5日,7:37:59,1777937879,164166,12109936,4559,304,8,48.6,31,离线
2026年5月5日,7:38:29,1777937909,164166,12109936,4559,304,8,48.6,31,离线
2026年5月5日,7:38:59,1777937939,164166,12109936,4559,304,8,48.6,31,离线
2026年5月5日,7:39:29,1777937969,164166,12109936,4559,304,8,48.6,31,离线
2026年5月5日,7:39:59,1777937999,164166,12109936,4559,304,8,48.6,31,离线
2026年5月5日,7:40:29,1777938029,164166,12109936,4559,304,8,48.6,31,离线
2026年5月5日,7:40:59,1777938059,164166,12109936,4559,304,8,48.6,31,离线
2026年5月5日,7:41:30,1777938090,164166,12109936,4559,304,8,48.6,31,离线
2026年5月5日,7:42:00,1777938120,164166,12109936,4559,304,8,48.6,31,离线
2026年5月5日,7:42:30,1777938150,164166,12109936,4559,304,8,48.6,31,离线
2026年5月5日,7:43:00,1777938180,164166,12109936,4559,304,8,48.6,31,离线
2026年5月5日,7:43:29,1777938209,164166,12109936,4559,304,8,48.6,31,离线
2026年5月5日,7:44:00,1777938240,164166,12109936,4559,304,8,48.6,31,离线
2026年5月5日,7:44:29,1777938269,164166,12109936,4559,304,8,48.6,31,离线
2026年5月5日,7:44:59,1777938299,164166,12109936,4559,304,8,48.6,31,离线
2026年5月5日,7:45:29,1777938329,164166,12109936,4559,304,8,48.6,31,离线
2026年5月5日,7:45:59,1777938359,164166,12109936,4559,304,8,48.6,31,离线
2026年5月5日,7:46:29,1777938389,164166,12109936,4559,304,8,48.6,31,离线
2026年5月5日,7:46:59,1777938419,164166,12109936,4559,304,8,48.6,31,离线
2026年5月5日,7:47:29,1777938449,164166,12109936,4559,304,8,48.6,31,离线
2026年5月5日,7:48:00,1777938480,164166,12109936,4559,304,8,48.6,31,离线
2026年5月5日,7:48:29,1777938509,164166,12109936,4559,304,8,48.6,31,离线
2026年5月5日,7:48:59,1777938539,164166,12109936,4559,304,8,48.6,31,离线
2026年5月5日,7:49:30,1777938570,164166,12109936,4559,304,8,48.6,31,离线
2026年5月5日,7:49:59,1777938599,164166,12109936,4559,304,8,48.6,31,离线
2026年5月5日,7:50:29,1777938629,164166,12109936,4559,304,8,48.6,31,离线
2026年5月5日,7:50:59,1777938659,164166,12109936,4559,304,8,48.6,31,离线
2026年5月5日,7:51:30,1777938690,164166,12109936,4559,304,8,48.6,31,离线
2026年5月5日,7:51:59,1777938719,164166,12109936,4559,304,8,48.6,31,离线
2026年5月5日,7:52:29,1777938749,164166,12109936,4559,304,8,48.6,31,离线
2026年5月5日,7:53:00,1777938780,164166,12109936,4559,304,8,48.6,31,离线
2026年5月5日,7:53:30,1777938810,164166,12109936,4559,304,8,48.6,31,离线
2026年5月5日,7:53:59,1777938839,164166,12109936,4559,304,8,48.6,31,离线
2026年5月5日,7:54:29,1777938869,164166,12109936,4559,304,8,48.6,31,离线
2026年5月5日,7:54:59,1777938899,164166,12109936,4559,304,8,48.6,31,离线
2026年5月5日,7:55:29,1777938929,164166,12109936,4559,304,8,48.6,31,离线
2026年5月5日,7:55:59,1777938959,164166,12109936,4559,304,8,48.6,31,离线
2026年5月5日,7:56:30,1777938990,164166,12109936,4559,304,8,48.6,31,离线
2026年5月5日,7:56:59,1777939019,164166,12109936,4559,304,8,48.6,31,离线
2026年5月5日,7:57:29,1777939049,164166,12109936,4559,304,8,48.6,31,离线
2026年5月5日,7:57:59,1777939079,164166,12109936,4559,304,8,48.6,31,离线
2026年5月5日,7:58:29,1777939109,164166,12109936,4559,304,8,48.6,31,离线
2026年5月5日,7:59:00,1777939140,164166,12109936,4559,304,8,48.6,31,离线
2026年5月5日,7:59:29,1777939169,164166,12109936,4559,304,8,48.6,31,离线
2026年5月5日,7:59:59,1777939199,164166,12109936,4559,304,8,48.6,31,离线
2026年5月5日,8:00:29,1777939229,164166,12109936,4559,304,8,48.6,31,离线
2026年5月5日,8:00:59,1777939259,164166,12109936,4559,304,8,48.6,31,离线
2026年5月5日,8:01:29,1777939289,164166,12109936,4559,304,8,48.6,31,离线
2026年5月5日,8:01:59,1777939319,164166,12109936,4559,304,8,48.6,31,离线
2026年5月5日,8:02:29,1777939349,164166,12109936,4559,304,8,48.6,31,离线
2026年5月5日,8:02:59,1777939379,164166,12109936,4559,304,8,48.6,31,离线
2026年5月5日,8:03:29,1777939409,164166,12109936,4559,304,8,48.6,31,离线
2026年5月5日,8:03:59,1777939439,164166,12109936,4559,304,8,48.6,31,离线
2026年5月5日,8:04:30,1777939470,164166,12109936,4559,304,8,48.6,31,离线
2026年5月5日,8:04:59,1777939499,164166,12109936,4559,304,8,48.6,31,离线
2026年5月5日,8:05:29,1777939529,164166,12109936,4559,304,8,48.6,31,离线
2026年5月5日,8:05:59,1777939559,164166,12109936,4559,304,8,48.6,31,离线
2026年5月5日,8:06:29,1777939589,164166,12109936,4559,304,8,48.6,31,离线
2026年5月5日,8:06:59,1777939619,164166,12109936,4559,304,8,48.6,31,离线
2026年5月5日,8:07:30,1777939650,164166,12109936,4559,304,8,48.6,31,离线
2026年5月5日,8:07:59,1777939679,164166,12109936,4559,304,8,48.6,31,离线
2026年5月5日,8:08:29,1777939709,164166,12109936,4559,304,8,48.6,31,离线
2026年5月5日,8:08:59,1777939739,164166,12109936,4559,304,8,48.6,31,离线
2026年5月5日,8:09:29,1777939769,164166,12109936,4559,304,8,48.6,31,离线
2026年5月5日,8:10:00,1777939800,164166,12109936,4559,304,8,48.6,31,离线
2026年5月5日,8:10:29,1777939829,164166,12109936,4559,304,8,48.6,31,离线
2026年5月5日,8:10:59,1777939859,164166,12109936,4559,304,8,48.6,31,离线
2026年5月5日,8:11:30,1777939890,164166,12109936,4559,304,8,48.6,31,离线
2026年5月5日,8:11:59,1777939919,164166,12109936,4559,304,8,48.6,31,离线
2026年5月5日,8:12:29,1777939949,164166,12109936,4559,304,8,48.6,31,离线
2026年5月5日,8:12:59,1777939979,164166,12109936,4559,304,8,48.6,31,离线
2026年5月5日,8:13:29,1777940009,164166,12109936,4559,304,8,48.6,31,离线
2026年5月5日,8:13:59,1777940039,164166,12109936,4559,304,8,48.6,31,离线
2026年5月5日,8:14:29,1777940069,164166,12109936,4559,304,8,48.6,31,离线
2026年5月5日,8:14:59,1777940099,164166,12109936,4559,304,8,48.6,31,离线
2026年5月5日,8:15:30,1777940130,164166,12109936,4559,304,8,48.6,31,离线
2026年5月5日,8:15:59,1777940159,164166,12109936,4559,304,8,48.6,31,离线
2026年5月5日,8:16:29,1777940189,164166,12109936,4559,304,8,48.6,31,离线
2026年5月5日,8:16:59,1777940219,164166,12109936,4559,304,8,48.6,31,离线
2026年5月5日,8:17:29,1777940249,164166,12109936,4559,304,8,48.6,31,离线
2026年5月5日,8:17:59,1777940279,164166,12109936,4559,304,8,48.6,31,离线
2026年5月5日,8:18:29,1777940309,164166,12109936,4559,304,8,48.6,31,离线
2026年5月5日,8:18:59,1777940339,164166,12109936,4559,304,8,48.6,31,离线
2026年5月5日,8:19:29,1777940369,164166,12109936,4559,304,8,48.6,31,离线
2026年5月5日,8:19:59,1777940399,164166,12109936,4559,304,8,48.6,31,离线
2026年5月5日,8:20:30,1777940430,164166,12109936,4559,304,8,48.6,31,离线
2026年5月5日,8:21:00,1777940460,164166,12109936,4559,304,8,48.6,31,离线
2026年5月5日,8:21:29,1777940489,164166,12109936,4559,304,8,48.6,31,离线
2026年5月5日,8:21:59,1777940519,164166,12109936,4559,304,8,48.6,31,离线
2026年5月5日,8:22:29,1777940549,164166,12109936,4559,304,8,48.6,31,离线
2026年5月5日,8:22:59,1777940579,164166,12109936,4559,304,8,48.6,31,离线
2026年5月5日,8:23:29,1777940609,164166,12109936,4559,304,8,48.6,31,离线
2026年5月5日,8:23:59,1777940639,164166,12109936,4559,304,8,48.6,31,离线
2026年5月5日,8:24:29,1777940669,164166,12109936,4559,304,8,48.6,31,离线
2026年5月5日,8:24:59,1777940699,164166,12109936,4559,304,8,48.6,31,离线
2026年5月5日,8:25:29,1777940729,164166,12109936,4559,304,8,48.6,31,离线
2026年5月5日,8:25:59,1777940759,164166,12109936,4559,304,8,48.6,31,离线
2026年5月5日,8:26:30,1777940790,164166,12109936,4559,304,8,48.6,31,离线
2026年5月5日,8:26:59,1777940819,164166,12109936,4559,304,8,48.6,31,离线
2026年5月5日,8:27:29,1777940849,164166,12109936,4559,304,8,48.6,31,离线
2026年5月5日,8:28:00,1777940880,164166,12109936,4559,304,8,48.6,31,离线
2026年5月5日,8:28:29,1777940909,164166,12109936,4559,304,8,48.6,31,离线
2026年5月5日,8:28:59,1777940939,164166,12109936,4559,304,8,48.6,31,离线
2026年5月5日,8:29:29,1777940969,164166,12109936,4559,304,8,48.6,31,离线
2026年5月5日,8:30:00,1777941000,164166,12109936,4559,304,8,48.6,31,离线
2026年5月5日,8:30:29,1777941029,164166,12109936,4559,304,8,48.6,31,离线
2026年5月5日,8:30:59,1777941059,164166,12109936,4559,304,8,48.6,31,离线
2026年5月5日,8:31:29,1777941089,164166,12109936,4559,304,8,48.6,31,离线
2026年5月5日,8:32:00,1777941120,164166,12109936,4559,304,8,48.6,31,离线
2026年5月5日,8:32:29,1777941149,164166,12109936,4559,304,8,48.6,31,离线
2026年5月5日,8:32:59,1777941179,164166,12109936,4559,304,8,48.6,31,离线
2026年5月5日,8:33:29,1777941209,164166,12109936,4559,304,8,48.6,31,离线
2026年5月5日,8:33:59,1777941239,164166,12109936,4559,304,8,48.6,31,离线
2026年5月5日,8:34:29,1777941269,164166,12109936,4559,304,8,48.6,31,离线
2026年5月5日,8:34:59,1777941299,164166,12109936,4559,304,8,48.6,31,离线
2026年5月5日,8:35:29,1777941329,164166,12109936,4559,304,8,48.6,31,离线
2026年5月5日,8:35:59,1777941359,164166,12109936,4559,304,8,48.6,31,离线
2026年5月5日,8:36:29,1777941389,164166,12109936,4559,304,8,48.6,31,离线
2026年5月5日,8:36:59,1777941419,164166,12109936,4559,304,8,48.6,31,离线
2026年5月5日,8:37:30,1777941450,164166,12109936,4559,304,8,48.6,31,离线
2026年5月5日,8:37:59,1777941479,164166,12109936,4559,304,8,48.6,31,离线
2026年5月5日,8:38:29,1777941509,164166,12109936,4559,304,8,48.6,31,离线
2026年5月5日,8:38:59,1777941539,164166,12109936,4559,304,8,48.6,31,离线
2026年5月5日,8:39:29,1777941569,164166,12109936,4559,304,8,48.6,31,离线
2026年5月5日,8:39:59,1777941599,164166,12109936,4559,304,8,48.6,31,离线
2026年5月5日,8:40:29,1777941629,164166,12109936,4559,304,8,48.6,31,离线
2026年5月5日,8:40:59,1777941659,164166,12109936,4559,304,8,48.6,31,离线
2026年5月5日,8:41:29,1777941689,164166,12109936,4559,304,8,48.6,31,离线
2026年5月5日,8:41:59,1777941719,164166,12109936,4559,304,8,48.6,31,离线
2026年5月5日,8:42:29,1777941749,164166,12109936,4559,304,8,48.6,31,离线
2026年5月5日,8:43:00,1777941780,164166,12109936,4559,304,8,48.6,31,离线
2026年5月5日,8:43:29,1777941809,164166,12109936,4559,304,8,48.6,31,离线
2026年5月5日,8:43:59,1777941839,164166,12109936,4559,304,8,48.6,31,离线
2026年5月5日,8:44:29,1777941869,164166,12109936,4559,304,8,48.6,31,离线
2026年5月5日,8:44:59,1777941899,164166,12109936,4559,304,8,48.6,31,离线
2026年5月5日,8:45:29,1777941929,164166,12109936,4559,304,8,48.6,31,离线
2026年5月5日,8:45:59,1777941959,164166,12109936,4559,304,8,48.6,31,离线
2026年5月5日,8:46:29,1777941989,164166,12109936,4559,304,8,48.6,31,离线
2026年5月5日,8:46:59,1777942019,164166,12109936,4559,304,8,48.6,31,离线
2026年5月5日,8:47:29,1777942049,164166,12109936,4559,304,8,48.6,31,离线
2026年5月5日,8:47:59,1777942079,164166,12109936,4559,304,8,48.6,31,离线
2026年5月5日,8:48:30,1777942110,164166,12109936,4559,304,8,48.6,31,离线
2026年5月5日,8:48:59,1777942139,164166,12109936,4559,304,8,48.6,31,离线
2026年5月5日,8:49:29,1777942169,164166,12109936,4559,304,8,48.6,31,离线
2026年5月5日,8:49:59,1777942199,164166,12109936,4559,304,8,48.6,31,离线
2026年5月5日,8:50:29,1777942229,164166,12109936,4559,304,8,48.6,31,离线
2026年5月5日,8:50:59,1777942259,164166,12109936,4559,304,8,48.6,31,离线
2026年5月5日,8:51:29,1777942289,164166,12109936,4559,304,8,48.6,31,离线
2026年5月5日,8:51:59,1777942319,164166,12109936,4559,304,8,48.6,31,离线
2026年5月5日,8:52:29,1777942349,164166,12109936,4559,304,8,48.6,31,离线
2026年5月5日,8:52:59,1777942379,164166,12109936,4559,304,8,48.6,31,离线
2026年5月5日,8:53:29,1777942409,164166,12109936,4559,304,8,48.6,31,离线
2026年5月5日,8:54:00,1777942440,164166,12109936,4559,304,8,48.6,31,离线
2026年5月5日,8:54:29,1777942469,164166,12109936,4559,304,8,48.6,31,离线
2026年5月5日,8:54:59,1777942499,164166,12109936,4559,304,8,48.6,31,离线
2026年5月5日,8:55:30,1777942530,164166,12109936,4559,304,8,48.6,31,离线
2026年5月5日,8:56:01,1777942561,164166,12109936,4559,304,8,48.6,31,离线
2026年5月5日,8:56:32,1777942592,164166,12109936,4559,304,8,48.6,31,离线
2026年5月5日,8:57:00,1777942620,164166,12109936,4559,304,8,48.6,31,离线
2026年5月5日,8:57:29,1777942649,164166,12109936,4559,304,8,48.6,31,离线
2026年5月5日,8:57:59,1777942679,164166,12109936,4559,304,8,48.6,31,离线
2026年5月5日,8:58:29,1777942709,164166,12109936,4559,304,8,48.6,31,离线
2026年5月5日,8:58:59,1777942739,164166,12109936,4559,304,8,48.6,31,离线
2026年5月5日,8:59:30,1777942770,164166,12109936,4559,304,8,48.6,31,离线
2026年5月5日,8:59:59,1777942799,164166,12109936,4559,304,8,48.6,31,离线
2026年5月5日,9:00:29,1777942829,164166,12109936,4559,304,8,48.6,31,离线
2026年5月5日,9:00:59,1777942859,164166,12109936,4559,304,8,48.6,31,离线
2026年5月5日,9:01:29,1777942889,164166,12109936,4559,304,8,48.6,31,离线
2026年5月5日,9:01:59,1777942919,164166,12109936,4559,304,8,48.6,31,离线
2026年5月5日,9:02:29,1777942949,164166,12109936,4559,304,8,48.6,31,离线
2026年5月5日,9:02:59,1777942979,164166,12109936,4559,304,8,48.6,31,离线
2026年5月5日,9:03:29,1777943009,164166,12109936,4559,304,8,48.6,31,离线
2026年5月5日,9:03:59,1777943039,164166,12109936,4559,304,8,48.6,31,离线
2026年5月5日,9:04:29,1777943069,164166,12109936,4559,304,8,48.6,31,离线
2026年5月5日,9:05:00,1777943100,164166,12109936,4559,304,8,48.6,31,离线
2026年5月5日,9:05:29,1777943129,164166,12109936,4559,304,8,48.6,31,离线
2026年5月5日,9:05:59,1777943159,164166,12109936,4559,304,8,48.6,31,离线
2026年5月5日,9:06:29,1777943189,164166,12109936,4559,304,8,48.6,31,离线
2026年5月5日,9:06:59,1777943219,164166,12109936,4559,304,8,48.6,31,离线
2026年5月5日,9:07:29,1777943249,164166,12109936,4559,304,8,48.6,31,离线
2026年5月5日,9:07:59,1777943279,164166,12109936,4559,304,8,48.6,31,离线
2026年5月5日,9:08:29,1777943309,164166,12109936,4559,304,8,48.6,31,离线
2026年5月5日,9:08:59,1777943339,164166,12109936,4559,304,8,48.6,31,离线
2026年5月5日,9:09:29,1777943369,164166,12109936,4559,304,8,48.6,31,离线
2026年5月5日,9:09:59,1777943399,164166,12109936,4559,304,8,48.6,31,离线
2026年5月5日,9:10:30,1777943430,164166,12109936,4559,304,8,48.6,31,离线
2026年5月5日,9:10:59,1777943459,164166,12109936,4559,304,8,48.6,31,离线
2026年5月5日,9:11:29,1777943489,164166,12109936,4559,304,8,48.6,31,离线
2026年5月5日,9:11:59,1777943519,164166,12109936,4559,304,8,48.6,31,离线
2026年5月5日,9:12:29,1777943549,164166,12109936,4559,304,8,48.6,31,离线
2026年5月5日,9:12:59,1777943579,164166,12109936,4559,304,8,48.6,31,离线
2026年5月5日,9:13:29,1777943609,164166,12109936,4559,304,8,48.6,31,离线
2026年5月5日,9:13:59,1777943639,164166,12109936,4559,304,8,48.6,31,离线
2026年5月5日,9:14:29,1777943669,164166,12109936,4559,304,8,48.6,31,离线
2026年5月5日,9:14:59,1777943699,164166,12109936,4559,304,8,48.6,31,离线
2026年5月5日,9:15:32,1777943732,164166,12109936,4559,304,8,48.6,31,离线
2026年5月5日,9:15:59,1777943759,164166,12109936,4559,304,8,48.6,31,离线
2026年5月5日,9:16:30,1777943790,164166,12109936,4559,304,8,48.6,31,离线
2026年5月5日,9:17:00,1777943820,164166,12109936,4559,304,8,48.6,31,离线
2026年5月5日,9:17:31,1777943851,164166,12109936,4559,304,8,48.6,31,离线
2026年5月5日,9:18:01,1777943881,164166,12109936,4559,304,8,48.6,31,离线
2026年5月5日,9:18:33,1777943913,164166,12109936,4559,304,8,48.6,31,离线
2026年5月5日,9:19:00,1777943940,164166,12109936,4559,304,8,48.6,31,离线
2026年5月5日,9:19:30,1777943970,164166,12109936,4559,304,8,48.6,31,离线
2026年5月5日,9:19:59,1777943999,164166,12109936,4559,304,8,48.6,31,离线
2026年5月5日,9:20:30,1777944030,164166,12109936,4559,304,8,48.6,31,离线
2026年5月5日,9:21:00,1777944060,164166,12109936,4559,304,8,48.6,31,离线
2026年5月5日,9:21:30,1777944090,164166,12109936,4559,304,8,48.6,31,离线
2026年5月5日,9:21:59,1777944119,164166,12109936,4559,304,8,48.6,31,离线
2026年5月5日,9:22:29,1777944149,164166,12109936,4559,304,8,48.6,31,离线
2026年5月5日,9:23:02,1777944182,164166,12109936,4559,304,8,48.6,31,离线
2026年5月5日,9:23:29,1777944209,164166,12109936,4559,304,8,48.6,31,离线
2026年5月5日,9:23:59,1777944239,164166,12109936,4559,304,8,48.6,31,离线
2026年5月5日,9:24:29,1777944269,164166,12109936,4559,304,8,48.6,31,离线
2026年5月5日,9:24:59,1777944299,164166,12109936,4559,304,8,48.6,31,离线
2026年5月5日,9:25:29,1777944329,164166,12109936,4559,304,8,48.6,31,离线
2026年5月5日,9:26:00,1777944360,164166,12109936,4559,304,8,48.6,31,离线
2026年5月5日,9:26:29,1777944389,164166,12109936,4559,304,8,48.6,31,离线
2026年5月5日,9:26:59,1777944419,164166,12109936,4559,304,8,48.6,31,离线
2026年5月5日,9:27:29,1777944449,164166,12109936,4559,304,8,48.6,31,离线
2026年5月5日,9:27:59,1777944479,164166,12109936,4559,304,8,48.6,31,离线
2026年5月5日,9:28:29,1777944509,164166,12109936,4559,304,8,48.6,31,离线
2026年5月5日,9:28:59,1777944539,164166,12109936,4559,304,8,48.6,31,离线
2026年5月5日,9:29:29,1777944569,164166,12109936,4559,304,8,48.6,31,离线
2026年5月5日,9:29:59,1777944599,164166,12109936,4559,304,8,48.6,31,离线
2026年5月5日,9:30:29,1777944629,164166,12109936,4559,304,8,48.6,31,离线
2026年5月5日,9:30:59,1777944659,164166,12109936,4559,304,8,48.6,31,离线
2026年5月5日,9:31:30,1777944690,164166,12109936,4559,304,8,48.6,31,离线
2026年5月5日,9:31:59,1777944719,164166,12109936,4559,304,8,48.6,31,离线
2026年5月5日,9:32:29,1777944749,164166,12109936,4559,304,8,48.6,31,离线
2026年5月5日,9:32:59,1777944779,164166,12109936,4559,304,8,48.6,31,离线
2026年5月5日,9:33:29,1777944809,164166,12109936,4559,304,8,48.6,31,离线
2026年5月5日,9:33:59,1777944839,164166,12109936,4559,304,8,48.6,31,离线
2026年5月5日,9:34:29,1777944869,164166,12109936,4559,304,8,48.6,31,离线
2026年5月5日,9:34:59,1777944899,164166,12109936,4559,304,8,48.6,31,离线
2026年5月5日,9:35:29,1777944929,164166,12109936,4559,304,8,48.6,31,离线
2026年5月5日,9:35:59,1777944959,164166,12109936,4559,304,8,48.6,31,离线
2026年5月5日,9:36:29,1777944989,164166,12109936,4559,304,8,48.6,31,离线
2026年5月5日,9:37:00,1777945020,164166,12109936,4559,304,8,48.6,31,离线
2026年5月5日,9:37:29,1777945049,164166,12109936,4559,304,8,48.6,31,离线
2026年5月5日,9:37:59,1777945079,164166,12109936,4559,304,8,48.6,31,离线
2026年5月5日,9:38:29,1777945109,164166,12109936,4559,304,8,48.6,31,离线
2026年5月5日,9:38:59,1777945139,164166,12109936,4559,304,8,48.6,31,离线
2026年5月5日,9:39:29,1777945169,164166,12109936,4559,304,8,48.6,31,离线
2026年5月5日,9:39:59,1777945199,164166,12109936,4559,304,8,48.6,31,离线
2026年5月5日,9:40:29,1777945229,164166,12109936,4559,304,8,48.6,31,离线
2026年5月5日,9:40:59,1777945259,164166,12109936,4559,304,8,48.6,31,离线
2026年5月5日,9:41:29,1777945289,164166,12109936,4559,304,8,48.6,31,离线
2026年5月5日,9:41:59,1777945319,164166,12109936,4559,304,8,48.6,31,离线
2026年5月5日,9:42:30,1777945350,164166,12109936,4559,304,8,48.6,31,离线
2026年5月5日,9:42:59,1777945379,164166,12109936,4559,304,8,48.6,31,离线
2026年5月5日,9:43:29,1777945409,164166,12109936,4559,304,8,48.6,31,离线
2026年5月5日,9:43:59,1777945439,164166,12109936,4559,304,8,48.6,31,离线
2026年5月5日,9:44:29,1777945469,164166,12109936,4559,304,8,48.6,31,离线
2026年5月5日,9:44:59,1777945499,164166,12109936,4559,304,8,48.6,31,离线
2026年5月5日,9:45:29,1777945529,164166,12109936,4559,304,8,48.6,31,离线
2026年5月5日,9:45:59,1777945559,164166,12109936,4559,304,8,48.6,31,离线
2026年5月5日,9:46:29,1777945589,164166,12109936,4559,304,8,48.6,31,离线
2026年5月5日,9:46:59,1777945619,164166,12109936,4559,304,8,48.6,31,离线
2026年5月5日,9:47:29,1777945649,164166,12109936,4559,304,8,48.6,31,离线
2026年5月5日,9:48:00,1777945680,164166,12109936,4559,304,8,48.6,31,离线
2026年5月5日,9:48:29,1777945709,164166,12109936,4559,304,8,48.6,31,离线
2026年5月5日,9:48:59,1777945739,164166,12109936,4559,304,8,48.6,31,离线
2026年5月5日,9:49:29,1777945769,164166,12109936,4559,304,8,48.6,31,离线
2026年5月5日,9:49:59,1777945799,164166,12109936,4559,304,8,48.6,31,离线
2026年5月5日,9:50:29,1777945829,164166,12109936,4559,304,8,48.6,31,离线
2026年5月5日,9:50:59,1777945859,164166,12109936,4559,304,8,48.6,31,离线
2026年5月5日,9:51:29,1777945889,164166,12109936,4559,304,8,48.6,31,离线
2026年5月5日,9:52:00,1777945920,164166,12109936,4559,304,8,48.6,31,离线
2026年5月5日,9:52:29,1777945949,164166,12109936,4559,304,8,48.6,31,离线
2026年5月5日,9:52:59,1777945979,164166,12109936,4559,304,8,48.6,31,离线
2026年5月5日,9:53:30,1777946010,164166,12109936,4559,304,8,48.6,31,离线
2026年5月5日,9:53:59,1777946039,164166,12109936,4559,304,8,48.6,31,离线
2026年5月5日,9:54:29,1777946069,164166,12109936,4559,304,8,48.6,31,离线
2026年5月5日,9:54:59,1777946099,164166,12109936,4559,304,8,48.6,31,离线
2026年5月5日,9:55:29,1777946129,164166,12109936,4559,304,8,48.6,31,离线
2026年5月5日,9:55:59,1777946159,164166,12109936,4559,304,8,48.6,31,离线
2026年5月5日,9:56:29,1777946189,164166,12109936,4559,304,8,48.6,31,离线
2026年5月5日,9:56:59,1777946219,164166,12109936,4559,304,8,48.6,31,离线
2026年5月5日,9:57:29,1777946249,164166,12109936,4559,304,8,48.6,31,离线
2026年5月5日,9:57:59,1777946279,164166,12109936,4559,304,8,48.6,31,离线
2026年5月5日,9:58:29,1777946309,164166,12109936,4559,304,8,48.6,31,离线
2026年5月5日,9:59:00,1777946340,164166,12109936,4559,304,8,48.6,31,离线
2026年5月5日,9:59:29,1777946369,164166,12109936,4559,304,8,48.6,31,离线
2026年5月5日,9:59:59,1777946399,164166,12109936,4559,304,8,48.6,31,离线
2026年5月5日,10:00:29,1777946429,164166,12109936,4559,304,8,48.6,31,离线
2026年5月5日,10:00:59,1777946459,164166,12109936,4559,304,8,48.6,31,离线
2026年5月5日,10:01:29,1777946489,164166,12109936,4559,304,8,48.6,31,离线
2026年5月5日,10:01:59,1777946519,164166,12109936,4559,304,8,48.6,31,离线
2026年5月5日,10:02:29,1777946549,164166,12109936,4559,304,8,48.6,31,离线
2026年5月5日,10:02:59,1777946579,164166,12109936,4559,304,8,48.6,31,离线
2026年5月5日,10:03:29,1777946609,164166,12109936,4559,304,8,48.6,31,离线
2026年5月5日,10:03:59,1777946639,164166,12109936,4559,304,8,48.6,31,离线
2026年5月5日,10:04:30,1777946670,164166,12109936,4559,304,8,48.6,31,离线
2026年5月5日,10:04:59,1777946699,164166,12109936,4559,304,8,48.6,31,离线
2026年5月5日,10:05:29,1777946729,164166,12109936,4559,304,8,48.6,31,离线
2026年5月5日,10:05:59,1777946759,164166,12109936,4559,304,8,48.6,31,离线
2026年5月5日,10:06:29,1777946789,164166,12109936,4559,304,8,48.6,31,离线
2026年5月5日,10:06:59,1777946819,164166,12109936,4559,304,8,48.6,31,离线
2026年5月5日,10:07:29,1777946849,164166,12109936,4559,304,8,48.6,31,离线
2026年5月5日,10:07:59,1777946879,164166,12109936,4559,304,8,48.6,31,离线
2026年5月5日,10:08:29,1777946909,164166,12109936,4559,304,8,48.6,31,离线
2026年5月5日,10:08:59,1777946939,164166,12109936,4559,304,8,48.6,31,离线
2026年5月5日,10:09:29,1777946969,164166,12109936,4559,304,8,48.6,31,离线
2026年5月5日,10:10:00,1777947000,164166,12109936,4559,304,8,48.6,31,离线
2026年5月5日,10:10:29,1777947029,164166,12109936,4559,304,8,48.6,31,离线
2026年5月5日,10:10:59,1777947059,164166,12109936,4559,304,8,48.6,31,离线
2026年5月5日,10:11:29,1777947089,164166,12109936,4554,248,7,47.19,23,在线
2026年5月5日,10:11:59,1777947119,164166,12109936,4554,248,7,47.19,23,在线
2026年5月5日,10:12:29,1777947149,164166,12109936,4364,248,5,0,23,在线
2026年5月5日,10:14:59,1777947299,164166,12109936,4364,248,5,0,23,在线
2026年5月5日,10:17:29,1777947449,164166,12109936,4413,0,0,0,23,在线
2026年5月5日,10:17:59,1777947479,164166,12109936,4413,0,0,0,23,在线
2026年5月5日,10:18:59,1777947539,164166,12107477,5404,4479,100,0,26,在线
2026年5月5日,10:19:59,1777947599,164166,12107477,5248,4470,100,46.81,26,在线
2026年5月5日,10:20:29,1777947629,164166,12107477,5248,4470,100,46.81,26,在线
2026年5月5日,10:21:00,1777947660,164166,12107477,5248,4470,100,46.81,26,在线
2026年5月5日,10:21:29,1777947689,164166,12107477,5248,4470,100,46.81,26,在线
2026年5月5日,10:21:59,1777947719,164166,12107477,5248,4470,100,46.81,26,在线
2026年5月5日,10:22:29,1777947749,164166,12107477,5248,4470,100,46.81,26,在线
2026年5月5日,10:22:59,1777947779,164166,12107477,5248,4470,100,46.81,26,在线
2026年5月5日,10:23:29,1777947809,164166,12107477,5248,4470,100,46.81,26,在线
2026年5月5日,10:23:59,1777947839,164166,12107477,5248,4470,100,46.81,26,在线
2026年5月5日,10:24:29,1777947869,164166,12107477,5248,4470,100,46.81,26,在线
2026年5月5日,10:24:59,1777947899,164166,12107477,5173,4470,95,47.9,27,在线
2026年5月5日,10:25:29,1777947929,164166,12107477,5173,4470,95,47.9,27,在线
2026年5月5日,10:25:59,1777947959,164166,12107477,5173,4470,95,47.9,27,在线
2026年5月5日,10:26:30,1777947990,164166,12107477,5173,4470,95,47.9,27,在线
2026年5月5日,10:26:59,1777948019,164166,12107477,5173,4470,95,47.9,27,在线
2026年5月5日,10:27:29,1777948049,164166,12107477,5173,4470,95,47.9,27,在线
2026年5月5日,10:27:59,1777948079,164166,12107477,5173,4470,95,47.9,27,在线
2026年5月5日,10:28:29,1777948109,164166,12107477,5173,4470,95,47.9,27,在线
2026年5月5日,10:28:59,1777948139,164166,12107477,5173,4470,95,47.9,27,在线
2026年5月5日,10:29:29,1777948169,164166,12107477,5307,4124,92,0,28,在线
2026年5月5日,10:29:59,1777948199,164166,12107477,5307,4124,92,0,28,在线
2026年5月5日,10:39:59,1777948799,164166,12107477,5320,4124,92,0,28,在线
2026年5月5日,10:44:29,1777949069,164166,12107477,5284,4124,92,0,28,在线
2026年5月5日,10:44:59,1777949099,164166,12107477,5284,4124,92,10.52,28,在线
2026年5月5日,10:45:29,1777949129,164166,12107477,5320,4117,92,0,28,在线
2026年5月5日,10:45:59,1777949159,164166,12107477,5320,4117,92,0,28,在线
2026年5月5日,10:46:29,1777949189,164166,12107477,5205,4117,92,45.14,28,在线
2026年5月5日,10:46:59,1777949219,164166,12107477,5205,4117,92,45.14,28,在线
2026年5月5日,10:47:29,1777949249,164166,12107477,5205,4117,92,45.14,28,在线
2026年5月5日,10:47:59,1777949279,164166,12107477,5205,4117,92,45.14,28,在线
2026年5月5日,10:48:30,1777949310,164166,12107477,5205,4117,92,45.14,28,在线
2026年5月5日,10:48:59,1777949339,164166,12107477,5205,4117,92,45.14,28,在线
2026年5月5日,10:49:29,1777949369,164166,12107477,5205,4117,92,45.14,28,在线
2026年5月5日,10:49:59,1777949399,164166,12107477,5205,4117,92,45.14,28,在线
2026年5月5日,10:50:29,1777949429,164166,12107477,5205,4117,92,45.14,28,在线
2026年5月5日,10:50:59,1777949459,164166,12107477,5205,4117,92,45.14,28,在线
2026年5月5日,10:51:29,1777949489,164166,12107477,5190,4005,90,46.34,28,在线
2026年5月5日,10:51:59,1777949519,164166,12107477,5190,4005,90,46.34,28,在线
2026年5月5日,10:52:29,1777949549,164166,12107477,5190,4005,90,46.34,28,在线
2026年5月5日,10:52:59,1777949579,164166,12107477,5190,4005,90,46.34,28,在线
2026年5月5日,10:53:29,1777949609,164166,12107477,5190,4005,90,46.34,28,在线
2026年5月5日,10:54:00,1777949640,164166,12107477,5190,4005,90,46.34,28,在线
2026年5月5日,10:54:29,1777949669,164166,12107477,5190,4005,90,46.34,28,在线
2026年5月5日,10:54:59,1777949699,164166,12107477,5190,4005,90,46.34,28,在线
2026年5月5日,10:55:29,1777949729,164166,12107477,5190,4005,90,46.34,28,在线
2026年5月5日,10:55:59,1777949759,164166,12107477,5190,4005,90,46.34,28,在线
2026年5月5日,10:56:29,1777949789,164166,12107477,5281,4005,85,0.32,29,在线
2026年5月5日,10:56:59,1777949819,164166,12107477,5281,4005,85,0.32,29,在线
2026年5月5日,10:57:29,1777949849,164166,12107477,5281,4005,85,0.32,29,在线
2026年5月5日,10:57:59,1777949879,164166,12107477,5281,4005,85,0.32,29,在线
2026年5月5日,10:58:29,1777949909,164166,12107477,5281,4005,85,0.32,29,在线
2026年5月5日,10:58:59,1777949939,164166,12107477,5281,4005,85,0.32,29,在线
2026年5月5日,10:59:30,1777949970,164166,12107477,5281,4005,85,0.32,29,在线
2026年5月5日,10:59:59,1777949999,164166,12107477,5281,4005,85,0.32,29,在线
2026年5月5日,11:00:29,1777950029,164166,12107477,5281,4005,85,0.32,29,在线
2026年5月5日,11:00:59,1777950059,164166,12107477,5202,3711,83,40,30,在线
2026年5月5日,11:01:29,1777950089,164166,12107477,5202,3711,83,40,30,在线
2026年5月5日,11:01:59,1777950119,164166,12107477,5202,3711,83,40,30,在线
2026年5月5日,11:02:29,1777950149,164166,12107477,5202,3711,83,40,30,在线
2026年5月5日,11:02:59,1777950179,164166,12107477,5202,3711,83,40,30,在线
2026年5月5日,11:03:29,1777950209,164166,12107477,5202,3711,83,40,30,在线
2026年5月5日,11:03:59,1777950239,164166,12107477,5202,3711,83,40,30,在线
2026年5月5日,11:04:29,1777950269,164166,12107477,5202,3711,83,40,30,在线
2026年5月5日,11:05:00,1777950300,164166,12107477,5202,3711,83,40,30,在线
2026年5月5日,11:05:29,1777950329,164166,12107477,5202,3711,83,40,30,在线
2026年5月5日,11:05:59,1777950359,164166,12107477,5299,3601,81,0,30,在线
2026年5月5日,11:06:29,1777950389,164166,12107477,5190,3601,80,45.93,30,在线
2026年5月5日,11:07:00,1777950420,164166,12107477,5190,3601,80,45.93,30,在线
2026年5月5日,11:07:30,1777950450,164166,12107477,5190,3601,80,45.93,30,在线
2026年5月5日,11:08:00,1777950480,164166,12107477,5190,3601,80,45.93,30,在线
2026年5月5日,11:08:30,1777950510,164166,12107477,5190,3601,80,45.93,30,在线
2026年5月5日,11:09:00,1777950540,164166,12107477,5190,3601,80,45.93,30,在线
2026年5月5日,11:09:38,1777950578,164166,12107477,5190,3601,80,45.93,30,在线
2026年5月5日,11:10:06,1777950606,164166,12107477,5190,3601,80,45.93,30,在线
2026年5月5日,11:10:29,1777950629,164166,12107477,5190,3601,80,45.93,30,在线
2026年5月5日,11:11:00,1777950660,164166,12107477,5190,3601,80,45.93,30,在线
2026年5月5日,11:11:29,1777950689,164166,12107477,5212,3388,76,13,31,在线
2026年5月5日,11:11:59,1777950719,164166,12107477,5212,3388,76,13,31,在线
2026年5月5日,11:12:29,1777950749,164166,12107477,5212,3388,76,13,31,在线
2026年5月5日,11:12:59,1777950779,164166,12107477,5212,3388,76,13,31,在线
2026年5月5日,11:13:29,1777950809,164166,12107477,5212,3388,76,13,31,在线
2026年5月5日,11:13:59,1777950839,164166,12107477,5212,3388,76,13,31,在线
2026年5月5日,11:14:29,1777950869,164166,12107477,5212,3388,76,13,31,在线
2026年5月5日,11:14:59,1777950899,164166,12107477,5212,3388,76,13,31,在线
2026年5月5日,11:15:30,1777950930,164166,12107477,5272,3388,74,0,32,在线
2026年5月5日,11:15:59,1777950959,164166,12107477,5272,3388,74,0,32,在线
2026年5月5日,11:16:29,1777950989,164166,12107477,5272,3388,74,0,32,在线
2026年5月5日,11:19:59,1777951199,164166,12107477,5289,3388,74,0,32,在线
2026年5月5日,11:20:29,1777951229,164166,12107477,5291,3305,74,0,32,在线
2026年5月5日,11:29:59,1777951799,164166,12107477,5298,3305,74,0,32,在线
2026年5月5日,11:32:29,1777951949,164166,12107477,5226,3305,74,33.34,32,在线
2026年5月5日,11:32:59,1777951979,164166,12107477,5226,3305,74,33.34,32,在线
2026年5月5日,11:33:29,1777952009,164166,12107477,5226,3305,74,33.34,32,在线
2026年5月5日,11:33:59,1777952039,164166,12107477,5226,3305,74,33.34,32,在线
2026年5月5日,11:34:29,1777952069,164166,12107477,5226,3305,74,33.34,32,在线
2026年5月5日,11:34:59,1777952099,164166,12107477,5181,3305,73,33.34,32,在线
2026年5月5日,11:35:29,1777952129,164166,12107477,5181,3305,73,33.34,32,在线
2026年5月5日,11:35:59,1777952159,164166,12107477,5181,3305,73,33.34,32,在线
2026年5月5日,11:36:29,1777952189,164166,12107477,5181,3305,73,33.34,32,在线
2026年5月5日,11:36:59,1777952219,164166,12107477,5181,3305,73,33.34,32,在线
2026年5月5日,11:37:30,1777952250,164166,12107477,5213,3128,70,0,32,在线
2026年5月5日,11:37:59,1777952279,164166,12107477,5213,3128,70,0,32,在线
2026年5月5日,11:38:29,1777952309,164166,12107477,5213,3128,70,0,32,在线
2026年5月5日,11:38:59,1777952339,164166,12107477,5213,3128,70,0,32,在线
2026年5月5日,11:39:29,1777952369,164166,12107477,5213,3128,70,0,32,在线
2026年5月5日,11:39:59,1777952399,164166,12107477,5213,3128,70,0,32,在线
2026年5月5日,11:40:29,1777952429,164166,12107477,5213,3128,70,0,32,在线
2026年5月5日,11:40:59,1777952459,164166,12107477,5213,3128,70,0,32,在线
2026年5月5日,11:41:29,1777952489,164166,12107477,5213,3128,70,0,32,在线
2026年5月5日,11:41:59,1777952519,164166,12107477,5213,3128,70,0,32,在线
2026年5月5日,11:42:29,1777952549,164166,12107477,5160,3128,66,30.54,33,在线
2026年5月5日,11:42:59,1777952579,164166,12107477,5160,3128,66,30.54,33,在线
2026年5月5日,11:43:29,1777952609,164166,12107477,5160,3128,66,30.54,33,在线
2026年5月5日,11:43:59,1777952639,164166,12107477,5160,3128,66,30.54,33,在线
2026年5月5日,11:44:29,1777952669,164166,12107477,5160,3128,66,30.54,33,在线
2026年5月5日,11:44:59,1777952699,164166,12107477,5160,3128,66,30.54,33,在线
2026年5月5日,11:45:29,1777952729,164166,12107477,5160,3128,66,30.54,33,在线
2026年5月5日,11:45:59,1777952759,164166,12107477,5160,3128,66,30.54,33,在线
2026年5月5日,11:46:29,1777952789,164166,12107477,5160,3128,66,30.54,33,在线
2026年5月5日,11:46:59,1777952819,164166,12107477,5160,3128,66,30.54,33,在线
2026年5月5日,11:47:29,1777952849,164166,12107477,5113,2838,63,46.12,33,在线
2026年5月5日,11:47:59,1777952879,164166,12107477,5113,2838,63,46.12,33,在线
2026年5月5日,11:48:30,1777952910,164166,12107477,5113,2838,63,46.12,33,在线
2026年5月5日,11:48:59,1777952939,164166,12107477,5113,2838,63,46.12,33,在线
2026年5月5日,11:49:29,1777952969,164166,12107477,5113,2838,63,46.12,33,在线
2026年5月5日,11:49:59,1777952999,164166,12107477,5113,2838,63,46.12,33,在线
2026年5月5日,11:50:29,1777953029,164166,12107477,5247,2838,62,0,33,在线
2026年5月5日,11:50:59,1777953059,164166,12107477,5247,2838,62,0,33,在线
2026年5月5日,11:51:29,1777953089,164166,12107477,5157,2745,61,35.46,33,在线
2026年5月5日,11:51:59,1777953119,164166,12107477,5157,2745,61,35.46,33,在线
2026年5月5日,11:52:29,1777953149,164166,12107477,5157,2745,61,35.46,33,在线
2026年5月5日,11:52:59,1777953179,164166,12107477,5157,2745,61,35.46,33,在线
2026年5月5日,11:53:29,1777953209,164166,12107477,5157,2745,61,35.46,33,在线
2026年5月5日,11:53:59,1777953239,164166,12107477,5157,2745,61,35.46,33,在线
2026年5月5日,11:54:29,1777953269,164166,12107477,5157,2745,61,35.46,33,在线
2026年5月5日,11:54:59,1777953299,164166,12107477,5157,2745,61,35.46,33,在线
2026年5月5日,11:55:29,1777953329,164166,12107477,5157,2745,61,35.46,33,在线
2026年5月5日,11:55:59,1777953359,164166,12107477,5157,2745,61,35.46,33,在线
2026年5月5日,11:56:29,1777953389,164166,12107477,5211,2745,58,0,33,在线
2026年5月5日,11:56:59,1777953419,164166,12107477,5211,2745,58,0,33,在线
2026年5月5日,11:57:29,1777953449,164166,12107477,5243,2584,58,0,34,在线
2026年5月5日,11:58:59,1777953539,164166,12107477,5134,2574,57,46.83,34,在线
2026年5月5日,11:59:30,1777953570,164166,12107477,5134,2574,57,46.83,34,在线
2026年5月5日,11:59:59,1777953599,164166,12107477,5134,2574,57,46.83,34,在线
2026年5月5日,12:00:29,1777953629,164166,12107477,5134,2574,57,46.83,34,在线
2026年5月5日,12:00:59,1777953659,164166,12107477,5134,2574,57,46.83,34,在线
2026年5月5日,12:01:29,1777953689,164166,12107477,5134,2574,57,46.83,34,在线
2026年5月5日,12:01:59,1777953719,164166,12107477,5134,2574,57,46.83,34,在线
2026年5月5日,12:02:29,1777953749,164166,12107477,5134,2574,57,46.83,34,在线
2026年5月5日,12:02:59,1777953779,164166,12107477,5134,2574,57,46.83,34,在线
2026年5月5日,12:03:29,1777953809,164166,12107477,5134,2574,57,46.83,34,在线
2026年5月5日,12:03:59,1777953839,164166,12107477,5198,2347,53,0,34,在线
2026年5月5日,12:04:29,1777953869,164166,12107477,5198,2347,53,0,34,在线
2026年5月5日,12:05:00,1777953900,164166,12107477,5198,2347,53,0,34,在线
2026年5月5日,12:05:29,1777953929,164166,12107477,5198,2347,53,0,34,在线
2026年5月5日,12:05:59,1777953959,164166,12107477,5198,2347,53,0,34,在线
2026年5月5日,12:06:29,1777953989,164166,12107477,5198,2347,53,0,34,在线
2026年5月5日,12:06:59,1777954019,164166,12107477,5198,2347,53,0,34,在线
2026年5月5日,12:07:29,1777954049,164166,12107477,5198,2347,53,0,34,在线
2026年5月5日,12:07:59,1777954079,164166,12107477,5198,2347,53,0,34,在线
2026年5月5日,12:08:29,1777954109,164166,12107477,5198,2347,53,0,34,在线
2026年5月5日,12:08:59,1777954139,164166,12107477,5076,2347,48,40.88,35,在线
2026年5月5日,12:09:29,1777954169,164166,12107477,5076,2347,48,40.88,35,在线
2026年5月5日,12:09:59,1777954199,164166,12107477,5076,2347,48,40.88,35,在线
2026年5月5日,12:10:29,1777954229,164166,12107477,5076,2347,48,40.88,35,在线
2026年5月5日,12:10:59,1777954259,164166,12107477,5076,2347,48,40.88,35,在线
2026年5月5日,12:11:29,1777954289,164166,12107477,5225,2076,46,0,35,在线
2026年5月5日,12:11:59,1777954319,164166,12107477,5225,2076,46,0,35,在线
2026年5月5日,12:12:29,1777954349,164166,12107477,5225,2076,46,0,35,在线
2026年5月5日,12:12:59,1777954379,164166,12107477,5225,2076,46,0,35,在线
2026年5月5日,12:16:00,1777954560,164166,12107477,5248,2076,46,0,35,在线
2026年5月5日,12:19:59,1777954799,164166,12107477,5253,2076,46,0,35,在线
2026年5月5日,12:29:59,1777955399,164166,12107477,5258,2075,46,0,35,在线
2026年5月5日,12:30:59,1777955459,164166,12107477,5145,2067,46,46.94,35,在线
2026年5月5日,12:31:29,1777955489,164166,12107477,5145,2067,46,46.94,35,在线
2026年5月5日,12:31:59,1777955519,164166,12107477,5231,2067,46,-2.6,35,在线
2026年5月5日,12:32:30,1777955550,164166,12107477,5119,2042,46,46.05,35,在线
2026年5月5日,12:32:59,1777955579,164166,12107477,5119,2042,46,46.05,35,在线
2026年5月5日,12:33:29,1777955609,164166,12107477,5119,2042,46,46.05,35,在线
2026年5月5日,12:33:59,1777955639,164166,12107477,5119,2042,46,46.05,35,在线
2026年5月5日,12:34:29,1777955669,164166,12107477,5119,2042,46,46.05,35,在线
2026年5月5日,12:34:59,1777955699,164166,12107477,5119,2042,46,46.05,35,在线
2026年5月5日,12:35:29,1777955729,164166,12107477,5119,2042,46,46.05,35,在线
2026年5月5日,12:35:59,1777955759,164166,12107477,5119,2042,46,46.05,35,在线
2026年5月5日,12:36:29,1777955789,164166,12107477,5119,2042,46,46.05,35,在线
2026年5月5日,12:36:59,1777955819,164166,12107477,5119,2042,46,46.05,35,在线
2026年5月5日,12:37:29,1777955849,164166,12107477,5184,2042,42,0,35,在线
2026年5月5日,12:39:59,1777955999,164166,12107477,5217,1870,42,0,36,在线
2026年5月5日,12:40:29,1777956029,164166,12107477,5114,1870,42,45.89,36,在线
2026年5月5日,12:40:59,1777956059,164166,12107477,5114,1870,42,45.89,36,在线
2026年5月5日,12:41:29,1777956089,164166,12107477,5114,1870,42,45.89,36,在线
2026年5月5日,12:41:59,1777956119,164166,12107477,5114,1870,42,45.89,36,在线
2026年5月5日,12:42:29,1777956149,164166,12107477,5114,1870,42,45.89,36,在线
2026年5月5日,12:42:59,1777956179,164166,12107477,5114,1870,42,45.89,36,在线
2026年5月5日,12:43:29,1777956209,164166,12107477,5114,1870,42,45.89,36,在线
2026年5月5日,12:43:59,1777956239,164166,12107477,5114,1870,42,45.89,36,在线
2026年5月5日,12:44:29,1777956269,164166,12107477,5114,1870,42,45.89,36,在线
2026年5月5日,12:44:59,1777956299,164166,12107477,5114,1870,42,45.89,36,在线
2026年5月5日,12:45:29,1777956329,164166,12107477,5055,1658,37,45.38,37,在线
2026年5月5日,12:45:59,1777956359,164166,12107477,5055,1658,37,45.38,37,在线
2026年5月5日,12:46:29,1777956389,164166,12107477,5055,1658,37,45.38,37,在线
2026年5月5日,12:46:59,1777956419,164166,12107477,5055,1658,37,45.38,37,在线
2026年5月5日,12:47:29,1777956449,164166,12107477,5055,1658,37,45.38,37,在线
2026年5月5日,12:47:59,1777956479,164166,12107477,5055,1658,37,45.38,37,在线
2026年5月5日,12:48:29,1777956509,164166,12107477,5055,1658,37,45.38,37,在线
2026年5月5日,12:48:59,1777956539,164166,12107477,5180,1658,35,0,37,在线
2026年5月5日,12:49:29,1777956569,164166,12107477,5180,1658,35,0,37,在线
2026年5月5日,12:49:59,1777956599,164166,12107477,5180,1658,35,0,37,在线
2026年5月5日,12:50:29,1777956629,164166,12107477,5180,1658,35,0,37,在线
2026年5月5日,12:50:59,1777956659,164166,12107477,5180,1658,35,0,37,在线
2026年5月5日,12:51:29,1777956689,164166,12107477,5180,1658,35,0,37,在线
2026年5月5日,12:51:59,1777956719,164166,12107477,5106,1564,35,46.11,37,在线
2026年5月5日,12:52:29,1777956749,164166,12107477,5106,1564,35,46.11,37,在线
2026年5月5日,12:52:59,1777956779,164166,12107477,5106,1564,35,46.11,37,在线
2026年5月5日,12:53:29,1777956809,164166,12107477,5106,1564,35,46.11,37,在线
2026年5月5日,12:53:59,1777956839,164166,12107477,5106,1564,35,46.11,37,在线
2026年5月5日,12:54:29,1777956869,164166,12107477,5174,1564,34,0,38,在线
2026年5月5日,12:54:59,1777956899,164166,12107477,5174,1564,34,0,38,在线
2026年5月5日,12:55:29,1777956929,164166,12107477,5070,1495,33,45.83,38,在线
2026年5月5日,12:55:59,1777956959,164166,12107477,5070,1495,33,45.83,38,在线
2026年5月5日,12:56:29,1777956989,164166,12107477,5070,1495,33,45.83,38,在线
2026年5月5日,12:57:03,1777957023,164166,12107477,5070,1495,33,45.83,38,在线
2026年5月5日,12:57:29,1777957049,164166,12107477,5070,1495,33,45.83,38,在线
2026年5月5日,12:57:59,1777957079,164166,12107477,5070,1495,33,45.83,38,在线
2026年5月5日,12:58:29,1777957109,164166,12107477,5070,1495,33,45.83,38,在线
2026年5月5日,12:58:59,1777957139,164166,12107477,5070,1495,33,45.83,38,在线
2026年5月5日,12:59:29,1777957169,164166,12107477,5070,1495,33,45.83,38,在线
2026年5月5日,12:59:59,1777957199,164166,12107477,5070,1495,33,45.83,38,在线
2026年5月5日,13:00:29,1777957229,164166,12107477,4995,1495,29,46.02,39,在线
2026年5月5日,13:00:59,1777957259,164166,12107477,4995,1495,29,46.02,39,在线
2026年5月5日,13:01:29,1777957289,164166,12107477,4995,1495,29,46.02,39,在线
2026年5月5日,13:01:59,1777957319,164166,12107477,5128,1285,29,0,39,在线
2026年5月5日,13:02:29,1777957349,164166,12107477,5128,1285,29,0,39,在线
2026年5月5日,13:02:59,1777957379,164166,12107477,5128,1285,29,0,39,在线
2026年5月5日,13:03:29,1777957409,164166,12107477,5128,1285,29,0,39,在线
2026年5月5日,13:03:59,1777957439,164166,12107477,5034,1285,29,44.42,39,在线
2026年5月5日,13:04:29,1777957469,164166,12107477,5034,1285,29,44.42,39,在线
2026年5月5日,13:04:59,1777957499,164166,12107477,5034,1285,29,44.42,39,在线
2026年5月5日,13:05:29,1777957529,164166,12107477,5034,1285,29,44.42,39,在线
2026年5月5日,13:05:59,1777957559,164166,12107477,5034,1285,29,44.42,39,在线
2026年5月5日,13:06:29,1777957589,164166,12107477,5081,1285,27,44.42,39,在线
2026年5月5日,13:06:59,1777957619,164166,12107477,5081,1285,27,44.42,39,在线
2026年5月5日,13:07:29,1777957649,164166,12107477,5081,1285,27,44.42,39,在线
2026年5月5日,13:07:59,1777957679,164166,12107477,5081,1285,27,44.42,39,在线
2026年5月5日,13:08:29,1777957709,164166,12107477,5081,1285,27,44.42,39,在线
2026年5月5日,13:08:59,1777957739,164166,12107477,4948,1079,24,41.66,40,在线
2026年5月5日,13:09:29,1777957769,164166,12107477,4948,1079,24,41.66,40,在线
2026年5月5日,13:09:59,1777957799,164166,12107477,4948,1079,24,41.66,40,在线
2026年5月5日,13:10:29,1777957829,164166,12107477,4948,1079,24,41.66,40,在线
2026年5月5日,13:11:00,1777957860,164166,12107477,4948,1079,24,41.66,40,在线
2026年5月5日,13:11:29,1777957889,164166,12107477,4948,1079,24,41.66,40,在线
2026年5月5日,13:11:59,1777957919,164166,12107477,5092,1079,22,0,40,在线
2026年5月5日,13:12:29,1777957949,164166,12107477,4984,976,22,45.69,40,在线
2026年5月5日,13:12:59,1777957979,164166,12107477,4984,976,22,45.69,40,在线
2026年5月5日,13:13:29,1777958009,164166,12107477,4984,976,22,45.69,40,在线
2026年5月5日,13:13:59,1777958039,164166,12107477,4984,976,22,45.69,40,在线
2026年5月5日,13:14:29,1777958069,164166,12107477,4984,976,22,45.69,40,在线
2026年5月5日,13:14:59,1777958099,164166,12104241,5382,4014,100,0,31,在线
2026年5月5日,13:15:29,1777958129,164166,12104241,5243,4014,100,46.13,31,在线
2026年5月5日,13:15:59,1777958159,164166,12104241,5243,4014,100,46.13,31,在线
2026年5月5日,13:16:29,1777958189,164166,12104241,5243,4014,100,46.13,31,在线
2026年5月5日,13:17:00,1777958220,164166,12104241,5243,4014,100,46.13,31,在线
2026年5月5日,13:17:29,1777958249,164166,12104241,5243,4014,100,46.13,31,在线
2026年5月5日,13:17:59,1777958279,164166,12104241,5243,4014,100,46.13,31,在线
2026年5月5日,13:18:30,1777958310,164166,12104241,5243,4014,100,46.13,31,在线
2026年5月5日,13:18:59,1777958339,164166,12104241,5243,4014,100,46.13,31,在线
2026年5月5日,13:19:29,1777958369,164166,12104241,5243,4014,100,46.13,31,在线
2026年5月5日,13:19:59,1777958399,164166,12104241,5306,3874,96,0,31,在线
2026年5月5日,13:20:29,1777958429,164166,12104241,5306,3874,96,0,31,在线
2026年5月5日,13:21:00,1777958460,164166,12104241,5306,3874,96,0,31,在线
2026年5月5日,13:21:30,1777958490,164166,12104241,5306,3874,96,0,31,在线
2026年5月5日,13:21:59,1777958519,164166,12104241,5306,3874,96,0,31,在线
2026年5月5日,13:22:36,1777958556,164166,12104241,5213,3874,96,43.29,31,在线
2026年5月5日,13:22:59,1777958579,164166,12104241,5213,3874,96,43.29,31,在线
2026年5月5日,13:23:29,1777958609,164166,12104241,5213,3874,96,43.29,31,在线
2026年5月5日,13:24:00,1777958640,164166,12104241,5213,3874,96,43.29,31,在线
2026年5月5日,13:24:29,1777958669,164166,12104241,5311,3846,96,0,32,在线
2026年5月5日,13:29:59,1777958999,164166,12104241,5318,3846,96,0,32,在线
2026年5月5日,13:39:59,1777959599,164166,12104241,5322,3845,96,0,32,在线
2026年5月5日,13:43:29,1777959809,164166,12104241,5208,3845,96,47.46,32,在线
2026年5月5日,13:43:59,1777959839,164166,12104241,5208,3845,96,47.46,32,在线
2026年5月5日,13:44:29,1777959869,164166,12104241,5208,3845,96,47.46,32,在线
2026年5月5日,13:44:59,1777959899,164166,12104241,5208,3845,96,47.46,32,在线
2026年5月5日,13:45:29,1777959929,164166,12104241,5208,3845,96,47.46,32,在线
2026年5月5日,13:45:59,1777959959,164166,12104241,5208,3845,96,47.46,32,在线
2026年5月5日,13:46:29,1777959989,164166,12104241,5208,3845,96,47.46,32,在线
2026年5月5日,13:46:59,1777960019,164166,12104241,5208,3845,96,47.46,32,在线
2026年5月5日,13:47:29,1777960049,164166,12104241,5208,3845,96,47.46,32,在线
2026年5月5日,13:47:59,1777960079,164166,12104241,5208,3845,96,47.46,32,在线
2026年5月5日,13:48:29,1777960109,164166,12104241,5268,3704,92,16.06,32,在线
2026年5月5日,13:48:59,1777960139,164166,12104241,5268,3704,92,16.06,32,在线
2026年5月5日,13:49:29,1777960169,164166,12104241,5268,3704,92,16.06,32,在线
2026年5月5日,13:49:59,1777960199,164166,12104241,5268,3704,92,16.06,32,在线
2026年5月5日,13:50:29,1777960229,164166,12104241,5268,3704,92,16.06,32,在线
2026年5月5日,13:50:59,1777960259,164166,12104241,5268,3704,92,16.06,32,在线
2026年5月5日,13:51:29,1777960289,164166,12104241,5268,3704,92,16.06,32,在线
2026年5月5日,13:51:59,1777960319,164166,12104241,5268,3704,92,16.06,32,在线
2026年5月5日,13:52:29,1777960349,164166,12104241,5268,3704,92,16.06,32,在线
2026年5月5日,13:52:59,1777960379,164166,12104241,5268,3704,92,16.06,32,在线
2026年5月5日,13:53:29,1777960409,164166,12104241,5291,3704,88,0,33,在线
2026年5月5日,13:53:59,1777960439,164166,12104241,5308,3547,88,0,33,在线
2026年5月5日,13:54:29,1777960469,164166,12104241,5308,3547,88,0,33,在线
2026年5月5日,13:54:59,1777960499,164166,12104241,5200,3547,88,46.28,33,在线
2026年5月5日,13:55:29,1777960529,164166,12104241,5200,3547,88,46.28,33,在线
2026年5月5日,13:55:59,1777960559,164166,12104241,5200,3547,88,46.28,33,在线
2026年5月5日,13:56:29,1777960589,164166,12104241,5200,3547,88,46.28,33,在线
2026年5月5日,13:56:59,1777960619,164166,12104241,5200,3547,88,46.28,33,在线
2026年5月5日,13:57:29,1777960649,164166,12104241,5200,3547,88,46.28,33,在线
2026年5月5日,13:57:59,1777960679,164166,12104241,5200,3547,88,46.28,33,在线
2026年5月5日,13:58:29,1777960709,164166,12104241,5200,3547,88,46.28,33,在线
2026年5月5日,13:58:59,1777960739,164166,12104241,5200,3547,88,46.28,33,在线
2026年5月5日,13:59:29,1777960769,164166,12104241,5200,3547,88,46.28,33,在线
2026年5月5日,13:59:59,1777960799,164166,12104241,5257,3360,84,0,34,在线
2026年5月5日,14:00:29,1777960829,164166,12104241,5257,3360,84,0,34,在线
2026年5月5日,14:00:59,1777960859,164166,12104241,5257,3360,84,0,34,在线
2026年5月5日,14:01:29,1777960889,164166,12104241,5257,3360,84,0,34,在线
2026年5月5日,14:01:59,1777960919,164166,12104241,5257,3360,84,0,34,在线
2026年5月5日,14:02:29,1777960949,164166,12104241,5257,3360,84,0,34,在线
2026年5月5日,14:02:59,1777960979,164166,12104241,5257,3360,84,0,34,在线
2026年5月5日,14:03:29,1777961009,164166,12104241,5257,3360,84,0,34,在线
2026年5月5日,14:03:59,1777961039,164166,12104241,5257,3360,84,0,34,在线
2026年5月5日,14:04:29,1777961069,164166,12104241,5257,3360,84,0,34,在线
2026年5月5日,14:04:59,1777961099,164166,12104241,5240,3360,78,0.15,35,在线
2026年5月5日,14:05:29,1777961129,164166,12104241,5240,3360,78,0.15,35,在线
2026年5月5日,14:05:59,1777961159,164166,12104241,5240,3360,78,0.15,35,在线
2026年5月5日,14:06:29,1777961189,164166,12104241,5240,3360,78,0.15,35,在线
2026年5月5日,14:06:59,1777961219,164166,12104241,5240,3360,78,0.15,35,在线
2026年5月5日,14:07:29,1777961249,164166,12104241,5240,3360,78,0.15,35,在线
2026年5月5日,14:07:59,1777961279,164166,12104241,5240,3360,78,0.15,35,在线
2026年5月5日,14:08:29,1777961309,164166,12104241,5240,3360,78,0.15,35,在线
2026年5月5日,14:08:59,1777961339,164166,12104241,5240,3360,78,0.15,35,在线
2026年5月5日,14:09:29,1777961369,164166,12104241,5240,3360,78,0.15,35,在线
2026年5月5日,14:09:59,1777961399,164166,12104241,5126,2952,73,44.15,35,在线
2026年5月5日,14:10:29,1777961429,164166,12104241,5126,2952,73,44.15,35,在线
2026年5月5日,14:10:59,1777961459,164166,12104241,5126,2952,73,44.15,35,在线
2026年5月5日,14:11:29,1777961489,164166,12104241,5126,2952,73,44.15,35,在线
2026年5月5日,14:11:59,1777961519,164166,12104241,5126,2952,73,44.15,35,在线
2026年5月5日,14:12:29,1777961549,164166,12104241,5126,2952,73,44.15,35,在线
2026年5月5日,14:12:59,1777961579,164166,12104241,5126,2952,73,44.15,35,在线
2026年5月5日,14:13:29,1777961609,164166,12104241,5254,2952,72,0,35,在线
2026年5月5日,14:13:59,1777961639,164166,12104241,5254,2952,72,0,35,在线
2026年5月5日,14:14:29,1777961669,164166,12104241,5214,2872,71,14.15,35,在线
2026年5月5日,14:14:59,1777961699,164166,12104241,5214,2872,71,14.15,35,在线
2026年5月5日,14:15:29,1777961729,164166,12104241,5214,2872,71,14.15,35,在线
2026年5月5日,14:15:59,1777961759,164166,12104241,5214,2872,71,14.15,35,在线
2026年5月5日,14:16:29,1777961789,164166,12104241,5214,2872,71,14.15,35,在线
2026年5月5日,14:16:59,1777961819,164166,12104241,5214,2872,71,14.15,35,在线
2026年5月5日,14:17:29,1777961849,164166,12104241,5214,2872,71,14.15,35,在线
2026年5月5日,14:17:59,1777961879,164166,12104241,5214,2872,71,14.15,35,在线
2026年5月5日,14:18:29,1777961909,164166,12104241,5214,2872,71,14.15,35,在线
2026年5月5日,14:18:59,1777961939,164166,12104241,5214,2872,71,14.15,35,在线
2026年5月5日,14:19:29,1777961969,164166,12104241,5119,2872,66,47.05,36,在线
2026年5月5日,14:19:59,1777961999,164166,12104241,5119,2872,66,47.05,36,在线
2026年5月5日,14:20:29,1777962029,164166,12104241,5119,2872,66,47.05,36,在线
2026年5月5日,14:20:59,1777962059,164166,12104241,5119,2872,66,47.05,36,在线
2026年5月5日,14:21:29,1777962089,164166,12104241,5119,2872,66,47.05,36,在线
2026年5月5日,14:21:59,1777962119,164166,12104241,5119,2872,66,47.05,36,在线
2026年5月5日,14:22:29,1777962149,164166,12104241,5119,2872,66,47.05,36,在线
2026年5月5日,14:22:59,1777962179,164166,12104241,5244,2551,64,0,36,在线
2026年5月5日,14:23:29,1777962209,164166,12104241,5244,2551,64,0,36,在线
2026年5月5日,14:23:59,1777962239,164166,12104241,5146,2551,63,45.5,36,在线
2026年5月5日,14:24:29,1777962269,164166,12104241,5146,2551,63,45.5,36,在线
2026年5月5日,14:24:59,1777962299,164166,12104241,5146,2551,63,45.5,36,在线
2026年5月5日,14:25:29,1777962329,164166,12104241,5146,2551,63,45.5,36,在线
2026年5月5日,14:25:59,1777962359,164166,12104241,5146,2551,63,45.5,36,在线
2026年5月5日,14:26:29,1777962389,164166,12104241,5146,2551,63,45.5,36,在线
2026年5月5日,14:26:59,1777962419,164166,12104241,5146,2551,63,45.5,36,在线
2026年5月5日,14:27:29,1777962449,164166,12104241,5146,2551,63,45.5,36,在线
2026年5月5日,14:27:59,1777962479,164166,12104241,5146,2551,63,45.5,36,在线
2026年5月5日,14:28:29,1777962509,164166,12104241,5146,2551,63,45.5,36,在线
2026年5月5日,14:28:59,1777962539,164166,12104241,5146,2551,63,45.5,36,在线
2026年5月5日,14:29:29,1777962569,164166,12104241,5146,2551,63,45.5,36,在线
2026年5月5日,14:29:59,1777962599,164166,12104241,5146,2551,63,45.5,36,在线
2026年5月5日,14:30:29,1777962629,164166,12104241,5146,2551,63,45.5,36,在线
2026年5月5日,14:30:59,1777962659,164166,12104241,5146,2551,63,45.5,36,在线
2026年5月5日,14:31:29,1777962689,164166,12104241,5146,2551,63,45.5,36,在线
2026年5月5日,14:31:59,1777962719,164166,12104241,5146,2551,63,45.5,36,在线
2026年5月5日,14:32:29,1777962749,164166,12104241,5146,2551,63,45.5,36,在线
2026年5月5日,14:32:59,1777962779,164166,12104241,5146,2551,63,45.5,36,在线
2026年5月5日,14:33:29,1777962809,164166,12104241,5146,2551,63,45.5,36,在线
2026年5月5日,14:33:59,1777962839,164166,12104241,5146,2551,63,45.5,36,在线
2026年5月5日,14:34:29,1777962869,164166,12104241,5146,2551,63,45.5,36,在线
2026年5月5日,14:34:59,1777962899,164166,12104241,5146,2551,63,45.5,36,在线
2026年5月5日,14:35:29,1777962929,164166,12104241,5146,2551,63,45.5,36,在线
2026年5月5日,14:35:59,1777962959,164166,12104241,5146,2551,63,45.5,36,在线
2026年5月5日,14:36:29,1777962989,164166,12104241,5146,2551,63,45.5,36,在线
2026年5月5日,14:36:59,1777963019,164166,12104241,5146,2551,63,45.5,36,在线
2026年5月5日,14:37:29,1777963049,164166,12104241,5146,2551,63,45.5,36,在线
2026年5月5日,14:37:59,1777963079,164166,12104241,5146,2551,63,45.5,36,在线
2026年5月5日,14:38:29,1777963109,164166,12104241,5146,2551,63,45.5,36,在线
2026年5月5日,14:38:59,1777963139,164166,12104241,5146,2551,63,45.5,36,在线
2026年5月5日,14:39:29,1777963169,164166,12104241,5146,2551,63,45.5,36,在线
2026年5月5日,14:39:59,1777963199,164166,12104241,5146,2551,63,45.5,36,在线
2026年5月5日,14:40:29,1777963229,164166,12104241,5146,2551,63,45.5,36,在线
2026年5月5日,14:40:59,1777963259,164166,12104241,5146,2551,63,45.5,36,在线
2026年5月5日,14:41:29,1777963289,164166,12104241,5146,2551,63,45.5,36,在线
2026年5月5日,14:41:59,1777963319,164166,12104241,5146,2551,63,45.5,36,在线
2026年5月5日,14:42:29,1777963349,164166,12104241,5146,2551,63,45.5,36,在线
2026年5月5日,14:42:59,1777963379,164166,12104241,5146,2551,63,45.5,36,在线
2026年5月5日,14:43:29,1777963409,164166,12104241,5146,2551,63,45.5,36,在线
2026年5月5日,14:43:59,1777963439,164166,12104241,5146,2551,63,45.5,36,在线
2026年5月5日,14:44:29,1777963469,164166,12104241,5146,2551,63,45.5,36,在线
2026年5月5日,14:44:59,1777963499,164166,12104241,5146,2551,63,45.5,36,在线
2026年5月5日,14:45:29,1777963529,164166,12104241,5146,2551,63,45.5,36,在线
2026年5月5日,14:45:59,1777963559,164166,12104241,5146,2551,63,45.5,36,在线
2026年5月5日,14:46:29,1777963589,164166,12104241,5146,2551,63,45.5,36,在线
2026年5月5日,14:46:59,1777963619,164166,12104241,5146,2551,63,45.5,36,在线
2026年5月5日,14:47:29,1777963649,164166,12104241,5146,2551,63,45.5,36,在线
2026年5月5日,14:47:59,1777963679,164166,12104241,5146,2551,63,45.5,36,在线
2026年5月5日,14:48:29,1777963709,164166,12104241,5146,2551,63,45.5,36,在线
2026年5月5日,14:48:59,1777963739,164166,12104241,5146,2551,63,45.5,36,在线
2026年5月5日,14:49:29,1777963769,164166,12104241,5146,2551,63,45.5,36,在线
2026年5月5日,14:49:59,1777963799,164166,12104241,5146,2551,63,45.5,36,在线
2026年5月5日,14:50:29,1777963829,164166,12104241,5146,2551,63,45.5,36,在线
2026年5月5日,14:50:59,1777963859,164166,12104241,5146,2551,63,45.5,36,在线
2026年5月5日,14:51:29,1777963889,164166,12104241,5146,2551,63,45.5,36,在线
2026年5月5日,14:51:59,1777963919,164166,12104241,5146,2551,63,45.5,36,在线
2026年5月5日,14:52:29,1777963949,164166,12104241,5146,2551,63,45.5,36,在线
2026年5月5日,14:52:59,1777963979,164166,12104241,5146,2551,63,45.5,36,在线
2026年5月5日,14:53:29,1777964009,164166,12104241,5146,2551,63,45.5,36,在线
2026年5月5日,14:53:59,1777964039,164166,12104241,5146,2551,63,45.5,36,在线
2026年5月5日,14:54:29,1777964069,164166,12104241,5146,2551,63,45.5,36,在线
2026年5月5日,14:54:59,1777964099,164166,12104241,5146,2551,63,45.5,36,在线
2026年5月5日,14:55:29,1777964129,164166,12104241,5146,2551,63,45.5,36,在线
2026年5月5日,14:55:59,1777964159,164166,12104241,5146,2551,63,45.5,36,在线
2026年5月5日,14:56:29,1777964189,164166,12104241,5146,2551,63,45.5,36,在线
2026年5月5日,14:56:59,1777964219,164166,12104241,5146,2551,63,45.5,36,在线
2026年5月5日,14:57:29,1777964249,164166,12104241,5146,2551,63,45.5,36,在线
2026年5月5日,14:57:59,1777964279,164166,12104241,5146,2551,63,45.5,36,在线
2026年5月5日,14:58:29,1777964309,164166,12104241,5146,2551,63,45.5,36,在线
2026年5月5日,14:58:59,1777964339,164166,12104241,5146,2551,63,45.5,36,在线
2026年5月5日,14:59:29,1777964369,164166,12104241,5146,2551,63,45.5,36,在线
2026年5月5日,14:59:59,1777964399,164166,12104241,5146,2551,63,45.5,36,在线
2026年5月5日,15:00:29,1777964429,164166,12104241,5146,2551,63,45.5,36,在线
2026年5月5日,15:00:59,1777964459,164166,12104241,5146,2551,63,45.5,36,在线
2026年5月5日,15:01:29,1777964489,164166,12104241,5146,2551,63,45.5,36,在线
2026年5月5日,15:01:59,1777964519,164166,12104241,5146,2551,63,45.5,36,在线
2026年5月5日,15:02:29,1777964549,164166,12104241,5146,2551,63,45.5,36,在线
2026年5月5日,15:02:59,1777964579,164166,12104241,5146,2551,63,45.5,36,在线
2026年5月5日,15:03:29,1777964609,164166,12104241,5146,2551,63,45.5,36,在线
2026年5月5日,15:03:59,1777964639,164166,12104241,5146,2551,63,45.5,36,在线
2026年5月5日,15:04:29,1777964669,164166,12104241,5146,2551,63,45.5,36,在线
2026年5月5日,15:04:59,1777964699,164166,12104241,5146,2551,63,45.5,36,在线
2026年5月5日,15:05:29,1777964729,164166,12104241,5146,2551,63,45.5,36,在线
2026年5月5日,15:05:59,1777964759,164166,12104241,5146,2551,63,45.5,36,在线
2026年5月5日,15:06:29,1777964789,164166,12104241,5146,2551,63,45.5,36,在线
2026年5月5日,15:06:59,1777964819,164166,12104241,5146,2551,63,45.5,36,在线
2026年5月5日,15:07:29,1777964849,164166,12104241,5146,2551,63,45.5,36,在线
2026年5月5日,15:07:59,1777964879,164166,12104241,5146,2551,63,45.5,36,在线
2026年5月5日,15:08:29,1777964909,164166,12104241,5146,2551,63,45.5,36,在线
2026年5月5日,15:08:59,1777964939,164166,12104241,5146,2551,63,45.5,36,在线
2026年5月5日,15:09:29,1777964969,164166,12104241,5146,2551,63,45.5,36,在线
2026年5月5日,15:09:59,1777964999,164166,12104241,5146,2551,63,45.5,36,在线
2026年5月5日,15:10:29,1777965029,164166,12104241,5146,2551,63,45.5,36,在线
2026年5月5日,15:10:59,1777965059,164166,12104241,5146,2551,63,45.5,36,在线
2026年5月5日,15:11:29,1777965089,164166,12104241,5146,2551,63,45.5,36,在线
2026年5月5日,15:11:59,1777965119,164166,12104241,5146,2551,63,45.5,36,在线
2026年5月5日,15:12:29,1777965149,164166,12104241,5146,2551,63,45.5,36,在线
2026年5月5日,15:12:59,1777965179,164166,12104241,5146,2551,63,45.5,36,在线
2026年5月5日,15:13:29,1777965209,164166,12104241,5146,2551,63,45.5,36,在线
2026年5月5日,15:13:59,1777965239,164166,12104241,5146,2551,63,45.5,36,在线
2026年5月5日,15:14:29,1777965269,164166,12104241,5146,2551,63,45.5,36,在线
2026年5月5日,15:14:59,1777965299,164166,12104241,5146,2551,63,45.5,36,在线
2026年5月5日,15:15:29,1777965329,164166,12104241,5146,2551,63,45.5,36,在线
2026年5月5日,15:15:59,1777965359,164166,12104241,5146,2551,63,45.5,36,在线
2026年5月5日,15:16:29,1777965389,164166,12104241,5146,2551,63,45.5,36,在线
2026年5月5日,15:16:59,1777965419,164166,12104241,5146,2551,63,45.5,36,在线
2026年5月5日,15:17:29,1777965449,164166,12104241,5146,2551,63,45.5,36,在线
2026年5月5日,15:17:59,1777965479,164166,12104241,5146,2551,63,45.5,36,在线
2026年5月5日,15:18:29,1777965509,164166,12104241,5146,2551,63,45.5,36,在线
2026年5月5日,15:18:59,1777965539,164166,12104241,5146,2551,63,45.5,36,在线
2026年5月5日,15:19:29,1777965569,164166,12104241,5146,2551,63,45.5,36,在线
2026年5月5日,15:19:59,1777965599,164166,12104241,5146,2551,63,45.5,36,在线
2026年5月5日,15:20:29,1777965629,164166,12104241,5146,2551,63,45.5,36,在线
2026年5月5日,15:20:59,1777965659,164166,12104241,5146,2551,63,45.5,36,在线
2026年5月5日,15:21:29,1777965689,164166,12104241,5146,2551,63,45.5,36,在线
2026年5月5日,15:21:59,1777965719,164166,12104241,5146,2551,63,45.5,36,在线
2026年5月5日,15:22:29,1777965749,164166,12104241,5146,2551,63,45.5,36,在线
2026年5月5日,15:22:59,1777965779,164166,12104241,5146,2551,63,45.5,36,在线
2026年5月5日,15:23:29,1777965809,164166,12104241,5146,2551,63,45.5,36,在线
2026年5月5日,15:23:59,1777965839,164166,12104241,5146,2551,63,45.5,36,离线
2026年5月5日,15:24:29,1777965869,164166,12104241,5146,2551,63,45.5,36,离线
2026年5月5日,15:24:59,1777965899,164166,12104241,5146,2551,63,45.5,36,离线
2026年5月5日,15:25:29,1777965929,164166,12104241,5146,2551,63,45.5,36,离线
2026年5月5日,15:25:59,1777965959,164166,12104241,5146,2551,63,45.5,36,离线
2026年5月5日,15:26:29,1777965989,164166,12104241,5146,2551,63,45.5,36,离线
2026年5月5日,15:26:59,1777966019,164166,12104241,5146,2551,63,45.5,36,离线
2026年5月5日,15:27:29,1777966049,164166,12104241,5146,2551,63,45.5,36,离线
2026年5月5日,15:27:59,1777966079,164166,12104241,5146,2551,63,45.5,36,离线
2026年5月5日,15:28:29,1777966109,164166,12104241,5146,2551,63,45.5,36,离线
2026年5月5日,15:28:59,1777966139,164166,12104241,5146,2551,63,45.5,36,离线
2026年5月5日,15:29:29,1777966169,164166,12104241,5146,2551,63,45.5,36,离线
2026年5月5日,15:29:59,1777966199,164166,12104241,5146,2551,63,45.5,36,离线
2026年5月5日,15:30:29,1777966229,164166,12104241,5146,2551,63,45.5,36,离线
2026年5月5日,15:30:59,1777966259,164166,12104241,5146,2551,63,45.5,36,离线
2026年5月5日,15:31:29,1777966289,164166,12104241,5146,2551,63,45.5,36,离线
2026年5月5日,15:31:59,1777966319,164166,12104241,5146,2551,63,45.5,36,离线
2026年5月5日,15:32:29,1777966349,164166,12104241,5146,2551,63,45.5,36,离线
2026年5月5日,15:32:59,1777966379,164166,12104241,5146,2551,63,45.5,36,离线
2026年5月5日,15:33:29,1777966409,164166,12104241,5146,2551,63,45.5,36,离线
2026年5月5日,15:33:59,1777966439,164166,12104241,5146,2551,63,45.5,36,离线
2026年5月5日,15:34:29,1777966469,164166,12104241,5146,2551,63,45.5,36,离线
2026年5月5日,15:34:59,1777966499,164166,12104241,5146,2551,63,45.5,36,离线
2026年5月5日,15:35:29,1777966529,164166,12104241,5146,2551,63,45.5,36,离线
2026年5月5日,15:35:59,1777966559,164166,12104241,5146,2551,63,45.5,36,离线
2026年5月5日,15:36:29,1777966589,164166,12104241,5146,2551,63,45.5,36,离线
2026年5月5日,15:36:59,1777966619,164166,12104241,5146,2551,63,45.5,36,离线
2026年5月5日,15:37:29,1777966649,164166,12104241,5146,2551,63,45.5,36,离线
2026年5月5日,15:37:59,1777966679,164166,12104241,5146,2551,63,45.5,36,离线
2026年5月5日,15:38:29,1777966709,164166,12104241,5146,2551,63,45.5,36,离线
2026年5月5日,15:38:59,1777966739,164166,12104241,5146,2551,63,45.5,36,离线
2026年5月5日,15:39:29,1777966769,164166,12104241,5146,2551,63,45.5,36,离线
2026年5月5日,15:39:59,1777966799,164166,12104241,5146,2551,63,45.5,36,离线
2026年5月5日,15:40:29,1777966829,164166,12104241,5146,2551,63,45.5,36,离线
2026年5月5日,15:40:59,1777966859,164166,12104241,5146,2551,63,45.5,36,离线
2026年5月5日,15:41:29,1777966889,164166,12104241,5146,2551,63,45.5,36,离线
2026年5月5日,15:41:59,1777966919,164166,12104241,5146,2551,63,45.5,36,离线
2026年5月5日,15:42:29,1777966949,164166,12104241,5146,2551,63,45.5,36,离线
2026年5月5日,15:42:59,1777966979,164166,12104241,5146,2551,63,45.5,36,离线
2026年5月5日,15:43:29,1777967009,164166,12104241,5146,2551,63,45.5,36,离线
2026年5月5日,15:43:59,1777967039,164166,12104241,5146,2551,63,45.5,36,离线
2026年5月5日,15:44:29,1777967069,164166,12104241,5146,2551,63,45.5,36,离线
2026年5月5日,15:44:59,1777967099,164166,12104241,5146,2551,63,45.5,36,离线
2026年5月5日,15:45:29,1777967129,164166,12104241,5146,2551,63,45.5,36,离线
2026年5月5日,15:45:59,1777967159,164166,12104241,5146,2551,63,45.5,36,离线
2026年5月5日,15:46:29,1777967189,164166,12104241,5146,2551,63,45.5,36,离线
2026年5月5日,15:46:59,1777967219,164166,12104241,5146,2551,63,45.5,36,离线
2026年5月5日,15:47:29,1777967249,164166,12104241,5146,2551,63,45.5,36,离线
2026年5月5日,15:47:59,1777967279,164166,12104241,5146,2551,63,45.5,36,离线
2026年5月5日,15:48:29,1777967309,164166,12104241,5146,2551,63,45.5,36,离线
2026年5月5日,15:48:59,1777967339,164166,12104241,5146,2551,63,45.5,36,离线
2026年5月5日,15:49:29,1777967369,164166,12104241,5146,2551,63,45.5,36,离线
2026年5月5日,15:49:59,1777967399,164166,12104241,5146,2551,63,45.5,36,离线
2026年5月5日,15:50:29,1777967429,164166,12104241,5146,2551,63,45.5,36,离线
2026年5月5日,15:50:59,1777967459,164166,12104241,5146,2551,63,45.5,36,离线
2026年5月5日,15:51:29,1777967489,164166,12104241,5146,2551,63,45.5,36,离线
2026年5月5日,15:51:59,1777967519,164166,12104241,5146,2551,63,45.5,36,离线
2026年5月5日,15:52:29,1777967549,164166,12104241,5146,2551,63,45.5,36,离线
2026年5月5日,15:52:59,1777967579,164166,12104241,5146,2551,63,45.5,36,离线
2026年5月5日,15:53:29,1777967609,164166,12104241,5146,2551,63,45.5,36,离线
2026年5月5日,15:53:59,1777967639,164166,12104241,5146,2551,63,45.5,36,离线
2026年5月5日,15:54:29,1777967669,164166,12104241,5146,2551,63,45.5,36,离线
2026年5月5日,15:54:59,1777967699,164166,12104241,5146,2551,63,45.5,36,离线
2026年5月5日,15:55:29,1777967729,164166,12104241,5146,2551,63,45.5,36,离线
2026年5月5日,15:55:59,1777967759,164166,12104241,5146,2551,63,45.5,36,离线
2026年5月5日,15:56:29,1777967789,164166,12104241,5146,2551,63,45.5,36,离线
2026年5月5日,15:56:59,1777967819,164166,12104241,5146,2551,63,45.5,36,离线
2026年5月5日,15:57:29,1777967849,164166,12104241,5146,2551,63,45.5,36,离线
2026年5月5日,15:57:59,1777967879,164166,12104241,5146,2551,63,45.5,36,离线
2026年5月5日,15:58:29,1777967909,164166,12104241,5146,2551,63,45.5,36,离线
2026年5月5日,15:58:59,1777967939,164166,12104241,5146,2551,63,45.5,36,离线
2026年5月5日,15:59:29,1777967969,164166,12104241,5146,2551,63,45.5,36,离线
2026年5月5日,15:59:59,1777967999,164166,12104241,5146,2551,63,45.5,36,离线
2026年5月5日,16:00:29,1777968029,164166,12104241,5146,2551,63,45.5,36,离线
2026年5月5日,16:00:59,1777968059,164166,12104241,5146,2551,63,45.5,36,离线
2026年5月5日,16:01:29,1777968089,164166,12104241,5146,2551,63,45.5,36,离线
2026年5月5日,16:01:59,1777968119,164166,12104241,5146,2551,63,45.5,36,离线
2026年5月5日,16:02:29,1777968149,164166,12104241,5146,2551,63,45.5,36,离线
2026年5月5日,16:02:59,1777968179,164166,12104241,5146,2551,63,45.5,36,离线
2026年5月5日,16:03:29,1777968209,164166,12104241,5146,2551,63,45.5,36,离线
2026年5月5日,16:03:59,1777968239,164166,12104241,5146,2551,63,45.5,36,离线
2026年5月5日,16:04:29,1777968269,164166,12104241,5146,2551,63,45.5,36,离线
2026年5月5日,16:04:59,1777968299,164166,12104241,5146,2551,63,45.5,36,离线
2026年5月5日,16:05:29,1777968329,164166,12104241,5146,2551,63,45.5,36,离线
2026年5月5日,16:05:59,1777968359,164166,12104241,5146,2551,63,45.5,36,离线
2026年5月5日,16:06:29,1777968389,164166,12104241,5146,2551,63,45.5,36,离线
2026年5月5日,16:06:59,1777968419,164166,12104241,5146,2551,63,45.5,36,离线
2026年5月5日,16:07:29,1777968449,164166,12104241,5146,2551,63,45.5,36,离线
2026年5月5日,16:07:59,1777968479,164166,12104241,5146,2551,63,45.5,36,离线
2026年5月5日,16:08:29,1777968509,164166,12104241,5146,2551,63,45.5,36,离线
2026年5月5日,16:08:59,1777968539,164166,12104241,5146,2551,63,45.5,36,离线
2026年5月5日,16:09:29,1777968569,164166,12104241,5146,2551,63,45.5,36,离线
2026年5月5日,16:09:59,1777968599,164166,12104241,5146,2551,63,45.5,36,离线
2026年5月5日,16:10:29,1777968629,164166,12104241,5146,2551,63,45.5,36,离线
2026年5月5日,16:10:59,1777968659,164166,12104241,5146,2551,63,45.5,36,离线
2026年5月5日,16:11:29,1777968689,164166,12104241,5146,2551,63,45.5,36,离线
2026年5月5日,16:11:59,1777968719,164166,12104241,5146,2551,63,45.5,36,离线
2026年5月5日,16:12:29,1777968749,164166,12104241,5146,2551,63,45.5,36,离线
2026年5月5日,16:12:59,1777968779,164166,12104241,5146,2551,63,45.5,36,离线
2026年5月5日,16:13:29,1777968809,164166,12104241,5146,2551,63,45.5,36,离线
2026年5月5日,16:13:59,1777968839,164166,12104241,5146,2551,63,45.5,36,离线
2026年5月5日,16:14:29,1777968869,164166,12104241,5146,2551,63,45.5,36,离线
2026年5月5日,16:14:59,1777968899,164166,12104241,5146,2551,63,45.5,36,离线
2026年5月5日,16:15:29,1777968929,164166,12104241,5146,2551,63,45.5,36,离线
2026年5月5日,16:15:59,1777968959,164166,12104241,5146,2551,63,45.5,36,离线
2026年5月5日,16:16:29,1777968989,164166,12104241,5146,2551,63,45.5,36,离线
2026年5月5日,16:16:59,1777969019,164166,12104241,5146,2551,63,45.5,36,离线
2026年5月5日,16:17:29,1777969049,164166,12104241,5146,2551,63,45.5,36,离线
2026年5月5日,16:17:59,1777969079,164166,12104241,5146,2551,63,45.5,36,离线
2026年5月5日,16:18:29,1777969109,164166,12104241,5146,2551,63,45.5,36,离线
2026年5月5日,16:18:59,1777969139,164166,12104241,5146,2551,63,45.5,36,离线
2026年5月5日,16:19:29,1777969169,164166,12104241,5146,2551,63,45.5,36,离线
2026年5月5日,16:19:59,1777969199,164166,12104241,5146,2551,63,45.5,36,离线
2026年5月5日,16:20:29,1777969229,164166,12104241,5146,2551,63,45.5,36,离线
2026年5月5日,16:20:59,1777969259,164166,12104241,5146,2551,63,45.5,36,离线
2026年5月5日,16:21:29,1777969289,164166,12104241,5146,2551,63,45.5,36,离线
2026年5月5日,16:21:59,1777969319,164166,12104241,5146,2551,63,45.5,36,离线
2026年5月5日,16:22:30,1777969350,164166,12104241,5146,2551,63,45.5,36,离线
2026年5月5日,16:22:59,1777969379,164166,12104241,5146,2551,63,45.5,36,离线
2026年5月5日,16:23:29,1777969409,164166,12104241,5146,2551,63,45.5,36,离线
2026年5月5日,16:23:59,1777969439,164166,12104241,5146,2551,63,45.5,36,离线
2026年5月5日,16:24:29,1777969469,164166,12104241,5146,2551,63,45.5,36,离线
2026年5月5日,16:24:59,1777969499,164166,12104241,5146,2551,63,45.5,36,离线
2026年5月5日,16:25:29,1777969529,164166,12104241,5146,2551,63,45.5,36,离线
2026年5月5日,16:25:59,1777969559,164166,12104241,5146,2551,63,45.5,36,离线
2026年5月5日,16:26:29,1777969589,164166,12104241,5146,2551,63,45.5,36,离线
2026年5月5日,16:26:59,1777969619,164166,12104241,5146,2551,63,45.5,36,离线
2026年5月5日,16:27:29,1777969649,164166,12104241,5146,2551,63,45.5,36,离线
2026年5月5日,16:27:59,1777969679,164166,12104241,5146,2551,63,45.5,36,离线
2026年5月5日,16:28:29,1777969709,164166,12104241,5146,2551,63,45.5,36,离线
2026年5月5日,16:28:59,1777969739,164166,12104241,5146,2551,63,45.5,36,离线
2026年5月5日,16:29:29,1777969769,164166,12104241,5146,2551,63,45.5,36,离线
2026年5月5日,16:29:59,1777969799,164166,12104241,5146,2551,63,45.5,36,离线
2026年5月5日,16:30:29,1777969829,164166,12104241,5146,2551,63,45.5,36,离线
2026年5月5日,16:30:59,1777969859,164166,12104241,5146,2551,63,45.5,36,离线
2026年5月5日,16:31:29,1777969889,164166,12104241,5146,2551,63,45.5,36,离线
2026年5月5日,16:31:59,1777969919,164166,12104241,5146,2551,63,45.5,36,离线
2026年5月5日,16:32:29,1777969949,164166,12104241,5146,2551,63,45.5,36,离线
2026年5月5日,16:32:59,1777969979,164166,12104241,5146,2551,63,45.5,36,离线
2026年5月5日,16:33:29,1777970009,164166,12104241,5146,2551,63,45.5,36,离线
2026年5月5日,16:33:59,1777970039,164166,12104241,5146,2551,63,45.5,36,离线
2026年5月5日,16:34:29,1777970069,164166,12104241,5146,2551,63,45.5,36,离线
2026年5月5日,16:34:59,1777970099,164166,12104241,5146,2551,63,45.5,36,离线
2026年5月5日,16:35:29,1777970129,164166,12104241,5146,2551,63,45.5,36,离线
2026年5月5日,16:35:59,1777970159,164166,12104241,5146,2551,63,45.5,36,离线
2026年5月5日,16:36:29,1777970189,164166,12104241,5146,2551,63,45.5,36,离线
2026年5月5日,16:36:59,1777970219,164166,12104241,5146,2551,63,45.5,36,离线
2026年5月5日,16:37:29,1777970249,164166,12104241,5146,2551,63,45.5,36,离线
2026年5月5日,16:37:59,1777970279,164166,12104241,5146,2551,63,45.5,36,离线
2026年5月5日,16:38:29,1777970309,164166,12104241,5146,2551,63,45.5,36,离线
2026年5月5日,16:38:59,1777970339,164166,12104241,5146,2551,63,45.5,36,离线
2026年5月5日,16:39:29,1777970369,164166,12104241,5146,2551,63,45.5,36,离线
2026年5月5日,16:39:59,1777970399,164166,12104241,5146,2551,63,45.5,36,离线
2026年5月5日,16:40:29,1777970429,164166,12104241,5146,2551,63,45.5,36,离线
2026年5月5日,16:40:59,1777970459,164166,12104241,5146,2551,63,45.5,36,离线
2026年5月5日,16:41:29,1777970489,164166,12104241,5146,2551,63,45.5,36,离线
2026年5月5日,16:41:59,1777970519,164166,12104241,5146,2551,63,45.5,36,离线
2026年5月5日,16:42:29,1777970549,164166,12104241,5146,2551,63,45.5,36,离线
2026年5月5日,16:42:59,1777970579,164166,12104241,5146,2551,63,45.5,36,离线
2026年5月5日,16:43:29,1777970609,164166,12104241,5146,2551,63,45.5,36,离线
2026年5月5日,16:43:59,1777970639,164166,12104241,5146,2551,63,45.5,36,离线
2026年5月5日,16:44:29,1777970669,164166,12104241,5146,2551,63,45.5,36,离线
2026年5月5日,16:44:59,1777970699,164166,12104241,5146,2551,63,45.5,36,离线
2026年5月5日,16:45:29,1777970729,164166,12104241,5146,2551,63,45.5,36,离线
2026年5月5日,16:45:59,1777970759,164166,12104241,5146,2551,63,45.5,36,离线
2026年5月5日,16:46:29,1777970789,164166,12104241,5146,2551,63,45.5,36,离线
2026年5月5日,16:46:59,1777970819,164166,12104241,5146,2551,63,45.5,36,离线
2026年5月5日,16:47:29,1777970849,164166,12104241,5146,2551,63,45.5,36,离线
2026年5月5日,16:47:59,1777970879,164166,12104241,5146,2551,63,45.5,36,离线
2026年5月5日,16:48:29,1777970909,164166,12104241,5146,2551,63,45.5,36,离线
2026年5月5日,16:48:59,1777970939,164166,12104241,5146,2551,63,45.5,36,离线
2026年5月5日,16:49:29,1777970969,164166,12104241,5146,2551,63,45.5,36,离线
2026年5月5日,16:49:59,1777970999,164166,12104241,5146,2551,63,45.5,36,离线
2026年5月5日,16:50:29,1777971029,164166,12104241,5146,2551,63,45.5,36,离线
2026年5月5日,16:50:59,1777971059,164166,12104241,5146,2551,63,45.5,36,离线
2026年5月5日,16:51:29,1777971089,164166,12104241,5146,2551,63,45.5,36,离线
2026年5月5日,16:51:59,1777971119,164166,12104241,5146,2551,63,45.5,36,离线
2026年5月5日,16:52:29,1777971149,164166,12104241,5146,2551,63,45.5,36,离线
2026年5月5日,16:52:59,1777971179,164166,12104241,5146,2551,63,45.5,36,离线
2026年5月5日,16:53:29,1777971209,164166,12104241,5146,2551,63,45.5,36,离线
2026年5月5日,16:53:59,1777971239,164166,12104241,5146,2551,63,45.5,36,离线
2026年5月5日,16:54:29,1777971269,164166,12104241,5146,2551,63,45.5,36,离线
2026年5月5日,16:54:59,1777971299,164166,12104241,5146,2551,63,45.5,36,离线
2026年5月5日,16:55:29,1777971329,164166,12104241,5146,2551,63,45.5,36,离线
2026年5月5日,16:55:59,1777971359,164166,12104241,5146,2551,63,45.5,36,离线
2026年5月5日,16:56:29,1777971389,164166,12104241,5146,2551,63,45.5,36,离线
2026年5月5日,16:56:59,1777971419,164166,12104241,5146,2551,63,45.5,36,离线
2026年5月5日,16:57:29,1777971449,164166,12104241,5146,2551,63,45.5,36,离线
2026年5月5日,16:57:59,1777971479,164166,12104241,5146,2551,63,45.5,36,离线
2026年5月5日,16:58:29,1777971509,164166,12104241,5146,2551,63,45.5,36,离线
2026年5月5日,16:58:59,1777971539,164166,12104241,5146,2551,63,45.5,36,离线
2026年5月5日,16:59:29,1777971569,164166,12104241,5146,2551,63,45.5,36,离线
2026年5月5日,16:59:59,1777971599,164166,12104241,5146,2551,63,45.5,36,离线
2026年5月5日,17:00:29,1777971629,164166,12104241,5146,2551,63,45.5,36,离线
2026年5月5日,17:00:59,1777971659,164166,12104241,5146,2551,63,45.5,36,离线
2026年5月5日,17:01:29,1777971689,164166,12104241,5146,2551,63,45.5,36,离线
2026年5月5日,17:01:59,1777971719,164166,12104241,5146,2551,63,45.5,36,离线
2026年5月5日,17:02:29,1777971749,164166,12104241,5146,2551,63,45.5,36,离线
2026年5月5日,17:02:59,1777971779,164166,12104241,5146,2551,63,45.5,36,离线
2026年5月5日,17:03:29,1777971809,164166,12104241,5146,2551,63,45.5,36,离线
2026年5月5日,17:03:59,1777971839,164166,12104241,5146,2551,63,45.5,36,离线
2026年5月5日,17:04:29,1777971869,164166,12104241,5146,2551,63,45.5,36,离线
2026年5月5日,17:04:59,1777971899,164166,12104241,5146,2551,63,45.5,36,离线
2026年5月5日,17:05:29,1777971929,164166,12104241,5146,2551,63,45.5,36,离线
2026年5月5日,17:05:59,1777971959,164166,12104241,5146,2551,63,45.5,36,离线
2026年5月5日,17:06:29,1777971989,164166,12104241,5146,2551,63,45.5,36,离线
2026年5月5日,17:06:59,1777972019,164166,12104241,5146,2551,63,45.5,36,离线
2026年5月5日,17:07:29,1777972049,164166,12104241,5146,2551,63,45.5,36,离线
2026年5月5日,17:07:59,1777972079,164166,12104241,5146,2551,63,45.5,36,离线
2026年5月5日,17:08:29,1777972109,164166,12104241,5146,2551,63,45.5,36,离线
2026年5月5日,17:08:59,1777972139,164166,12104241,5146,2551,63,45.5,36,离线
2026年5月5日,17:09:29,1777972169,164166,12104241,5146,2551,63,45.5,36,离线
2026年5月5日,17:09:59,1777972199,164166,12104241,5146,2551,63,45.5,36,离线
2026年5月5日,17:10:29,1777972229,164166,12104241,5146,2551,63,45.5,36,离线
2026年5月5日,17:10:59,1777972259,164166,12104241,5146,2551,63,45.5,36,离线
2026年5月5日,17:11:30,1777972290,164166,12104241,5146,2551,63,45.5,36,离线
2026年5月5日,17:11:59,1777972319,164166,12104241,5146,2551,63,45.5,36,离线
2026年5月5日,17:12:29,1777972349,164166,12104241,5146,2551,63,45.5,36,离线
2026年5月5日,17:13:08,1777972388,164166,12104241,5146,2551,63,45.5,36,离线
2026年5月5日,17:13:31,1777972411,164166,12104241,5146,2551,63,45.5,36,离线
2026年5月5日,17:14:00,1777972440,164166,12104241,5146,2551,63,45.5,36,离线
2026年5月5日,17:14:29,1777972469,164166,12104241,5146,2551,63,45.5,36,离线
2026年5月5日,17:15:00,1777972500,164166,12104241,5146,2551,63,45.5,36,离线
2026年5月5日,17:15:29,1777972529,164166,12104241,5146,2551,63,45.5,36,离线
2026年5月5日,17:15:59,1777972559,164166,12104241,5146,2551,63,45.5,36,离线
2026年5月5日,17:16:29,1777972589,164166,12104241,5146,2551,63,45.5,36,离线
2026年5月5日,17:16:59,1777972619,164166,12104241,5146,2551,63,45.5,36,离线
2026年5月5日,17:17:29,1777972649,164166,12104241,5146,2551,63,45.5,36,离线
2026年5月5日,17:18:00,1777972680,164166,12104241,5146,2551,63,45.5,36,离线
2026年5月5日,17:18:29,1777972709,164166,12104241,5146,2551,63,45.5,36,离线
2026年5月5日,17:18:59,1777972739,164166,12104241,5146,2551,63,45.5,36,离线
2026年5月5日,17:19:30,1777972770,164166,12104241,5146,2551,63,45.5,36,离线
2026年5月5日,17:19:59,1777972799,164166,12104241,5146,2551,63,45.5,36,离线
2026年5月5日,17:20:29,1777972829,164166,12104241,5146,2551,63,45.5,36,离线
2026年5月5日,17:20:59,1777972859,164166,12104241,5146,2551,63,45.5,36,离线
2026年5月5日,17:21:29,1777972889,164166,12104241,5146,2551,63,45.5,36,离线
2026年5月5日,17:21:59,1777972919,164166,12104241,5146,2551,63,45.5,36,离线
2026年5月5日,17:22:29,1777972949,164166,12104241,5146,2551,63,45.5,36,离线
2026年5月5日,17:22:59,1777972979,164166,12104241,5146,2551,63,45.5,36,离线
2026年5月5日,17:23:29,1777973009,164166,12104241,5146,2551,63,45.5,36,离线
2026年5月5日,17:24:00,1777973040,164166,12104241,5145,2470,61,44.14,33,在线
2026年5月5日,17:24:29,1777973069,164166,12104241,5145,2470,61,44.14,33,在线
2026年5月5日,17:25:00,1777973100,164166,12104241,5145,2470,61,44.14,33,在线
2026年5月5日,17:25:29,1777973129,164166,12104241,5145,2470,61,44.14,33,在线
2026年5月5日,17:25:59,1777973159,164166,12104241,5145,2470,61,44.14,33,在线
2026年5月5日,17:26:29,1777973189,164166,12104241,5145,2470,61,44.14,33,在线
2026年5月5日,17:27:00,1777973220,164166,12104241,5145,2470,61,44.14,33,在线
2026年5月5日,17:27:29,1777973249,164166,12104241,5145,2470,61,44.14,33,在线
2026年5月5日,17:27:59,1777973279,164166,12104241,5238,2470,59,0,33,在线
2026年5月5日,17:28:29,1777973309,164166,12104241,5140,2381,59,46.23,33,在线
2026年5月5日,17:28:59,1777973339,164166,12104241,5140,2381,59,46.23,33,在线
2026年5月5日,17:29:29,1777973369,164166,12104241,5140,2381,59,46.23,33,在线
2026年5月5日,17:29:59,1777973399,164166,12104241,5140,2381,59,46.23,33,在线
2026年5月5日,17:30:29,1777973429,164166,12104241,5209,2321,58,0,33,在线
2026年5月5日,17:30:59,1777973459,164166,12104241,5209,2321,58,0,33,在线
2026年5月5日,17:31:29,1777973489,164166,12104241,5209,2321,58,0,33,在线
2026年5月5日,17:31:59,1777973519,164166,12104241,5209,2321,58,0,33,在线
2026年5月5日,17:32:29,1777973549,164166,12104241,5209,2321,58,0,33,在线
2026年5月5日,17:32:59,1777973579,164166,12104241,5209,2321,58,0,33,在线
2026年5月5日,17:33:29,1777973609,164166,12104241,5209,2321,58,0,33,在线
2026年5月5日,17:33:59,1777973639,164166,12104241,5209,2321,58,0,33,在线
2026年5月5日,17:34:29,1777973669,164166,12104241,5209,2321,58,0,33,在线
2026年5月5日,17:34:59,1777973699,164166,12104241,5209,2321,58,0,33,在线
2026年5月5日,17:35:29,1777973729,164166,12104241,5194,2321,53,0,34,在线
2026年5月5日,17:35:59,1777973759,164166,12104241,5194,2321,53,0,34,在线
2026年5月5日,17:36:29,1777973789,164166,12104241,5194,2321,53,0,34,在线
2026年5月5日,17:36:59,1777973819,164166,12104241,5227,2101,52,0,34,在线
2026年5月5日,17:39:59,1777973999,164166,12104241,5227,2101,52,0,34,在线
2026年5月5日,17:41:59,1777974119,164166,12104241,5248,2101,52,0,34,在线
2026年5月5日,17:44:59,1777974299,164166,12104241,5158,2093,52,33.53,34,在线
2026年5月5日,17:45:29,1777974329,164166,12104241,5158,2093,52,33.53,34,在线
2026年5月5日,17:45:59,1777974359,164166,12104241,5158,2093,52,33.53,34,在线
2026年5月5日,17:46:29,1777974389,164166,12104241,5247,2093,52,0,34,在线
2026年5月5日,17:49:29,1777974569,164166,12104241,5247,2093,52,0,34,在线
2026年5月5日,17:49:59,1777974599,164166,12104241,5247,2093,52,0,34,在线
2026年5月5日,17:50:59,1777974659,164166,12104241,5125,2063,51,47.53,34,在线
2026年5月5日,17:51:29,1777974689,164166,12104241,5125,2063,51,47.53,34,在线
2026年5月5日,17:51:59,1777974719,164166,12104241,5125,2063,51,47.53,34,在线
2026年5月5日,17:52:29,1777974749,164166,12104241,5125,2063,51,47.53,34,在线
2026年5月5日,17:52:59,1777974779,164166,12104241,5237,2063,51,0,34,在线
2026年5月5日,17:53:29,1777974809,164166,12104241,5118,2027,50,46.16,34,在线
2026年5月5日,17:53:59,1777974839,164166,12104241,5118,2027,50,46.16,34,在线
2026年5月5日,17:54:29,1777974869,164166,12104241,5118,2027,50,46.16,34,在线
2026年5月5日,17:54:59,1777974899,164166,12104241,5118,2027,50,46.16,34,在线
2026年5月5日,17:55:29,1777974929,164166,12104241,5118,2027,50,46.16,34,在线
2026年5月5日,17:55:59,1777974959,164166,12104241,5118,2027,50,46.16,34,在线
2026年5月5日,17:56:29,1777974989,164166,12104241,5118,2027,50,46.16,34,在线
2026年5月5日,17:56:59,1777975019,164166,12104241,5118,2027,50,46.16,34,在线
2026年5月5日,17:57:29,1777975049,164166,12104241,5118,2027,50,46.16,34,在线
2026年5月5日,17:57:59,1777975079,164166,12104241,5118,2027,50,46.16,34,在线
2026年5月5日,17:58:29,1777975109,164166,12104241,5110,2027,47,29.19,34,在线
2026年5月5日,17:58:59,1777975139,164166,12104241,5110,2027,47,29.19,34,在线
2026年5月5日,17:59:29,1777975169,164166,12104241,5110,2027,47,29.19,34,在线
2026年5月5日,17:59:59,1777975199,164166,12104241,5110,2027,47,29.19,34,在线
2026年5月5日,18:00:29,1777975229,164166,12104241,5110,2027,47,29.19,34,在线
2026年5月5日,18:00:59,1777975259,164166,12104241,5110,2027,47,29.19,34,在线
2026年5月5日,18:01:29,1777975289,164166,12104241,5110,2027,47,29.19,34,在线
2026年5月5日,18:01:59,1777975319,164166,12104241,5205,1762,44,0,35,在线
2026年5月5日,18:02:29,1777975349,164166,12104241,5205,1762,44,0,35,在线
2026年5月5日,18:03:29,1777975409,164166,12104241,5104,1762,44,46.1,35,在线
2026年5月5日,18:03:59,1777975439,164166,12104241,5104,1762,44,46.1,35,在线
2026年5月5日,18:04:29,1777975469,164166,12104241,5104,1762,44,46.1,35,在线
2026年5月5日,18:04:59,1777975499,164166,12104241,5104,1762,44,46.1,35,在线
2026年5月5日,18:05:29,1777975529,164166,12104241,5104,1762,44,46.1,35,在线
2026年5月5日,18:05:59,1777975559,164166,12104241,5093,1762,42,46.1,35,在线
2026年5月5日,18:06:29,1777975589,164166,12104241,5093,1762,42,46.1,35,在线
2026年5月5日,18:06:59,1777975619,164166,12104241,5093,1762,42,46.1,35,在线
2026年5月5日,18:07:29,1777975649,164166,12104241,5093,1762,42,46.1,35,在线
2026年5月5日,18:07:59,1777975679,164166,12104241,5093,1762,42,46.1,35,在线
2026年5月5日,18:08:29,1777975709,164166,12104241,5174,1593,40,0.1,35,在线
2026年5月5日,18:08:59,1777975739,164166,12104241,5174,1593,40,0.1,35,在线
2026年5月5日,18:09:29,1777975769,164166,12104241,5196,1593,40,0,36,在线
2026年5月5日,18:09:59,1777975799,164166,12104241,5196,1593,40,0,36,在线
2026年5月5日,18:11:29,1777975889,164166,12104241,5124,1583,39,28.56,35,在线
2026年5月5日,18:11:59,1777975919,164166,12104241,5124,1583,39,28.56,35,在线
2026年5月5日,18:12:29,1777975949,164166,12104241,5124,1583,39,28.56,35,在线
2026年5月5日,18:12:59,1777975979,164166,12104241,5124,1583,39,28.56,35,在线
2026年5月5日,18:13:29,1777976009,164166,12104241,5124,1583,39,28.56,35,在线
2026年5月5日,18:13:59,1777976039,164166,12104241,5124,1583,39,28.56,35,在线
2026年5月5日,18:14:29,1777976069,164166,12104241,5124,1583,39,28.56,35,在线
2026年5月5日,18:14:59,1777976099,164166,12104241,5124,1583,39,28.56,35,在线
2026年5月5日,18:15:29,1777976129,164166,12104241,5124,1583,39,28.56,35,在线
2026年5月5日,18:15:59,1777976159,164166,12104241,5124,1583,39,28.56,35,在线
2026年5月5日,18:16:29,1777976189,164166,12104241,5038,1583,35,46.56,36,在线
2026年5月5日,18:16:59,1777976219,164166,12104241,5038,1583,35,46.56,36,在线
2026年5月5日,18:17:29,1777976249,164166,12104241,5038,1583,35,46.56,36,在线
2026年5月5日,18:17:59,1777976279,164166,12104241,5038,1583,35,46.56,36,在线
2026年5月5日,18:18:29,1777976309,164166,12104241,5038,1583,35,46.56,36,在线
2026年5月5日,18:18:59,1777976339,164166,12104241,5038,1583,35,46.56,36,在线
2026年5月5日,18:19:29,1777976369,164166,12104241,5038,1583,35,46.56,36,在线
2026年5月5日,18:19:59,1777976399,164166,12104241,5038,1583,35,46.56,36,在线
2026年5月5日,18:20:29,1777976429,164166,12104241,5038,1583,35,46.56,36,在线
2026年5月5日,18:20:59,1777976459,164166,12104241,5038,1583,35,46.56,36,在线
2026年5月5日,18:21:29,1777976489,164166,12104241,5077,1246,31,10.91,37,在线
2026年5月5日,18:21:59,1777976519,164166,12104241,5077,1246,31,10.91,37,在线
2026年5月5日,18:22:29,1777976549,164166,12104241,5077,1246,31,10.91,37,在线
2026年5月5日,18:22:59,1777976579,164166,12104241,5077,1246,31,10.91,37,在线
2026年5月5日,18:23:29,1777976609,164166,12104241,5077,1246,31,10.91,37,在线
2026年5月5日,18:23:59,1777976639,164166,12104241,5077,1246,31,10.91,37,在线
2026年5月5日,18:24:29,1777976669,164166,12104241,5077,1246,31,10.91,37,在线
2026年5月5日,18:24:59,1777976699,164166,12104241,5077,1246,31,10.91,37,在线
2026年5月5日,18:25:29,1777976729,164166,12104241,5077,1246,31,10.91,37,在线
2026年5月5日,18:25:59,1777976759,164166,12104241,5077,1246,31,10.91,37,在线
2026年5月5日,18:26:29,1777976789,164166,12104241,5103,1246,28,0.24,38,在线
2026年5月5日,18:26:59,1777976819,164166,12101754,5526,4644,100,0,38,在线
2026年5月5日,18:27:29,1777976849,164166,12101754,5434,4644,100,8.95,37,在线
2026年5月5日,18:27:59,1777976879,164166,12101754,5434,4644,100,8.95,37,在线
2026年5月5日,18:28:29,1777976909,164166,12101754,5434,4644,100,8.95,37,在线
2026年5月5日,18:28:59,1777976939,164166,12101754,5396,4630,100,0,37,在线
2026年5月5日,18:29:59,1777976999,164166,12101754,5396,4630,100,0,37,在线
2026年5月5日,18:37:59,1777977479,164166,12101754,5270,4622,100,40.6,37,在线
2026年5月5日,18:38:29,1777977509,164166,12101754,5270,4622,100,40.6,37,在线
2026年5月5日,18:38:59,1777977539,164166,12101754,5270,4622,100,40.6,37,在线
2026年5月5日,18:39:29,1777977569,164166,12101754,5270,4622,100,40.6,37,在线
2026年5月5日,18:39:59,1777977599,164166,12101754,5270,4622,100,40.6,37,在线
2026年5月5日,18:40:29,1777977629,164166,12101754,5270,4622,100,40.6,37,在线
2026年5月5日,18:40:59,1777977659,164166,12101754,5270,4622,100,40.6,37,在线
2026年5月5日,18:41:29,1777977689,164166,12101754,5270,4622,100,40.6,37,在线
2026年5月5日,18:41:59,1777977719,164166,12101754,5270,4622,100,40.6,37,在线
2026年5月5日,18:42:29,1777977749,164166,12101754,5320,4622,98,0,37,在线
2026年5月5日,18:46:59,1777978019,164166,12101754,5326,4622,98,0,37,在线
2026年5月5日,18:47:29,1777978049,164166,12101754,5327,4554,98,0,37,在线
2026年5月5日,18:47:59,1777978079,164166,12101754,5226,4554,98,47.88,37,在线
2026年5月5日,18:48:29,1777978109,164166,12101754,5226,4554,98,47.88,37,在线
2026年5月5日,18:48:59,1777978139,164166,12101754,5226,4554,98,47.88,37,在线
2026年5月5日,18:49:29,1777978169,164166,12101754,5226,4554,98,47.88,37,在线
2026年5月5日,18:49:59,1777978199,164166,12101754,5226,4554,98,47.88,37,在线
2026年5月5日,18:50:29,1777978229,164166,12101754,5226,4554,98,47.88,37,在线
2026年5月5日,18:50:59,1777978259,164166,12101754,5226,4554,98,47.88,37,在线
2026年5月5日,18:51:29,1777978289,164166,12101754,5226,4554,98,47.88,37,在线
2026年5月5日,18:51:59,1777978319,164166,12101754,5226,4554,98,47.88,37,在线
2026年5月5日,18:52:29,1777978349,164166,12101754,5226,4554,98,47.88,37,在线
2026年5月5日,18:52:59,1777978379,164166,12101754,5299,4417,95,0,37,在线
2026年5月5日,18:53:29,1777978409,164166,12101754,5299,4417,95,0,37,在线
2026年5月5日,18:53:59,1777978439,164166,12101754,5299,4417,95,0,37,在线
2026年5月5日,18:54:29,1777978469,164166,12101754,5299,4417,95,0,37,在线
2026年5月5日,18:55:02,1777978502,164166,12101754,5299,4417,95,0,37,在线
2026年5月5日,18:55:34,1777978534,164166,12101754,5299,4417,95,0,37,在线
2026年5月5日,18:56:02,1777978562,164166,12101754,5299,4417,95,0,37,在线
2026年5月5日,18:56:30,1777978590,164166,12101754,5299,4417,95,0,37,在线
2026年5月5日,18:56:59,1777978619,164166,12101754,5299,4417,95,0,37,在线
2026年5月5日,18:57:33,1777978653,164166,12101754,5299,4417,95,0,37,在线
2026年5月5日,18:58:01,1777978681,164166,12101754,5205,4417,90,46.63,38,在线
2026年5月5日,18:58:29,1777978709,164166,12101754,5205,4417,90,46.63,38,在线
2026年5月5日,18:59:00,1777978740,164166,12101754,5205,4417,90,46.63,38,在线
2026年5月5日,18:59:29,1777978769,164166,12101754,5205,4417,90,46.63,38,在线
2026年5月5日,18:59:59,1777978799,164166,12101754,5319,4163,90,0,38,在线
2026年5月5日,19:06:29,1777979189,164166,12101754,5230,4157,90,46.44,38,在线
2026年5月5日,19:06:59,1777979219,164166,12101754,5230,4157,90,46.44,38,在线
2026年5月5日,19:07:29,1777979249,164166,12101754,5230,4157,90,46.44,38,在线
2026年5月5日,19:07:59,1777979279,164166,12101754,5230,4157,90,46.44,38,在线
2026年5月5日,19:08:29,1777979309,164166,12101754,5230,4157,90,46.44,38,在线
2026年5月5日,19:09:02,1777979342,164166,12101754,5230,4157,90,46.44,38,在线
2026年5月5日,19:09:29,1777979369,164166,12101754,5230,4157,90,46.44,38,在线
2026年5月5日,19:09:59,1777979399,164166,12101754,5230,4157,90,46.44,38,在线
2026年5月5日,19:10:29,1777979429,164166,12101754,5230,4157,90,46.44,38,在线
2026年5月5日,19:10:59,1777979459,164166,12101754,5230,4157,90,46.44,38,在线
2026年5月5日,19:11:32,1777979492,164166,12101754,5317,4157,86,0.44,38,在线
2026年5月5日,19:11:59,1777979519,164166,12101754,5320,3999,86,0,38,在线
2026年5月5日,19:12:31,1777979551,164166,12101754,5320,3999,86,0,38,在线
2026年5月5日,19:13:03,1777979583,164166,12101754,5320,3999,86,0,38,在线
2026年5月5日,19:14:03,1777979643,164166,12101754,5222,3999,86,46.3,38,在线
2026年5月5日,19:14:30,1777979670,164166,12101754,5222,3999,86,46.3,38,在线
2026年5月5日,19:15:00,1777979700,164166,12101754,5222,3999,86,46.3,38,在线
2026年5月5日,19:15:34,1777979734,164166,12101754,5322,3981,86,0,38,在线
2026年5月5日,19:16:03,1777979763,164166,12101754,5322,3981,86,0,38,在线
2026年5月5日,19:16:59,1777979819,164166,12101754,5322,3981,86,0,38,在线
2026年5月5日,19:17:30,1777979850,164166,12101754,5214,3981,85,48.28,38,在线
2026年5月5日,19:18:00,1777979880,164166,12101754,5214,3981,85,48.28,38,在线
2026年5月5日,19:19:00,1777979940,164166,12101754,5214,3981,85,48.28,38,在线
2026年5月5日,19:19:29,1777979969,164166,12101754,5214,3981,85,48.28,38,在线
2026年5月5日,19:19:59,1777979999,164166,12101754,5214,3981,85,48.28,38,在线
2026年5月5日,19:20:29,1777980029,164166,12101754,5214,3981,85,48.28,38,在线
2026年5月5日,19:20:59,1777980059,164166,12101754,5214,3981,85,48.28,38,在线
2026年5月5日,19:21:31,1777980091,164166,12101754,5214,3981,85,48.28,38,在线
2026年5月5日,19:22:29,1777980149,164166,12101754,5233,3764,81,23.49,38,在线
2026年5月5日,19:23:01,1777980181,164166,12101754,5233,3764,81,23.49,38,在线
2026年5月5日,19:23:29,1777980209,164166,12101754,5233,3764,81,23.49,38,在线
2026年5月5日,19:23:59,1777980239,164166,12101754,5233,3764,81,23.49,38,在线
2026年5月5日,19:24:34,1777980274,164166,12101754,5233,3764,81,23.49,38,在线
2026年5月5日,19:24:59,1777980299,164166,12101754,5233,3764,81,23.49,38,在线
2026年5月5日,19:25:29,1777980329,164166,12101754,5233,3764,81,23.49,38,在线
2026年5月5日,19:25:59,1777980359,164166,12101754,5233,3764,81,23.49,38,在线
2026年5月5日,19:26:29,1777980389,164166,12101754,5233,3764,81,23.49,38,在线
2026年5月5日,19:26:59,1777980419,164166,12101754,5233,3764,81,23.49,38,在线
2026年5月5日,19:27:30,1777980450,164166,12101754,5261,3764,77,0,39,在线
2026年5月5日,19:27:59,1777980479,164166,12101754,5261,3764,77,0,39,在线
2026年5月5日,19:28:29,1777980509,164166,12101754,5261,3764,77,0,39,在线
2026年5月5日,19:28:59,1777980539,164166,12101754,5261,3764,77,0,39,在线
2026年5月5日,19:29:30,1777980570,164166,12101754,5261,3764,77,0,39,在线
2026年5月5日,19:30:00,1777980600,164166,12101754,5285,3555,77,0,39,在线
2026年5月5日,19:39:59,1777981199,164166,12101754,5293,3548,76,0,39,在线
2026年5月5日,19:49:59,1777981799,164166,12101754,5292,3548,76,0,39,在线
2026年5月5日,19:54:59,1777982099,164166,12101754,5291,3536,76,0,38,在线
2026年5月5日,19:57:29,1777982249,164166,12101754,5287,3536,76,0.66,38,在线
2026年5月5日,19:58:02,1777982282,164166,12101754,5287,3536,76,0.66,38,在线
2026年5月5日,19:58:29,1777982309,164166,12101754,5287,3536,76,0.66,38,在线
2026年5月5日,19:58:59,1777982339,164166,12101754,5287,3536,76,0.66,38,在线
2026年5月5日,19:59:29,1777982369,164166,12101754,5287,3536,76,0.66,38,在线
2026年5月5日,19:59:59,1777982399,164166,12101754,5287,3536,76,0.66,38,在线
2026年5月5日,20:00:29,1777982429,164166,12101754,5287,3536,76,0.66,38,在线
2026年5月5日,20:00:59,1777982459,164166,12101754,5287,3536,76,0.66,38,在线
2026年5月5日,20:01:29,1777982489,164166,12101754,5287,3536,76,0.66,38,在线
2026年5月5日,20:02:01,1777982521,164166,12101754,5287,3536,76,0.66,38,在线
2026年5月5日,20:02:29,1777982549,164166,12101754,5169,3339,72,47.99,38,在线
2026年5月5日,20:02:59,1777982579,164166,12101754,5169,3339,72,47.99,38,在线
2026年5月5日,20:03:29,1777982609,164166,12101754,5169,3339,72,47.99,38,在线
2026年5月5日,20:03:59,1777982639,164166,12101754,5169,3339,72,47.99,38,在线
2026年5月5日,20:04:29,1777982669,164166,12101754,5169,3339,72,47.99,38,在线
2026年5月5日,20:04:59,1777982699,164166,12101754,5169,3339,72,47.99,38,在线
2026年5月5日,20:05:34,1777982734,164166,12101754,5169,3339,72,47.99,38,在线
2026年5月5日,20:05:59,1777982759,164166,12101754,5169,3339,72,47.99,38,在线
2026年5月5日,20:06:31,1777982791,164166,12101754,5169,3339,72,47.99,38,在线
2026年5月5日,20:06:59,1777982819,164166,12101754,5169,3339,72,47.99,38,在线
2026年5月5日,20:07:32,1777982852,164166,12101754,5139,3339,68,47.82,38,在线
2026年5月5日,20:07:59,1777982879,164166,12101754,5139,3339,68,47.82,38,在线
2026年5月5日,20:08:29,1777982909,164166,12101754,5139,3339,68,47.82,38,在线
2026年5月5日,20:09:00,1777982940,164166,12101754,5139,3339,68,47.82,38,在线
2026年5月5日,20:09:29,1777982969,164166,12101754,5139,3339,68,47.82,38,在线
2026年5月5日,20:09:59,1777982999,164166,12101754,5139,3339,68,47.82,38,在线
2026年5月5日,20:10:29,1777983029,164166,12101754,5139,3339,68,47.82,38,在线
2026年5月5日,20:10:59,1777983059,164166,12101754,5139,3339,68,47.82,38,在线
2026年5月5日,20:11:29,1777983089,164166,12101754,5139,3339,68,47.82,38,在线
2026年5月5日,20:11:59,1777983119,164166,12101754,5139,3339,68,47.82,38,在线
2026年5月5日,20:12:29,1777983149,164166,12101754,5133,3035,65,48.03,38,在线
2026年5月5日,20:13:03,1777983183,164166,12101754,5133,3035,65,48.03,38,在线
2026年5月5日,20:13:29,1777983209,164166,12101754,5133,3035,65,48.03,38,在线
2026年5月5日,20:14:03,1777983243,164166,12101754,5133,3035,65,48.03,38,在线
2026年5月5日,20:14:29,1777983269,164166,12101754,5133,3035,65,48.03,38,在线
2026年5月5日,20:14:59,1777983299,164166,12101754,5133,3035,65,48.03,38,在线
2026年5月5日,20:15:29,1777983329,164166,12101754,5133,3035,65,48.03,38,在线
2026年5月5日,20:15:59,1777983359,164166,12101754,5133,3035,65,48.03,38,在线
2026年5月5日,20:16:29,1777983389,164166,12101754,5133,3035,65,48.03,38,在线
2026年5月5日,20:16:59,1777983419,164166,12101754,5133,3035,65,48.03,38,在线
2026年5月5日,20:17:29,1777983449,164166,12101754,5133,3035,65,48.03,38,在线
2026年5月5日,20:18:00,1777983480,164166,12101754,5133,3035,65,48.03,38,在线
2026年5月5日,20:18:29,1777983509,164166,12101754,5133,3035,65,48.03,38,在线
2026年5月5日,20:18:59,1777983539,164166,12101754,5133,3035,65,48.03,38,在线
2026年5月5日,20:19:29,1777983569,164166,12101754,5133,3035,65,48.03,38,在线
2026年5月5日,20:19:59,1777983599,164166,12101754,5133,3035,65,48.03,38,在线
2026年5月5日,20:20:33,1777983633,164166,12101754,5133,3035,65,48.03,38,在线
2026年5月5日,20:20:59,1777983659,164166,12101754,5133,3035,65,48.03,38,在线
2026年5月5日,20:21:31,1777983691,164166,12101754,5133,3035,65,48.03,38,在线
2026年5月5日,20:21:59,1777983719,164166,12101754,5133,3035,65,48.03,38,在线
2026年5月5日,20:22:29,1777983749,164166,12101754,5133,3035,65,48.03,38,在线
2026年5月5日,20:22:59,1777983779,164166,12101754,5133,3035,65,48.03,38,在线
2026年5月5日,20:23:29,1777983809,164166,12101754,5133,3035,65,48.03,38,在线
2026年5月5日,20:23:59,1777983839,164166,12101754,5133,3035,65,48.03,38,在线
2026年5月5日,20:24:29,1777983869,164166,12101754,5133,3035,65,48.03,38,在线
2026年5月5日,20:24:59,1777983899,164166,12101754,5133,3035,65,48.03,38,在线
2026年5月5日,20:25:29,1777983929,164166,12101754,5133,3035,65,48.03,38,在线
2026年5月5日,20:25:59,1777983959,164166,12101754,5133,3035,65,48.03,38,在线
2026年5月5日,20:26:29,1777983989,164166,12101754,5133,3035,65,48.03,38,在线
2026年5月5日,20:27:00,1777984020,164166,12101754,5133,3035,65,48.03,38,在线
2026年5月5日,20:27:33,1777984053,164166,12101754,5133,3035,65,48.03,38,在线
2026年5月5日,20:28:01,1777984081,164166,12101754,5133,3035,65,48.03,38,在线
2026年5月5日,20:28:29,1777984109,164166,12101754,5133,3035,65,48.03,38,在线
2026年5月5日,20:28:59,1777984139,164166,12101754,5133,3035,65,48.03,38,在线
2026年5月5日,20:29:29,1777984169,164166,12101754,5133,3035,65,48.03,38,在线
2026年5月5日,20:29:59,1777984199,164166,12101754,5133,3035,65,48.03,38,在线
2026年5月5日,20:30:31,1777984231,164166,12101754,5133,3035,65,48.03,38,在线
2026年5月5日,20:30:59,1777984259,164166,12101754,5133,3035,65,48.03,38,在线
2026年5月5日,20:31:29,1777984289,164166,12101754,5133,3035,65,48.03,38,在线
2026年5月5日,20:32:03,1777984323,164166,12101754,5133,3035,65,48.03,38,在线
2026年5月5日,20:32:29,1777984349,164166,12101754,5133,3035,65,48.03,38,在线
2026年5月5日,20:33:02,1777984382,164166,12101754,5133,3035,65,48.03,38,在线
2026年5月5日,20:33:29,1777984409,164166,12101754,5133,3035,65,48.03,38,在线
2026年5月5日,20:33:59,1777984439,164166,12101754,5133,3035,65,48.03,38,在线
2026年5月5日,20:34:29,1777984469,164166,12101754,5133,3035,65,48.03,38,在线
2026年5月5日,20:34:59,1777984499,164166,12101754,5133,3035,65,48.03,38,在线
2026年5月5日,20:35:29,1777984529,164166,12101754,5133,3035,65,48.03,38,在线
2026年5月5日,20:36:00,1777984560,164166,12101754,5133,3035,65,48.03,38,在线
2026年5月5日,20:36:29,1777984589,164166,12101754,5133,3035,65,48.03,38,在线
2026年5月5日,20:37:01,1777984621,164166,12101754,5133,3035,65,48.03,38,在线
2026年5月5日,20:37:59,1777984679,164166,12101754,5133,3035,65,48.03,38,在线
2026年5月5日,20:38:29,1777984709,164166,12101754,5133,3035,65,48.03,38,在线
2026年5月5日,20:38:59,1777984739,164166,12101754,5133,3035,65,48.03,38,在线
2026年5月5日,20:39:29,1777984769,164166,12101754,5133,3035,65,48.03,38,在线
2026年5月5日,20:39:59,1777984799,164166,12101754,5133,3035,65,48.03,38,在线
2026年5月5日,20:40:34,1777984834,164166,12101754,5133,3035,65,48.03,38,在线
2026年5月5日,20:40:59,1777984859,164166,12101754,5133,3035,65,48.03,38,在线
2026年5月5日,20:41:29,1777984889,164166,12101754,5133,3035,65,48.03,38,在线
2026年5月5日,20:41:59,1777984919,164166,12101754,5133,3035,65,48.03,38,在线
2026年5月5日,20:42:30,1777984950,164166,12101754,5133,3035,65,48.03,38,在线
2026年5月5日,20:42:59,1777984979,164166,12101754,5133,3035,65,48.03,38,在线
2026年5月5日,20:43:29,1777985009,164166,12101754,5133,3035,65,48.03,38,在线
2026年5月5日,20:43:59,1777985039,164166,12101754,5133,3035,65,48.03,38,在线
2026年5月5日,20:44:29,1777985069,164166,12101754,5133,3035,65,48.03,38,在线
2026年5月5日,20:44:59,1777985099,164166,12101754,5133,3035,65,48.03,38,在线
2026年5月5日,20:45:29,1777985129,164166,12101754,5133,3035,65,48.03,38,在线
2026年5月5日,20:46:02,1777985162,164166,12101754,5133,3035,65,48.03,38,在线
2026年5月5日,20:46:29,1777985189,164166,12101754,5133,3035,65,48.03,38,在线
2026年5月5日,20:46:59,1777985219,164166,12101754,5133,3035,65,48.03,38,在线
2026年5月5日,20:47:29,1777985249,164166,12101754,5133,3035,65,48.03,38,在线
2026年5月5日,20:47:59,1777985279,164166,12101754,5133,3035,65,48.03,38,在线
2026年5月5日,20:48:29,1777985309,164166,12101754,5133,3035,65,48.03,38,在线
2026年5月5日,20:48:59,1777985339,164166,12101754,5133,3035,65,48.03,38,在线
2026年5月5日,20:49:33,1777985373,164166,12101754,5133,3035,65,48.03,38,在线
2026年5月5日,20:49:59,1777985399,164166,12101754,5133,3035,65,48.03,38,在线
2026年5月5日,20:50:29,1777985429,164166,12101754,5133,3035,65,48.03,38,在线
2026年5月5日,20:50:59,1777985459,164166,12101754,5133,3035,65,48.03,38,在线
2026年5月5日,20:51:29,1777985489,164166,12101754,5133,3035,65,48.03,38,在线
2026年5月5日,20:51:59,1777985519,164166,12101754,5133,3035,65,48.03,38,在线
2026年5月5日,20:52:29,1777985549,164166,12101754,5133,3035,65,48.03,38,在线
2026年5月5日,20:52:59,1777985579,164166,12101754,5133,3035,65,48.03,38,在线
2026年5月5日,20:53:29,1777985609,164166,12101754,5133,3035,65,48.03,38,在线
2026年5月5日,20:53:59,1777985639,164166,12101754,5133,3035,65,48.03,38,在线
2026年5月5日,20:54:29,1777985669,164166,12101754,5133,3035,65,48.03,38,在线
2026年5月5日,20:54:59,1777985699,164166,12101754,5133,3035,65,48.03,38,在线
2026年5月5日,20:55:29,1777985729,164166,12101754,5133,3035,65,48.03,38,在线
2026年5月5日,20:56:02,1777985762,164166,12101754,5133,3035,65,48.03,38,在线
2026年5月5日,20:56:29,1777985789,164166,12101754,5133,3035,65,48.03,38,在线
2026年5月5日,20:57:04,1777985824,164166,12101754,5133,3035,65,48.03,38,在线
2026年5月5日,20:57:29,1777985849,164166,12101754,5133,3035,65,48.03,38,在线
2026年5月5日,20:57:59,1777985879,164166,12101754,5133,3035,65,48.03,38,在线
2026年5月5日,20:58:29,1777985909,164166,12101754,5133,3035,65,48.03,38,在线
2026年5月5日,20:59:02,1777985942,164166,12101754,5133,3035,65,48.03,38,在线
2026年5月5日,20:59:29,1777985969,164166,12101754,5133,3035,65,48.03,38,在线
2026年5月5日,20:59:59,1777985999,164166,12101754,5133,3035,65,48.03,38,在线
2026年5月5日,21:00:32,1777986032,164166,12101754,5133,3035,65,48.03,38,在线
2026年5月5日,21:00:59,1777986059,164166,12101754,5133,3035,65,48.03,38,在线
2026年5月5日,21:01:29,1777986089,164166,12101754,5133,3035,65,48.03,38,在线
2026年5月5日,21:01:59,1777986119,164166,12101754,5133,3035,65,48.03,38,在线
2026年5月5日,21:02:29,1777986149,164166,12101754,5133,3035,65,48.03,38,在线
2026年5月5日,21:02:59,1777986179,164166,12101754,5133,3035,65,48.03,38,在线
2026年5月5日,21:03:29,1777986209,164166,12101754,5133,3035,65,48.03,38,在线
2026年5月5日,21:03:59,1777986239,164166,12101754,5133,3035,65,48.03,38,在线
2026年5月5日,21:04:29,1777986269,164166,12101754,5133,3035,65,48.03,38,在线
2026年5月5日,21:04:59,1777986299,164166,12101754,5133,3035,65,48.03,38,在线
2026年5月5日,21:05:29,1777986329,164166,12101754,5133,3035,65,48.03,38,在线
2026年5月5日,21:06:00,1777986360,164166,12101754,5133,3035,65,48.03,38,在线
2026年5月5日,21:06:29,1777986389,164166,12101754,5133,3035,65,48.03,38,在线
2026年5月5日,21:07:03,1777986423,164166,12101754,5133,3035,65,48.03,38,在线
2026年5月5日,21:07:29,1777986449,164166,12101754,5133,3035,65,48.03,38,在线
2026年5月5日,21:08:00,1777986480,164166,12101754,5133,3035,65,48.03,38,在线
2026年5月5日,21:08:29,1777986509,164166,12101754,5133,3035,65,48.03,38,在线
2026年5月5日,21:08:59,1777986539,164166,12101754,5133,3035,65,48.03,38,在线
2026年5月5日,21:09:32,1777986572,164166,12101754,5133,3035,65,48.03,38,在线
2026年5月5日,21:09:59,1777986599,164166,12101754,5133,3035,65,48.03,38,在线
2026年5月5日,21:10:34,1777986634,164166,12101754,5133,3035,65,48.03,38,在线
2026年5月5日,21:10:59,1777986659,164166,12101754,5133,3035,65,48.03,38,在线
2026年5月5日,21:11:31,1777986691,164166,12101754,5133,3035,65,48.03,38,在线
2026年5月5日,21:12:29,1777986749,164166,12101754,5133,3035,65,48.03,38,离线
2026年5月5日,21:13:01,1777986781,164166,12101754,5133,3035,65,48.03,38,离线
2026年5月5日,21:13:29,1777986809,164166,12101754,5133,3035,65,48.03,38,离线
2026年5月5日,21:13:59,1777986839,164166,12101754,5133,3035,65,48.03,38,离线
2026年5月5日,21:14:29,1777986869,164166,12101754,5133,3035,65,48.03,38,离线
2026年5月5日,21:15:00,1777986900,164166,12101754,5133,3035,65,48.03,38,离线
2026年5月5日,21:15:29,1777986929,164166,12101754,5133,3035,65,48.03,38,离线
2026年5月5日,21:15:59,1777986959,164166,12101754,5133,3035,65,48.03,38,离线
2026年5月5日,21:16:29,1777986989,164166,12101754,5133,3035,65,48.03,38,离线
2026年5月5日,21:16:59,1777987019,164166,12101754,5133,3035,65,48.03,38,离线
2026年5月5日,21:17:29,1777987049,164166,12101754,5133,3035,65,48.03,38,离线
2026年5月5日,21:17:59,1777987079,164166,12101754,5133,3035,65,48.03,38,离线
2026年5月5日,21:18:31,1777987111,164166,12101754,5133,3035,65,48.03,38,离线
2026年5月5日,21:18:59,1777987139,164166,12101754,5133,3035,65,48.03,38,离线
2026年5月5日,21:19:29,1777987169,164166,12101754,5133,3035,65,48.03,38,离线
2026年5月5日,21:19:59,1777987199,164166,12101754,5133,3035,65,48.03,38,离线
2026年5月5日,21:20:29,1777987229,164166,12101754,5133,3035,65,48.03,38,离线
2026年5月5日,21:20:59,1777987259,164166,12101754,5133,3035,65,48.03,38,离线
2026年5月5日,21:21:29,1777987289,164166,12101754,5133,3035,65,48.03,38,离线
2026年5月5日,21:21:59,1777987319,164166,12101754,5133,3035,65,48.03,38,离线
2026年5月5日,21:22:29,1777987349,164166,12101754,5133,3035,65,48.03,38,离线
2026年5月5日,21:22:59,1777987379,164166,12101754,5133,3035,65,48.03,38,离线
2026年5月5日,21:23:29,1777987409,164166,12101754,5133,3035,65,48.03,38,离线
2026年5月5日,21:23:59,1777987439,164166,12101754,5133,3035,65,48.03,38,离线
2026年5月5日,21:24:29,1777987469,164166,12101754,5133,3035,65,48.03,38,离线
2026年5月5日,21:25:00,1777987500,164166,12101754,5133,3035,65,48.03,38,离线
2026年5月5日,21:25:29,1777987529,164166,12101754,5133,3035,65,48.03,38,离线
2026年5月5日,21:25:59,1777987559,164166,12101754,5133,3035,65,48.03,38,离线
2026年5月5日,21:26:29,1777987589,164166,12101754,5133,3035,65,48.03,38,离线
2026年5月5日,21:26:59,1777987619,164166,12101754,5133,3035,65,48.03,38,离线
2026年5月5日,21:27:29,1777987649,164166,12101754,5133,3035,65,48.03,38,离线
2026年5月5日,21:27:59,1777987679,164166,12101754,5133,3035,65,48.03,38,离线
2026年5月5日,21:28:29,1777987709,164166,12101754,5133,3035,65,48.03,38,离线
2026年5月5日,21:29:00,1777987740,164166,12101754,5133,3035,65,48.03,38,离线
2026年5月5日,21:29:29,1777987769,164166,12101754,5133,3035,65,48.03,38,离线
2026年5月5日,21:30:04,1777987804,164166,12101754,5133,3035,65,48.03,38,离线
2026年5月5日,21:30:29,1777987829,164166,12101754,5133,3035,65,48.03,38,离线
2026年5月5日,21:30:59,1777987859,164166,12101754,5133,3035,65,48.03,38,离线
2026年5月5日,21:31:29,1777987889,164166,12101754,5133,3035,65,48.03,38,离线
2026年5月5日,21:31:59,1777987919,164166,12101754,5133,3035,65,48.03,38,离线
2026年5月5日,21:32:29,1777987949,164166,12101754,5133,3035,65,48.03,38,离线
2026年5月5日,21:32:59,1777987979,164166,12101754,5133,3035,65,48.03,38,离线
2026年5月5日,21:33:29,1777988009,164166,12101754,5133,3035,65,48.03,38,离线
2026年5月5日,21:33:59,1777988039,164166,12101754,5133,3035,65,48.03,38,离线
2026年5月5日,21:34:29,1777988069,164166,12101754,5133,3035,65,48.03,38,离线
2026年5月5日,21:35:05,1777988105,164166,12101754,5133,3035,65,48.03,38,离线
2026年5月5日,21:35:29,1777988129,164166,12101754,5133,3035,65,48.03,38,离线
2026年5月5日,21:35:59,1777988159,164166,12101754,5133,3035,65,48.03,38,离线
2026年5月5日,21:36:29,1777988189,164166,12101754,5133,3035,65,48.03,38,离线
2026年5月5日,21:36:59,1777988219,164166,12101754,5133,3035,65,48.03,38,离线
2026年5月5日,21:37:29,1777988249,164166,12101754,5133,3035,65,48.03,38,离线
2026年5月5日,21:38:03,1777988283,164166,12101754,5133,3035,65,48.03,38,离线
2026年5月5日,21:38:29,1777988309,164166,12101754,5133,3035,65,48.03,38,离线
2026年5月5日,21:39:01,1777988341,164166,12101754,5133,3035,65,48.03,38,离线
2026年5月5日,21:39:29,1777988369,164166,12101754,5133,3035,65,48.03,38,离线
2026年5月5日,21:40:01,1777988401,164166,12101754,5133,3035,65,48.03,38,离线
2026年5月5日,21:40:29,1777988429,164166,12101754,5133,3035,65,48.03,38,离线
2026年5月5日,21:41:03,1777988463,164166,12101754,5133,3035,65,48.03,38,离线
2026年5月5日,21:41:29,1777988489,164166,12101754,5133,3035,65,48.03,38,离线
2026年5月5日,21:41:59,1777988519,164166,12101754,5133,3035,65,48.03,38,离线
2026年5月5日,21:42:29,1777988549,164166,12101754,5133,3035,65,48.03,38,离线
2026年5月5日,21:42:59,1777988579,164166,12101754,5133,3035,65,48.03,38,离线
2026年5月5日,21:43:29,1777988609,164166,12101754,5133,3035,65,48.03,38,离线
2026年5月5日,21:43:59,1777988639,164166,12101754,5133,3035,65,48.03,38,离线
2026年5月5日,21:44:29,1777988669,164166,12101754,5133,3035,65,48.03,38,离线
2026年5月5日,21:44:59,1777988699,164166,12101754,5133,3035,65,48.03,38,离线
2026年5月5日,21:45:29,1777988729,164166,12101754,5133,3035,65,48.03,38,离线
2026年5月5日,21:45:59,1777988759,164166,12101754,5133,3035,65,48.03,38,离线
2026年5月5日,21:46:29,1777988789,164166,12101754,5133,3035,65,48.03,38,离线
2026年5月5日,21:46:59,1777988819,164166,12101754,5133,3035,65,48.03,38,离线
2026年5月5日,21:47:29,1777988849,164166,12101754,5133,3035,65,48.03,38,离线
2026年5月5日,21:47:59,1777988879,164166,12101754,5133,3035,65,48.03,38,离线
2026年5月5日,21:48:29,1777988909,164166,12101754,5133,3035,65,48.03,38,离线
2026年5月5日,21:48:59,1777988939,164166,12101754,5133,3035,65,48.03,38,离线
2026年5月5日,21:49:34,1777988974,164166,12101754,5133,3035,65,48.03,38,离线
2026年5月5日,21:49:59,1777988999,164166,12101754,5133,3035,65,48.03,38,离线
2026年5月5日,21:50:29,1777989029,164166,12101754,5133,3035,65,48.03,38,离线
2026年5月5日,21:50:59,1777989059,164166,12101754,5133,3035,65,48.03,38,离线
2026年5月5日,21:51:29,1777989089,164166,12101754,5133,3035,65,48.03,38,离线
2026年5月5日,21:52:02,1777989122,164166,12101754,5133,3035,65,48.03,38,离线
2026年5月5日,21:52:29,1777989149,164166,12101754,5133,3035,65,48.03,38,离线
2026年5月5日,21:52:59,1777989179,164166,12101754,5133,3035,65,48.03,38,离线
2026年5月5日,21:53:29,1777989209,164166,12101754,5133,3035,65,48.03,38,离线
2026年5月5日,21:53:59,1777989239,164166,12101754,5133,3035,65,48.03,38,离线
2026年5月5日,21:54:29,1777989269,164166,12101754,5133,3035,65,48.03,38,离线
2026年5月5日,21:54:59,1777989299,164166,12101754,5133,3035,65,48.03,38,离线
2026年5月5日,21:55:33,1777989333,164166,12101754,5133,3035,65,48.03,38,离线
2026年5月5日,21:55:59,1777989359,164166,12101754,5133,3035,65,48.03,38,离线
2026年5月5日,21:56:29,1777989389,164166,12101754,5133,3035,65,48.03,38,离线
2026年5月5日,21:56:59,1777989419,164166,12101754,5133,3035,65,48.03,38,离线
2026年5月5日,21:57:29,1777989449,164166,12101754,5133,3035,65,48.03,38,离线
2026年5月5日,21:57:59,1777989479,164166,12101754,5133,3035,65,48.03,38,离线
2026年5月5日,21:58:29,1777989509,164166,12101754,5133,3035,65,48.03,38,离线
2026年5月5日,21:58:59,1777989539,164166,12101754,5133,3035,65,48.03,38,离线
2026年5月5日,21:59:29,1777989569,164166,12101754,5133,3035,65,48.03,38,离线
2026年5月5日,21:59:59,1777989599,164166,12101754,5133,3035,65,48.03,38,离线
2026年5月5日,22:00:29,1777989629,164166,12101754,5133,3035,65,48.03,38,离线
2026年5月5日,22:00:59,1777989659,164166,12101754,5133,3035,65,48.03,38,离线
2026年5月5日,22:01:29,1777989689,164166,12101754,5133,3035,65,48.03,38,离线
2026年5月5日,22:02:01,1777989721,164166,12101754,5133,3035,65,48.03,38,离线
2026年5月5日,22:02:29,1777989749,164166,12101754,5133,3035,65,48.03,38,离线
2026年5月5日,22:02:59,1777989779,164166,12101754,5133,3035,65,48.03,38,离线
2026年5月5日,22:03:29,1777989809,164166,12101754,5133,3035,65,48.03,38,离线
2026年5月5日,22:03:59,1777989839,164166,12101754,5133,3035,65,48.03,38,离线
2026年5月5日,22:04:29,1777989869,164166,12101754,5133,3035,65,48.03,38,离线
2026年5月5日,22:04:59,1777989899,164166,12101754,5133,3035,65,48.03,38,离线
2026年5月5日,22:05:29,1777989929,164166,12101754,5133,3035,65,48.03,38,离线
2026年5月5日,22:05:59,1777989959,164166,12101754,5133,3035,65,48.03,38,离线
2026年5月5日,22:06:31,1777989991,164166,12101754,5133,3035,65,48.03,38,离线
2026年5月5日,22:06:59,1777990019,164166,12101754,5133,3035,65,48.03,38,离线
2026年5月5日,22:07:29,1777990049,164166,12101754,5133,3035,65,48.03,38,离线
2026年5月5日,22:07:59,1777990079,164166,12101754,5133,3035,65,48.03,38,离线
2026年5月5日,22:08:29,1777990109,164166,12101754,5133,3035,65,48.03,38,离线
2026年5月5日,22:08:59,1777990139,164166,12101754,5133,3035,65,48.03,38,离线
2026年5月5日,22:09:30,1777990170,164166,12101754,5133,3035,65,48.03,38,离线
2026年5月5日,22:09:59,1777990199,164166,12101754,5133,3035,65,48.03,38,离线
2026年5月5日,22:10:29,1777990229,164166,12101754,5133,3035,65,48.03,38,离线
2026年5月5日,22:10:59,1777990259,164166,12101754,5133,3035,65,48.03,38,离线
2026年5月5日,22:11:29,1777990289,164166,12101754,5133,3035,65,48.03,38,离线
2026年5月5日,22:11:59,1777990319,164166,12101754,5133,3035,65,48.03,38,离线
2026年5月5日,22:12:29,1777990349,164166,12101754,5133,3035,65,48.03,38,离线
2026年5月5日,22:12:59,1777990379,164166,12101754,5133,3035,65,48.03,38,离线
2026年5月5日,22:13:29,1777990409,164166,12101754,5133,3035,65,48.03,38,离线
2026年5月5日,22:14:03,1777990443,164166,12101754,5133,3035,65,48.03,38,离线
2026年5月5日,22:14:29,1777990469,164166,12101754,5133,3035,65,48.03,38,离线
2026年5月5日,22:14:59,1777990499,164166,12101754,5133,3035,65,48.03,38,离线
2026年5月5日,22:15:29,1777990529,164166,12101754,5133,3035,65,48.03,38,离线
2026年5月5日,22:15:59,1777990559,164166,12101754,5133,3035,65,48.03,38,离线
2026年5月5日,22:16:29,1777990589,164166,12101754,5133,3035,65,48.03,38,离线
2026年5月5日,22:16:59,1777990619,164166,12101754,5133,3035,65,48.03,38,离线
2026年5月5日,22:17:29,1777990649,164166,12101754,5133,3035,65,48.03,38,离线
2026年5月5日,22:17:59,1777990679,164166,12101754,5133,3035,65,48.03,38,离线
2026年5月5日,22:18:29,1777990709,164166,12101754,5133,3035,65,48.03,38,离线
2026年5月5日,22:18:59,1777990739,164166,12101754,5133,3035,65,48.03,38,离线
2026年5月5日,22:19:29,1777990769,164166,12101754,5133,3035,65,48.03,38,离线
2026年5月5日,22:19:59,1777990799,164166,12101754,5133,3035,65,48.03,38,离线
2026年5月5日,22:20:34,1777990834,164166,12101754,5133,3035,65,48.03,38,离线
2026年5月5日,22:20:59,1777990859,164166,12101754,5133,3035,65,48.03,38,离线
2026年5月5日,22:21:32,1777990892,164166,12101754,5133,3035,65,48.03,38,离线
2026年5月5日,22:21:59,1777990919,164166,12101754,5133,3035,65,48.03,38,离线
2026年5月5日,22:22:29,1777990949,164166,12101754,5133,3035,65,48.03,38,离线
2026年5月5日,22:22:59,1777990979,164166,12101754,5133,3035,65,48.03,38,离线
2026年5月5日,22:23:29,1777991009,164166,12101754,5133,3035,65,48.03,38,离线
2026年5月5日,22:23:59,1777991039,164166,12101754,5133,3035,65,48.03,38,离线
2026年5月5日,22:24:29,1777991069,164166,12101754,5133,3035,65,48.03,38,离线
2026年5月5日,22:24:59,1777991099,164166,12101754,5133,3035,65,48.03,38,离线
2026年5月5日,22:25:29,1777991129,164166,12101754,5133,3035,65,48.03,38,离线
2026年5月5日,22:25:59,1777991159,164166,12101754,5133,3035,65,48.03,38,离线
2026年5月5日,22:26:29,1777991189,164166,12101754,5133,3035,65,48.03,38,离线
2026年5月5日,22:27:00,1777991220,164166,12101754,5133,3035,65,48.03,38,离线
2026年5月5日,22:27:29,1777991249,164166,12101754,5133,3035,65,48.03,38,离线
2026年5月5日,22:27:59,1777991279,164166,12101754,5133,3035,65,48.03,38,离线
2026年5月5日,22:28:29,1777991309,164166,12101754,5133,3035,65,48.03,38,离线
2026年5月5日,22:28:59,1777991339,164166,12101754,5133,3035,65,48.03,38,离线
2026年5月5日,22:29:29,1777991369,164166,12101754,5133,3035,65,48.03,38,离线
2026年5月5日,22:30:00,1777991400,164166,12101754,5133,3035,65,48.03,38,离线
2026年5月5日,22:30:30,1777991430,164166,12101754,5133,3035,65,48.03,38,离线
2026年5月5日,22:31:04,1777991464,164166,12101754,5133,3035,65,48.03,38,离线
2026年5月5日,22:31:59,1777991519,164166,12101754,5133,3035,65,48.03,38,离线
2026年5月5日,22:32:29,1777991549,164166,12101754,5133,3035,65,48.03,38,离线
2026年5月5日,22:33:01,1777991581,164166,12101754,5133,3035,65,48.03,38,离线
2026年5月5日,22:33:29,1777991609,164166,12101754,5133,3035,65,48.03,38,离线
2026年5月5日,22:33:59,1777991639,164166,12101754,5133,3035,65,48.03,38,离线
2026年5月5日,22:34:33,1777991673,164166,12101754,5133,3035,65,48.03,38,离线
2026年5月5日,22:34:59,1777991699,164166,12101754,5133,3035,65,48.03,38,离线
2026年5月5日,22:35:29,1777991729,164166,12101754,5133,3035,65,48.03,38,离线
2026年5月5日,22:35:59,1777991759,164166,12101754,5133,3035,65,48.03,38,离线
2026年5月5日,22:36:34,1777991794,164166,12101754,5133,3035,65,48.03,38,离线
2026年5月5日,22:36:59,1777991819,164166,12101754,5133,3035,65,48.03,38,离线
2026年5月5日,22:37:29,1777991849,164166,12101754,5133,3035,65,48.03,38,离线
2026年5月5日,22:38:01,1777991881,164166,12101754,5133,3035,65,48.03,38,离线
2026年5月5日,22:38:29,1777991909,164166,12101754,5133,3035,65,48.03,38,离线
2026年5月5日,22:38:59,1777991939,164166,12101754,5133,3035,65,48.03,38,离线
2026年5月5日,22:39:29,1777991969,164166,12101754,5133,3035,65,48.03,38,离线
2026年5月5日,22:40:00,1777992000,164166,12101754,5133,3035,65,48.03,38,离线
2026年5月5日,22:40:29,1777992029,164166,12101754,5133,3035,65,48.03,38,离线
2026年5月5日,22:40:59,1777992059,164166,12101754,5133,3035,65,48.03,38,离线
2026年5月5日,22:41:29,1777992089,164166,12101754,5133,3035,65,48.03,38,离线
2026年5月5日,22:41:59,1777992119,164166,12101754,5133,3035,65,48.03,38,离线
2026年5月5日,22:42:29,1777992149,164166,12101754,5133,3035,65,48.03,38,离线
2026年5月5日,22:43:01,1777992181,164166,12101754,5133,3035,65,48.03,38,离线
2026年5月5日,22:43:29,1777992209,164166,12101754,5133,3035,65,48.03,38,离线
2026年5月5日,22:43:59,1777992239,164166,12101754,5133,3035,65,48.03,38,离线
2026年5月5日,22:44:34,1777992274,164166,12101754,5133,3035,65,48.03,38,离线
2026年5月5日,22:44:59,1777992299,164166,12101754,5133,3035,65,48.03,38,离线
2026年5月5日,22:45:29,1777992329,164166,12101754,5133,3035,65,48.03,38,离线
2026年5月5日,22:46:02,1777992362,164166,12101754,5133,3035,65,48.03,38,离线
2026年5月5日,22:46:29,1777992389,164166,12101754,5133,3035,65,48.03,38,离线
2026年5月5日,22:47:03,1777992423,164166,12101754,5133,3035,65,48.03,38,离线
2026年5月5日,22:47:29,1777992449,164166,12101754,5133,3035,65,48.03,38,离线
2026年5月5日,22:47:59,1777992479,164166,12101754,5133,3035,65,48.03,38,离线
2026年5月5日,22:48:29,1777992509,164166,12101754,5133,3035,65,48.03,38,离线
2026年5月5日,22:48:59,1777992539,164166,12101754,5133,3035,65,48.03,38,离线
2026年5月5日,22:49:29,1777992569,164166,12101754,5133,3035,65,48.03,38,离线
2026年5月5日,22:49:59,1777992599,164166,12101754,5133,3035,65,48.03,38,离线
2026年5月5日,22:50:34,1777992634,164166,12101754,5133,3035,65,48.03,38,离线
2026年5月5日,22:50:59,1777992659,164166,12101754,5133,3035,65,48.03,38,离线
2026年5月5日,22:51:32,1777992692,164166,12101754,5133,3035,65,48.03,38,离线
2026年5月5日,22:51:59,1777992719,164166,12101754,5133,3035,65,48.03,38,离线
2026年5月5日,22:52:29,1777992749,164166,12101754,5133,3035,65,48.03,38,离线
2026年5月5日,22:53:01,1777992781,164166,12101754,5133,3035,65,48.03,38,离线
2026年5月5日,22:53:29,1777992809,164166,12101754,5133,3035,65,48.03,38,离线
2026年5月5日,22:54:02,1777992842,164166,12101754,5133,3035,65,48.03,38,离线
2026年5月5日,22:54:29,1777992869,164166,12101754,5133,3035,65,48.03,38,离线
2026年5月5日,22:54:59,1777992899,164166,12101754,5133,3035,65,48.03,38,离线
2026年5月5日,22:55:29,1777992929,164166,12101754,5133,3035,65,48.03,38,离线
2026年5月5日,22:56:00,1777992960,164166,12101754,5133,3035,65,48.03,38,离线
2026年5月5日,22:56:29,1777992989,164166,12101754,5133,3035,65,48.03,38,离线
2026年5月5日,22:56:59,1777993019,164166,12101754,5133,3035,65,48.03,38,离线
2026年5月5日,22:57:34,1777993054,164166,12101754,5133,3035,65,48.03,38,离线
2026年5月5日,22:57:59,1777993079,164166,12101754,5133,3035,65,48.03,38,离线
2026年5月5日,22:58:29,1777993109,164166,12101754,5133,3035,65,48.03,38,离线
2026年5月5日,22:59:04,1777993144,164166,12101754,5133,3035,65,48.03,38,离线
2026年5月5日,22:59:29,1777993169,164166,12101754,5133,3035,65,48.03,38,离线
2026年5月5日,22:59:59,1777993199,164166,12101754,5133,3035,65,48.03,38,离线
2026年5月5日,23:00:29,1777993229,164166,12101754,5133,3035,65,48.03,38,离线
2026年5月5日,23:00:59,1777993259,164166,12101754,5133,3035,65,48.03,38,离线
2026年5月5日,23:01:29,1777993289,164166,12101754,5133,3035,65,48.03,38,离线
2026年5月5日,23:01:59,1777993319,164166,12101754,5133,3035,65,48.03,38,离线
2026年5月5日,23:02:29,1777993349,164166,12101754,5133,3035,65,48.03,38,离线
2026年5月5日,23:02:59,1777993379,164166,12101754,5133,3035,65,48.03,38,离线
2026年5月5日,23:03:29,1777993409,164166,12101754,5133,3035,65,48.03,38,离线
2026年5月5日,23:03:59,1777993439,164166,12101754,5133,3035,65,48.03,38,离线
2026年5月5日,23:04:32,1777993472,164166,12101754,5133,3035,65,48.03,38,离线
2026年5月5日,23:04:59,1777993499,164166,12101754,5133,3035,65,48.03,38,离线
2026年5月5日,23:05:31,1777993531,164166,12101754,5133,3035,65,48.03,38,离线
2026年5月5日,23:05:59,1777993559,164166,12101754,5133,3035,65,48.03,38,离线
2026年5月5日,23:06:31,1777993591,164166,12101754,5133,3035,65,48.03,38,离线
2026年5月5日,23:06:59,1777993619,164166,12101754,5133,3035,65,48.03,38,离线
2026年5月5日,23:07:29,1777993649,164166,12101754,5133,3035,65,48.03,38,离线
2026年5月5日,23:07:59,1777993679,164166,12101754,5133,3035,65,48.03,38,离线
2026年5月5日,23:08:30,1777993710,164166,12101754,5133,3035,65,48.03,38,离线
2026年5月5日,23:09:03,1777993743,164166,12101754,5133,3035,65,48.03,38,离线
2026年5月5日,23:09:59,1777993799,164166,12101754,5133,3035,65,48.03,38,离线
2026年5月5日,23:10:29,1777993829,164166,12101754,5133,3035,65,48.03,38,离线
2026年5月5日,23:10:59,1777993859,164166,12101754,5133,3035,65,48.03,38,离线
2026年5月5日,23:11:29,1777993889,164166,12101754,5133,3035,65,48.03,38,离线
2026年5月5日,23:11:59,1777993919,164166,12101754,5133,3035,65,48.03,38,离线
2026年5月5日,23:12:29,1777993949,164166,12101754,5133,3035,65,48.03,38,离线
2026年5月5日,23:12:59,1777993979,164166,12101754,5133,3035,65,48.03,38,离线
2026年5月5日,23:13:30,1777994010,164166,12101754,5133,3035,65,48.03,38,离线
2026年5月5日,23:13:59,1777994039,164166,12101754,5133,3035,65,48.03,38,离线
2026年5月5日,23:14:29,1777994069,164166,12101754,5133,3035,65,48.03,38,离线
2026年5月5日,23:14:59,1777994099,164166,12101754,5133,3035,65,48.03,38,离线
2026年5月5日,23:15:29,1777994129,164166,12101754,5133,3035,65,48.03,38,离线
2026年5月5日,23:15:59,1777994159,164166,12101754,5133,3035,65,48.03,38,离线
2026年5月5日,23:16:29,1777994189,164166,12101754,5133,3035,65,48.03,38,离线
2026年5月5日,23:16:59,1777994219,164166,12101754,5133,3035,65,48.03,38,离线
2026年5月5日,23:17:33,1777994253,164166,12101754,5133,3035,65,48.03,38,离线
2026年5月5日,23:17:59,1777994279,164166,12101754,5133,3035,65,48.03,38,离线
2026年5月5日,23:18:29,1777994309,164166,12101754,5133,3035,65,48.03,38,离线
2026年5月5日,23:18:59,1777994339,164166,12101754,5133,3035,65,48.03,38,离线
2026年5月5日,23:19:29,1777994369,164166,12101754,5133,3035,65,48.03,38,离线
2026年5月5日,23:20:04,1777994404,164166,12101754,5133,3035,65,48.03,38,离线
2026年5月5日,23:20:29,1777994429,164166,12101754,5133,3035,65,48.03,38,离线
2026年5月5日,23:20:59,1777994459,164166,12101754,5133,3035,65,48.03,38,离线
2026年5月5日,23:21:29,1777994489,164166,12101754,5133,3035,65,48.03,38,离线
2026年5月5日,23:21:59,1777994519,164166,12101754,5133,3035,65,48.03,38,离线
2026年5月5日,23:22:29,1777994549,164166,12101754,5133,3035,65,48.03,38,离线
2026年5月5日,23:23:05,1777994585,164166,12101754,5133,3035,65,48.03,38,离线
2026年5月5日,23:23:59,1777994639,164166,12101754,5133,3035,65,48.03,38,离线
2026年5月5日,23:24:29,1777994669,164166,12101754,5133,3035,65,48.03,38,离线
2026年5月5日,23:25:00,1777994700,164166,12101754,5133,3035,65,48.03,38,离线
2026年5月5日,23:25:29,1777994729,164166,12101754,5133,3035,65,48.03,38,离线
2026年5月5日,23:25:59,1777994759,164166,12101754,5133,3035,65,48.03,38,离线
2026年5月5日,23:26:29,1777994789,164166,12101754,5133,3035,65,48.03,38,离线
2026年5月5日,23:26:59,1777994819,164166,12101754,5133,3035,65,48.03,38,离线
2026年5月5日,23:27:34,1777994854,164166,12101754,5133,3035,65,48.03,38,离线
2026年5月5日,23:27:59,1777994879,164166,12101754,5133,3035,65,48.03,38,离线
2026年5月5日,23:28:34,1777994914,164166,12101754,5133,3035,65,48.03,38,离线
2026年5月5日,23:28:59,1777994939,164166,12101754,5133,3035,65,48.03,38,离线
2026年5月5日,23:29:29,1777994969,164166,12101754,5133,3035,65,48.03,38,离线
2026年5月5日,23:29:59,1777994999,164166,12101754,5133,3035,65,48.03,38,离线
2026年5月5日,23:30:31,1777995031,164166,12101754,5133,3035,65,48.03,38,离线
2026年5月5日,23:31:02,1777995062,164166,12101754,5133,3035,65,48.03,38,离线
2026年5月5日,23:31:31,1777995091,164166,12101754,5133,3035,65,48.03,38,离线
2026年5月5日,23:31:59,1777995119,164166,12101754,5133,3035,65,48.03,38,离线
2026年5月5日,23:32:34,1777995154,164166,12101754,5133,3035,65,48.03,38,离线
2026年5月5日,23:32:59,1777995179,164166,12101754,5133,3035,65,48.03,38,离线
2026年5月5日,23:33:29,1777995209,164166,12101754,5133,3035,65,48.03,38,离线
2026年5月5日,23:34:00,1777995240,164166,12101754,5133,3035,65,48.03,38,离线
2026年5月5日,23:34:29,1777995269,164166,12101754,5133,3035,65,48.03,38,离线
2026年5月5日,23:34:59,1777995299,164166,12101754,5133,3035,65,48.03,38,离线
2026年5月5日,23:35:29,1777995329,164166,12101754,5133,3035,65,48.03,38,离线
2026年5月5日,23:35:59,1777995359,164166,12101754,5133,3035,65,48.03,38,离线
2026年5月5日,23:36:29,1777995389,164166,12101754,5133,3035,65,48.03,38,离线
2026年5月5日,23:36:59,1777995419,164166,12101754,5133,3035,65,48.03,38,离线
2026年5月5日,23:37:29,1777995449,164166,12101754,5133,3035,65,48.03,38,离线
2026年5月5日,23:37:59,1777995479,164166,12101754,5133,3035,65,48.03,38,离线
2026年5月5日,23:38:29,1777995509,164166,12101754,5133,3035,65,48.03,38,离线
2026年5月5日,23:38:59,1777995539,164166,12101754,5133,3035,65,48.03,38,离线
2026年5月5日,23:39:29,1777995569,164166,12101754,5133,3035,65,48.03,38,离线
2026年5月5日,23:39:59,1777995599,164166,12101754,5133,3035,65,48.03,38,离线
2026年5月5日,23:40:34,1777995634,164166,12101754,5133,3035,65,48.03,38,离线
2026年5月5日,23:40:59,1777995659,164166,12101754,5133,3035,65,48.03,38,离线
2026年5月5日,23:41:34,1777995694,164166,12101754,5133,3035,65,48.03,38,离线
2026年5月5日,23:41:59,1777995719,164166,12101754,5133,3035,65,48.03,38,离线
2026年5月5日,23:42:29,1777995749,164166,12101754,5133,3035,65,48.03,38,离线
2026年5月5日,23:42:59,1777995779,164166,12101754,5133,3035,65,48.03,38,离线
2026年5月5日,23:43:29,1777995809,164166,12101754,5133,3035,65,48.03,38,离线
2026年5月5日,23:43:59,1777995839,164166,12101754,5133,3035,65,48.03,38,离线
2026年5月5日,23:44:34,1777995874,164166,12101754,5133,3035,65,48.03,38,离线
2026年5月5日,23:44:59,1777995899,164166,12101754,5133,3035,65,48.03,38,离线
2026年5月5日,23:45:29,1777995929,164166,12101754,5133,3035,65,48.03,38,离线
2026年5月5日,23:45:59,1777995959,164166,12101754,5133,3035,65,48.03,38,离线
2026年5月5日,23:46:31,1777995991,164166,12101754,5133,3035,65,48.03,38,离线
2026年5月5日,23:46:59,1777996019,164166,12101754,5133,3035,65,48.03,38,离线
2026年5月5日,23:47:29,1777996049,164166,12101754,5133,3035,65,48.03,38,离线
2026年5月5日,23:47:59,1777996079,164166,12101754,5133,3035,65,48.03,38,离线
2026年5月5日,23:48:29,1777996109,164166,12101754,5133,3035,65,48.03,38,离线
2026年5月5日,23:48:59,1777996139,164166,12101754,5133,3035,65,48.03,38,离线
2026年5月5日,23:49:29,1777996169,164166,12101754,5133,3035,65,48.03,38,离线
2026年5月5日,23:50:02,1777996202,164166,12101754,5133,3035,65,48.03,38,离线
2026年5月5日,23:50:32,1777996232,164166,12101754,5133,3035,65,48.03,38,离线
2026年5月5日,23:51:04,1777996264,164166,12101754,5133,3035,65,48.03,38,离线
2026年5月5日,23:51:59,1777996319,164166,12101754,5133,3035,65,48.03,38,离线
2026年5月5日,23:52:34,1777996354,164166,12101754,5133,3035,65,48.03,38,离线
2026年5月5日,23:52:59,1777996379,164166,12101754,5133,3035,65,48.03,38,离线
2026年5月5日,23:53:29,1777996409,164166,12101754,5133,3035,65,48.03,38,离线
2026年5月5日,23:53:59,1777996439,164166,12101754,5133,3035,65,48.03,38,离线
2026年5月5日,23:54:29,1777996469,164166,12101754,5133,3035,65,48.03,38,离线
2026年5月5日,23:55:02,1777996502,164166,12101754,5133,3035,65,48.03,38,离线
2026年5月5日,23:55:32,1777996532,164166,12101754,5133,3035,65,48.03,38,离线
2026年5月5日,23:56:02,1777996562,164166,12101754,5133,3035,65,48.03,38,离线
2026年5月5日,23:56:29,1777996589,164166,12101754,5133,3035,65,48.03,38,离线
2026年5月5日,23:56:59,1777996619,164166,12101754,5133,3035,65,48.03,38,离线
2026年5月5日,23:57:29,1777996649,164166,12101754,5133,3035,65,48.03,38,离线
2026年5月5日,23:58:02,1777996682,164166,12101754,5133,3035,65,48.03,38,离线
2026年5月5日,23:58:29,1777996709,164166,12101754,5133,3035,65,48.03,38,离线
2026年5月5日,23:58:59,1777996739,164166,12101754,5133,3035,65,48.03,38,离线
2026年5月5日,23:59:29,1777996769,164166,12101754,5133,3035,65,48.03,38,离线
2026年5月6日,0:00:02,1777996802,164166,12101754,5133,3035,65,48.03,38,离线
2026年5月6日,0:00:30,1777996830,164166,12101754,5133,3035,65,48.03,38,离线
2026年5月6日,0:01:02,1777996862,164166,12101754,5133,3035,65,48.03,38,离线
2026年5月6日,0:01:29,1777996889,164166,12101754,5133,3035,65,48.03,38,离线
2026年5月6日,0:01:59,1777996919,164166,12101754,5133,3035,65,48.03,38,离线
2026年5月6日,0:02:29,1777996949,164166,12101754,5133,3035,65,48.03,38,离线
2026年5月6日,0:02:59,1777996979,164166,12101754,5133,3035,65,48.03,38,离线
2026年5月6日,0:03:29,1777997009,164166,12101754,5133,3035,65,48.03,38,离线
2026年5月6日,0:03:59,1777997039,164166,12101754,5133,3035,65,48.03,38,离线
2026年5月6日,0:04:29,1777997069,164166,12101754,5133,3035,65,48.03,38,离线
2026年5月6日,0:04:59,1777997099,164166,12101754,5133,3035,65,48.03,38,离线
2026年5月6日,0:05:29,1777997129,164166,12101754,5133,3035,65,48.03,38,离线
2026年5月6日,0:05:59,1777997159,164166,12101754,5133,3035,65,48.03,38,离线
2026年5月6日,0:06:29,1777997189,164166,12101754,5133,3035,65,48.03,38,离线
2026年5月6日,0:06:59,1777997219,164166,12101754,5133,3035,65,48.03,38,离线
2026年5月6日,0:07:29,1777997249,164166,12101754,5133,3035,65,48.03,38,离线
2026年5月6日,0:07:59,1777997279,164166,12101754,5133,3035,65,48.03,38,离线
2026年5月6日,0:08:29,1777997309,164166,12101754,5133,3035,65,48.03,38,离线
2026年5月6日,0:08:59,1777997339,164166,12101754,5133,3035,65,48.03,38,离线
2026年5月6日,0:09:29,1777997369,164166,12101754,5133,3035,65,48.03,38,离线
2026年5月6日,0:09:59,1777997399,164166,12101754,5133,3035,65,48.03,38,离线
2026年5月6日,0:10:29,1777997429,164166,12101754,5133,3035,65,48.03,38,离线
2026年5月6日,0:10:59,1777997459,164166,12101754,5133,3035,65,48.03,38,离线
2026年5月6日,0:11:29,1777997489,164166,12101754,5133,3035,65,48.03,38,离线
2026年5月6日,0:11:59,1777997519,164166,12101754,5133,3035,65,48.03,38,离线
2026年5月6日,0:12:29,1777997549,164166,12101754,5133,3035,65,48.03,38,离线
2026年5月6日,0:12:59,1777997579,164166,12101754,5133,3035,65,48.03,38,离线
2026年5月6日,0:13:29,1777997609,164166,12101754,5133,3035,65,48.03,38,离线
2026年5月6日,0:13:59,1777997639,164166,12101754,5133,3035,65,48.03,38,离线
2026年5月6日,0:14:29,1777997669,164166,12101754,5133,3035,65,48.03,38,离线
2026年5月6日,0:14:59,1777997699,164166,12101754,5133,3035,65,48.03,38,离线
2026年5月6日,0:15:29,1777997729,164166,12101754,5133,3035,65,48.03,38,离线
2026年5月6日,0:15:59,1777997759,164166,12101754,5133,3035,65,48.03,38,离线
2026年5月6日,0:16:29,1777997789,164166,12101754,5133,3035,65,48.03,38,离线
2026年5月6日,0:16:59,1777997819,164166,12101754,5133,3035,65,48.03,38,离线
2026年5月6日,0:17:29,1777997849,164166,12101754,5133,3035,65,48.03,38,离线
2026年5月6日,0:17:59,1777997879,164166,12101754,5133,3035,65,48.03,38,离线
2026年5月6日,0:18:29,1777997909,164166,12101754,5133,3035,65,48.03,38,离线
2026年5月6日,0:18:59,1777997939,164166,12101754,5133,3035,65,48.03,38,离线
2026年5月6日,0:19:29,1777997969,164166,12101754,5133,3035,65,48.03,38,离线
2026年5月6日,0:19:59,1777997999,164166,12101754,5133,3035,65,48.03,38,离线
2026年5月6日,0:20:29,1777998029,164166,12101754,5133,3035,65,48.03,38,离线
2026年5月6日,0:20:59,1777998059,164166,12101754,5133,3035,65,48.03,38,离线
2026年5月6日,0:21:29,1777998089,164166,12101754,5133,3035,65,48.03,38,离线
2026年5月6日,0:21:59,1777998119,164166,12101754,5133,3035,65,48.03,38,离线
2026年5月6日,0:22:29,1777998149,164166,12101754,5133,3035,65,48.03,38,离线
2026年5月6日,0:22:59,1777998179,164166,12101754,5133,3035,65,48.03,38,离线
2026年5月6日,0:23:29,1777998209,164166,12101754,5133,3035,65,48.03,38,离线
2026年5月6日,0:23:59,1777998239,164166,12101754,5133,3035,65,48.03,38,离线
2026年5月6日,0:24:29,1777998269,164166,12101754,5133,3035,65,48.03,38,离线
2026年5月6日,0:24:59,1777998299,164166,12101754,5133,3035,65,48.03,38,离线
2026年5月6日,0:25:29,1777998329,164166,12101754,5133,3035,65,48.03,38,离线
2026年5月6日,0:25:59,1777998359,164166,12101754,5133,3035,65,48.03,38,离线
2026年5月6日,0:26:29,1777998389,164166,12101754,5133,3035,65,48.03,38,离线
2026年5月6日,0:26:59,1777998419,164166,12101754,5133,3035,65,48.03,38,离线
2026年5月6日,0:27:29,1777998449,164166,12101754,5133,3035,65,48.03,38,离线
2026年5月6日,0:27:59,1777998479,164166,12101754,5133,3035,65,48.03,38,离线
2026年5月6日,0:28:29,1777998509,164166,12101754,5133,3035,65,48.03,38,离线
2026年5月6日,0:28:59,1777998539,164166,12101754,5133,3035,65,48.03,38,离线
2026年5月6日,0:29:29,1777998569,164166,12101754,5133,3035,65,48.03,38,离线
2026年5月6日,0:29:59,1777998599,164166,12101754,5133,3035,65,48.03,38,离线
2026年5月6日,0:30:29,1777998629,164166,12101754,5133,3035,65,48.03,38,离线
2026年5月6日,0:30:59,1777998659,164166,12101754,5133,3035,65,48.03,38,离线
2026年5月6日,0:31:29,1777998689,164166,12101754,5133,3035,65,48.03,38,离线
2026年5月6日,0:31:59,1777998719,164166,12101754,5133,3035,65,48.03,38,离线
2026年5月6日,0:32:29,1777998749,164166,12101754,5133,3035,65,48.03,38,离线
2026年5月6日,0:32:59,1777998779,164166,12101754,5133,3035,65,48.03,38,离线
2026年5月6日,0:33:29,1777998809,164166,12101754,5133,3035,65,48.03,38,离线
2026年5月6日,0:33:59,1777998839,164166,12101754,5133,3035,65,48.03,38,离线
2026年5月6日,0:34:29,1777998869,164166,12101754,5133,3035,65,48.03,38,离线
2026年5月6日,0:34:59,1777998899,164166,12101754,5133,3035,65,48.03,38,离线
2026年5月6日,0:35:29,1777998929,164166,12101754,5133,3035,65,48.03,38,离线
2026年5月6日,0:35:59,1777998959,164166,12101754,5133,3035,65,48.03,38,离线
2026年5月6日,0:36:29,1777998989,164166,12101754,5133,3035,65,48.03,38,离线
2026年5月6日,0:36:59,1777999019,164166,12101754,5133,3035,65,48.03,38,离线
2026年5月6日,0:37:29,1777999049,164166,12101754,5133,3035,65,48.03,38,离线
2026年5月6日,0:37:59,1777999079,164166,12101754,5133,3035,65,48.03,38,离线
2026年5月6日,0:38:29,1777999109,164166,12101754,5133,3035,65,48.03,38,离线
2026年5月6日,0:38:59,1777999139,164166,12101754,5133,3035,65,48.03,38,离线
2026年5月6日,0:39:29,1777999169,164166,12101754,5133,3035,65,48.03,38,离线
2026年5月6日,0:39:59,1777999199,164166,12101754,5133,3035,65,48.03,38,离线
2026年5月6日,0:40:29,1777999229,164166,12101754,5133,3035,65,48.03,38,离线
2026年5月6日,0:40:59,1777999259,164166,12101754,5133,3035,65,48.03,38,离线
2026年5月6日,0:41:29,1777999289,164166,12101754,5133,3035,65,48.03,38,离线
2026年5月6日,0:41:59,1777999319,164166,12101754,5133,3035,65,48.03,38,离线
2026年5月6日,0:42:29,1777999349,164166,12101754,5133,3035,65,48.03,38,离线
2026年5月6日,0:42:59,1777999379,164166,12101754,5133,3035,65,48.03,38,离线
2026年5月6日,0:43:29,1777999409,164166,12101754,5133,3035,65,48.03,38,离线
2026年5月6日,0:43:59,1777999439,164166,12101754,5133,3035,65,48.03,38,离线
2026年5月6日,0:44:29,1777999469,164166,12101754,5133,3035,65,48.03,38,离线
2026年5月6日,0:44:59,1777999499,164166,12101754,5133,3035,65,48.03,38,离线
2026年5月6日,0:45:29,1777999529,164166,12101754,5133,3035,65,48.03,38,离线
2026年5月6日,0:45:59,1777999559,164166,12101754,5133,3035,65,48.03,38,离线
2026年5月6日,0:46:29,1777999589,164166,12101754,5133,3035,65,48.03,38,离线
2026年5月6日,0:46:59,1777999619,164166,12101754,5133,3035,65,48.03,38,离线
2026年5月6日,0:47:29,1777999649,164166,12101754,5133,3035,65,48.03,38,离线
2026年5月6日,0:47:59,1777999679,164166,12101754,5133,3035,65,48.03,38,离线
2026年5月6日,0:48:29,1777999709,164166,12101754,5133,3035,65,48.03,38,离线
2026年5月6日,0:48:59,1777999739,164166,12101754,5133,3035,65,48.03,38,离线
2026年5月6日,0:49:29,1777999769,164166,12101754,5133,3035,65,48.03,38,离线
2026年5月6日,0:49:59,1777999799,164166,12101754,5133,3035,65,48.03,38,离线
2026年5月6日,0:50:29,1777999829,164166,12101754,5133,3035,65,48.03,38,离线
2026年5月6日,0:50:59,1777999859,164166,12101754,5133,3035,65,48.03,38,离线
2026年5月6日,0:51:29,1777999889,164166,12101754,5133,3035,65,48.03,38,离线
2026年5月6日,0:51:59,1777999919,164166,12101754,5133,3035,65,48.03,38,离线
2026年5月6日,0:52:29,1777999949,164166,12101754,5133,3035,65,48.03,38,离线
2026年5月6日,0:52:59,1777999979,164166,12101754,5133,3035,65,48.03,38,离线
2026年5月6日,0:53:29,1778000009,164166,12101754,5133,3035,65,48.03,38,离线
2026年5月6日,0:53:59,1778000039,164166,12101754,5133,3035,65,48.03,38,离线
2026年5月6日,0:54:29,1778000069,164166,12101754,5133,3035,65,48.03,38,离线
2026年5月6日,0:54:59,1778000099,164166,12101754,5133,3035,65,48.03,38,离线
2026年5月6日,0:55:32,1778000132,164166,12101754,5133,3035,65,48.03,38,离线
2026年5月6日,0:55:59,1778000159,164166,12101754,5133,3035,65,48.03,38,离线
2026年5月6日,0:56:30,1778000190,164166,12101754,5133,3035,65,48.03,38,离线
2026年5月6日,0:56:59,1778000219,164166,12101754,5133,3035,65,48.03,38,离线
2026年5月6日,0:57:29,1778000249,164166,12101754,5133,3035,65,48.03,38,离线
2026年5月6日,0:57:59,1778000279,164166,12101754,5133,3035,65,48.03,38,离线
2026年5月6日,0:58:29,1778000309,164166,12101754,5133,3035,65,48.03,38,离线
2026年5月6日,0:58:59,1778000339,164166,12101754,5133,3035,65,48.03,38,离线
2026年5月6日,0:59:29,1778000369,164166,12101754,5133,3035,65,48.03,38,离线
2026年5月6日,0:59:59,1778000399,164166,12101754,5133,3035,65,48.03,38,离线
2026年5月6日,1:00:29,1778000429,164166,12101754,5133,3035,65,48.03,38,离线
2026年5月6日,1:00:59,1778000459,164166,12101754,5133,3035,65,48.03,38,离线
2026年5月6日,1:01:29,1778000489,164166,12101754,5133,3035,65,48.03,38,离线
2026年5月6日,1:02:00,1778000520,164166,12101754,5133,3035,65,48.03,38,离线
2026年5月6日,1:02:29,1778000549,164166,12101754,5133,3035,65,48.03,38,离线
2026年5月6日,1:02:59,1778000579,164166,12101754,5133,3035,65,48.03,38,离线
2026年5月6日,1:03:29,1778000609,164166,12101754,5133,3035,65,48.03,38,离线
2026年5月6日,1:03:59,1778000639,164166,12101754,5133,3035,65,48.03,38,离线
2026年5月6日,1:04:29,1778000669,164166,12101754,5133,3035,65,48.03,38,离线
2026年5月6日,1:04:59,1778000699,164166,12101754,5133,3035,65,48.03,38,离线
2026年5月6日,1:05:29,1778000729,164166,12101754,5133,3035,65,48.03,38,离线
2026年5月6日,1:05:59,1778000759,164166,12101754,5133,3035,65,48.03,38,离线
2026年5月6日,1:06:29,1778000789,164166,12101754,5133,3035,65,48.03,38,离线
2026年5月6日,1:07:03,1778000823,164166,12101754,5133,3035,65,48.03,38,离线
2026年5月6日,1:07:29,1778000849,164166,12101754,5133,3035,65,48.03,38,离线
2026年5月6日,1:07:59,1778000879,164166,12101754,5133,3035,65,48.03,38,离线
2026年5月6日,1:08:29,1778000909,164166,12101754,5133,3035,65,48.03,38,离线
2026年5月6日,1:08:59,1778000939,164166,12101754,5133,3035,65,48.03,38,离线
2026年5月6日,1:09:29,1778000969,164166,12101754,5133,3035,65,48.03,38,离线
2026年5月6日,1:09:59,1778000999,164166,12101754,5133,3035,65,48.03,38,离线
2026年5月6日,1:10:29,1778001029,164166,12101754,5133,3035,65,48.03,38,离线
2026年5月6日,1:10:59,1778001059,164166,12101754,5133,3035,65,48.03,38,离线
2026年5月6日,1:11:30,1778001090,164166,12101754,5133,3035,65,48.03,38,离线
2026年5月6日,1:11:59,1778001119,164166,12101754,5133,3035,65,48.03,38,离线
2026年5月6日,1:12:29,1778001149,164166,12101754,5133,3035,65,48.03,38,离线
2026年5月6日,1:12:59,1778001179,164166,12101754,5133,3035,65,48.03,38,离线
2026年5月6日,1:13:29,1778001209,164166,12101754,5133,3035,65,48.03,38,离线
2026年5月6日,1:13:59,1778001239,164166,12101754,5133,3035,65,48.03,38,离线
2026年5月6日,1:14:29,1778001269,164166,12101754,5133,3035,65,48.03,38,离线
2026年5月6日,1:14:59,1778001299,164166,12101754,5133,3035,65,48.03,38,离线
2026年5月6日,1:15:29,1778001329,164166,12101754,5133,3035,65,48.03,38,离线
2026年5月6日,1:15:59,1778001359,164166,12101754,5133,3035,65,48.03,38,离线
2026年5月6日,1:16:29,1778001389,164166,12101754,5133,3035,65,48.03,38,离线
2026年5月6日,1:16:59,1778001419,164166,12101754,5133,3035,65,48.03,38,离线
2026年5月6日,1:17:29,1778001449,164166,12101754,5133,3035,65,48.03,38,离线
2026年5月6日,1:17:59,1778001479,164166,12101754,5133,3035,65,48.03,38,离线
2026年5月6日,1:18:29,1778001509,164166,12101754,5133,3035,65,48.03,38,离线
2026年5月6日,1:18:59,1778001539,164166,12101754,5133,3035,65,48.03,38,离线
2026年5月6日,1:19:29,1778001569,164166,12101754,5133,3035,65,48.03,38,离线
2026年5月6日,1:19:59,1778001599,164166,12101754,5133,3035,65,48.03,38,离线
2026年5月6日,1:20:29,1778001629,164166,12101754,5133,3035,65,48.03,38,离线
2026年5月6日,1:20:59,1778001659,164166,12101754,5133,3035,65,48.03,38,离线
2026年5月6日,1:21:29,1778001689,164166,12101754,5133,3035,65,48.03,38,离线
2026年5月6日,1:21:59,1778001719,164166,12101754,5133,3035,65,48.03,38,离线
2026年5月6日,1:22:29,1778001749,164166,12101754,5133,3035,65,48.03,38,离线
2026年5月6日,1:22:59,1778001779,164166,12101754,5133,3035,65,48.03,38,离线
2026年5月6日,1:23:29,1778001809,164166,12101754,5133,3035,65,48.03,38,离线
2026年5月6日,1:23:59,1778001839,164166,12101754,5133,3035,65,48.03,38,离线
2026年5月6日,1:24:29,1778001869,164166,12101754,5133,3035,65,48.03,38,离线
2026年5月6日,1:24:59,1778001899,164166,12101754,5133,3035,65,48.03,38,离线
2026年5月6日,1:25:29,1778001929,164166,12101754,5133,3035,65,48.03,38,离线
2026年5月6日,1:25:59,1778001959,164166,12101754,5133,3035,65,48.03,38,离线
2026年5月6日,1:26:29,1778001989,164166,12101754,5133,3035,65,48.03,38,离线
2026年5月6日,1:26:59,1778002019,164166,12101754,5133,3035,65,48.03,38,离线
2026年5月6日,1:27:29,1778002049,164166,12101754,5133,3035,65,48.03,38,离线
2026年5月6日,1:27:59,1778002079,164166,12101754,5133,3035,65,48.03,38,离线
2026年5月6日,1:28:29,1778002109,164166,12101754,5133,3035,65,48.03,38,离线
2026年5月6日,1:28:59,1778002139,164166,12101754,5133,3035,65,48.03,38,离线
2026年5月6日,1:29:29,1778002169,164166,12101754,5133,3035,65,48.03,38,离线
2026年5月6日,1:29:59,1778002199,164166,12101754,5133,3035,65,48.03,38,离线
2026年5月6日,1:30:29,1778002229,164166,12101754,5133,3035,65,48.03,38,离线
2026年5月6日,1:30:59,1778002259,164166,12101754,5133,3035,65,48.03,38,离线
2026年5月6日,1:31:29,1778002289,164166,12101754,5133,3035,65,48.03,38,离线
2026年5月6日,1:31:59,1778002319,164166,12101754,5133,3035,65,48.03,38,离线
2026年5月6日,1:32:29,1778002349,164166,12101754,5133,3035,65,48.03,38,离线
2026年5月6日,1:32:59,1778002379,164166,12101754,5133,3035,65,48.03,38,离线
2026年5月6日,1:33:29,1778002409,164166,12101754,5133,3035,65,48.03,38,离线
2026年5月6日,1:33:59,1778002439,164166,12101754,5133,3035,65,48.03,38,离线
2026年5月6日,1:34:29,1778002469,164166,12101754,5133,3035,65,48.03,38,离线
2026年5月6日,1:34:59,1778002499,164166,12101754,5133,3035,65,48.03,38,离线
2026年5月6日,1:35:29,1778002529,164166,12101754,5133,3035,65,48.03,38,离线
2026年5月6日,1:35:59,1778002559,164166,12101754,5133,3035,65,48.03,38,离线
2026年5月6日,1:36:29,1778002589,164166,12101754,5133,3035,65,48.03,38,离线
2026年5月6日,1:36:59,1778002619,164166,12101754,5133,3035,65,48.03,38,离线
2026年5月6日,1:37:29,1778002649,164166,12101754,5133,3035,65,48.03,38,离线
2026年5月6日,1:37:59,1778002679,164166,12101754,5133,3035,65,48.03,38,离线
2026年5月6日,1:38:29,1778002709,164166,12101754,5133,3035,65,48.03,38,离线
2026年5月6日,1:38:59,1778002739,164166,12101754,5133,3035,65,48.03,38,离线
2026年5月6日,1:39:29,1778002769,164166,12101754,5133,3035,65,48.03,38,离线
2026年5月6日,1:39:59,1778002799,164166,12101754,5133,3035,65,48.03,38,离线
2026年5月6日,1:40:29,1778002829,164166,12101754,5133,3035,65,48.03,38,离线
2026年5月6日,1:40:59,1778002859,164166,12101754,5133,3035,65,48.03,38,离线
2026年5月6日,1:41:29,1778002889,164166,12101754,5133,3035,65,48.03,38,离线
2026年5月6日,1:41:59,1778002919,164166,12101754,5133,3035,65,48.03,38,离线
2026年5月6日,1:42:29,1778002949,164166,12101754,5133,3035,65,48.03,38,离线
2026年5月6日,1:42:59,1778002979,164166,12101754,5133,3035,65,48.03,38,离线
2026年5月6日,1:43:29,1778003009,164166,12101754,5133,3035,65,48.03,38,离线
2026年5月6日,1:43:59,1778003039,164166,12101754,5133,3035,65,48.03,38,离线
2026年5月6日,1:44:29,1778003069,164166,12101754,5133,3035,65,48.03,38,离线
2026年5月6日,1:44:59,1778003099,164166,12101754,5133,3035,65,48.03,38,离线
2026年5月6日,1:45:29,1778003129,164166,12101754,5133,3035,65,48.03,38,离线
2026年5月6日,1:45:59,1778003159,164166,12101754,5133,3035,65,48.03,38,离线
2026年5月6日,1:46:29,1778003189,164166,12101754,5133,3035,65,48.03,38,离线
2026年5月6日,1:46:59,1778003219,164166,12101754,5133,3035,65,48.03,38,离线
2026年5月6日,1:47:29,1778003249,164166,12101754,5133,3035,65,48.03,38,离线
2026年5月6日,1:47:59,1778003279,164166,12101754,5133,3035,65,48.03,38,离线
2026年5月6日,1:48:29,1778003309,164166,12101754,5133,3035,65,48.03,38,离线
2026年5月6日,1:48:59,1778003339,164166,12101754,5133,3035,65,48.03,38,离线
2026年5月6日,1:49:29,1778003369,164166,12101754,5133,3035,65,48.03,38,离线
2026年5月6日,1:49:59,1778003399,164166,12101754,5133,3035,65,48.03,38,离线
2026年5月6日,1:50:29,1778003429,164166,12101754,5133,3035,65,48.03,38,离线
2026年5月6日,1:50:59,1778003459,164166,12101754,5133,3035,65,48.03,38,离线
2026年5月6日,1:51:29,1778003489,164166,12101754,5133,3035,65,48.03,38,离线
2026年5月6日,1:51:59,1778003519,164166,12101754,5133,3035,65,48.03,38,离线
2026年5月6日,1:52:29,1778003549,164166,12101754,5133,3035,65,48.03,38,离线
2026年5月6日,1:52:59,1778003579,164166,12101754,5133,3035,65,48.03,38,离线
2026年5月6日,1:53:29,1778003609,164166,12101754,5133,3035,65,48.03,38,离线
2026年5月6日,1:53:59,1778003639,164166,12101754,5133,3035,65,48.03,38,离线
2026年5月6日,1:54:29,1778003669,164166,12101754,5133,3035,65,48.03,38,离线
2026年5月6日,1:54:59,1778003699,164166,12101754,5133,3035,65,48.03,38,离线
2026年5月6日,1:55:29,1778003729,164166,12101754,5133,3035,65,48.03,38,离线
2026年5月6日,1:55:59,1778003759,164166,12101754,5133,3035,65,48.03,38,离线
2026年5月6日,1:56:29,1778003789,164166,12101754,5133,3035,65,48.03,38,离线
2026年5月6日,1:56:59,1778003819,164166,12101754,5133,3035,65,48.03,38,离线
2026年5月6日,1:57:29,1778003849,164166,12101754,5133,3035,65,48.03,38,离线
2026年5月6日,1:57:59,1778003879,164166,12101754,5133,3035,65,48.03,38,离线
2026年5月6日,1:58:29,1778003909,164166,12101754,5133,3035,65,48.03,38,离线
2026年5月6日,1:58:59,1778003939,164166,12101754,5133,3035,65,48.03,38,离线
2026年5月6日,1:59:29,1778003969,164166,12101754,5133,3035,65,48.03,38,离线
2026年5月6日,1:59:59,1778003999,164166,12101754,5133,3035,65,48.03,38,离线
2026年5月6日,2:00:29,1778004029,164166,12101754,5133,3035,65,48.03,38,离线
2026年5月6日,2:00:59,1778004059,164166,12101754,5133,3035,65,48.03,38,离线
2026年5月6日,2:01:29,1778004089,164166,12101754,5133,3035,65,48.03,38,离线
2026年5月6日,2:01:59,1778004119,164166,12101754,5133,3035,65,48.03,38,离线
2026年5月6日,2:02:29,1778004149,164166,12101754,5133,3035,65,48.03,38,离线
2026年5月6日,2:02:59,1778004179,164166,12101754,5133,3035,65,48.03,38,离线
2026年5月6日,2:03:29,1778004209,164166,12101754,5133,3035,65,48.03,38,离线
2026年5月6日,2:03:59,1778004239,164166,12101754,5133,3035,65,48.03,38,离线
2026年5月6日,2:04:29,1778004269,164166,12101754,5133,3035,65,48.03,38,离线
2026年5月6日,2:04:59,1778004299,164166,12101754,5133,3035,65,48.03,38,离线
2026年5月6日,2:05:29,1778004329,164166,12101754,5133,3035,65,48.03,38,离线
2026年5月6日,2:05:59,1778004359,164166,12101754,5133,3035,65,48.03,38,离线
2026年5月6日,2:06:29,1778004389,164166,12101754,5133,3035,65,48.03,38,离线
2026年5月6日,2:06:59,1778004419,164166,12101754,5133,3035,65,48.03,38,离线
2026年5月6日,2:07:29,1778004449,164166,12101754,5133,3035,65,48.03,38,离线
2026年5月6日,2:07:59,1778004479,164166,12101754,5133,3035,65,48.03,38,离线
2026年5月6日,2:08:29,1778004509,164166,12101754,5133,3035,65,48.03,38,离线
2026年5月6日,2:08:59,1778004539,164166,12101754,5133,3035,65,48.03,38,离线
2026年5月6日,2:09:29,1778004569,164166,12101754,5133,3035,65,48.03,38,离线
2026年5月6日,2:09:59,1778004599,164166,12101754,5133,3035,65,48.03,38,离线
2026年5月6日,2:10:29,1778004629,164166,12101754,5133,3035,65,48.03,38,离线
2026年5月6日,2:10:59,1778004659,164166,12101754,5133,3035,65,48.03,38,离线
2026年5月6日,2:11:29,1778004689,164166,12101754,5133,3035,65,48.03,38,离线
2026年5月6日,2:11:59,1778004719,164166,12101754,5133,3035,65,48.03,38,离线
2026年5月6日,2:12:29,1778004749,164166,12101754,5133,3035,65,48.03,38,离线
2026年5月6日,2:12:59,1778004779,164166,12101754,5133,3035,65,48.03,38,离线
2026年5月6日,2:13:29,1778004809,164166,12101754,5133,3035,65,48.03,38,离线
2026年5月6日,2:13:59,1778004839,164166,12101754,5133,3035,65,48.03,38,离线
2026年5月6日,2:14:29,1778004869,164166,12101754,5133,3035,65,48.03,38,离线
2026年5月6日,2:14:59,1778004899,164166,12101754,5133,3035,65,48.03,38,离线
2026年5月6日,2:15:29,1778004929,164166,12101754,5133,3035,65,48.03,38,离线
2026年5月6日,2:15:59,1778004959,164166,12101754,5133,3035,65,48.03,38,离线
2026年5月6日,2:16:29,1778004989,164166,12101754,5133,3035,65,48.03,38,离线
2026年5月6日,2:16:59,1778005019,164166,12101754,5133,3035,65,48.03,38,离线
2026年5月6日,2:17:29,1778005049,164166,12101754,5133,3035,65,48.03,38,离线
2026年5月6日,2:17:59,1778005079,164166,12101754,5133,3035,65,48.03,38,离线
2026年5月6日,2:18:29,1778005109,164166,12101754,5133,3035,65,48.03,38,离线
2026年5月6日,2:18:59,1778005139,164166,12101754,5133,3035,65,48.03,38,离线
2026年5月6日,2:19:29,1778005169,164166,12101754,5133,3035,65,48.03,38,离线
2026年5月6日,2:19:59,1778005199,164166,12101754,5133,3035,65,48.03,38,离线
2026年5月6日,2:20:29,1778005229,164166,12101754,5133,3035,65,48.03,38,离线
2026年5月6日,2:20:59,1778005259,164166,12101754,5133,3035,65,48.03,38,离线
2026年5月6日,2:21:29,1778005289,164166,12101754,5133,3035,65,48.03,38,离线
2026年5月6日,2:21:59,1778005319,164166,12101754,5133,3035,65,48.03,38,离线
2026年5月6日,2:22:29,1778005349,164166,12101754,5133,3035,65,48.03,38,离线
2026年5月6日,2:22:59,1778005379,164166,12101754,5133,3035,65,48.03,38,离线
2026年5月6日,2:23:29,1778005409,164166,12101754,5133,3035,65,48.03,38,离线
2026年5月6日,2:23:59,1778005439,164166,12101754,5133,3035,65,48.03,38,离线
2026年5月6日,2:24:29,1778005469,164166,12101754,5133,3035,65,48.03,38,离线
2026年5月6日,2:24:59,1778005499,164166,12101754,5133,3035,65,48.03,38,离线
2026年5月6日,2:25:29,1778005529,164166,12101754,5133,3035,65,48.03,38,离线
2026年5月6日,2:25:59,1778005559,164166,12101754,5133,3035,65,48.03,38,离线
2026年5月6日,2:26:29,1778005589,164166,12101754,5133,3035,65,48.03,38,离线
2026年5月6日,2:26:59,1778005619,164166,12101754,5133,3035,65,48.03,38,离线
2026年5月6日,2:27:29,1778005649,164166,12101754,5133,3035,65,48.03,38,离线
2026年5月6日,2:27:59,1778005679,164166,12101754,5133,3035,65,48.03,38,离线
2026年5月6日,2:28:29,1778005709,164166,12101754,5133,3035,65,48.03,38,离线
2026年5月6日,2:28:59,1778005739,164166,12101754,5133,3035,65,48.03,38,离线
2026年5月6日,2:29:29,1778005769,164166,12101754,5133,3035,65,48.03,38,离线
2026年5月6日,2:29:59,1778005799,164166,12101754,5133,3035,65,48.03,38,离线
2026年5月6日,2:30:29,1778005829,164166,12101754,5133,3035,65,48.03,38,离线
2026年5月6日,2:30:59,1778005859,164166,12101754,5133,3035,65,48.03,38,离线
2026年5月6日,2:31:29,1778005889,164166,12101754,5133,3035,65,48.03,38,离线
2026年5月6日,2:31:59,1778005919,164166,12101754,5133,3035,65,48.03,38,离线
2026年5月6日,2:32:29,1778005949,164166,12101754,5133,3035,65,48.03,38,离线
2026年5月6日,2:32:59,1778005979,164166,12101754,5133,3035,65,48.03,38,离线
2026年5月6日,2:33:29,1778006009,164166,12101754,5133,3035,65,48.03,38,离线
2026年5月6日,2:33:59,1778006039,164166,12101754,5133,3035,65,48.03,38,离线
2026年5月6日,2:34:29,1778006069,164166,12101754,5133,3035,65,48.03,38,离线
2026年5月6日,2:34:59,1778006099,164166,12101754,5133,3035,65,48.03,38,离线
2026年5月6日,2:35:35,1778006135,164166,12101754,5133,3035,65,48.03,38,离线
2026年5月6日,2:36:01,1778006161,164166,12101754,5133,3035,65,48.03,38,离线
2026年5月6日,2:36:30,1778006190,164166,12101754,5133,3035,65,48.03,38,离线
2026年5月6日,2:37:02,1778006222,164166,12101754,5133,3035,65,48.03,38,离线
2026年5月6日,2:37:32,1778006252,164166,12101754,5133,3035,65,48.03,38,离线
2026年5月6日,2:38:25,1778006305,164166,12101754,5133,3035,65,48.03,38,离线
2026年5月6日,2:39:36,1778006376,164166,12101754,5133,3035,65,48.03,38,离线
2026年5月6日,2:40:04,1778006404,164166,12101754,5133,3035,65,48.03,38,离线
2026年5月6日,2:40:29,1778006429,164166,12101754,5133,3035,65,48.03,38,离线
2026年5月6日,2:40:59,1778006459,164166,12101754,5133,3035,65,48.03,38,离线
2026年5月6日,2:41:29,1778006489,164166,12101754,5133,3035,65,48.03,38,离线
2026年5月6日,2:42:03,1778006523,164166,12101754,5133,3035,65,48.03,38,离线
2026年5月6日,2:42:29,1778006549,164166,12101754,5133,3035,65,48.03,38,离线
2026年5月6日,2:42:59,1778006579,164166,12101754,5133,3035,65,48.03,38,离线
2026年5月6日,2:43:29,1778006609,164166,12101754,5133,3035,65,48.03,38,离线
2026年5月6日,2:43:59,1778006639,164166,12101754,5133,3035,65,48.03,38,离线
2026年5月6日,2:44:29,1778006669,164166,12101754,5133,3035,65,48.03,38,离线
2026年5月6日,2:44:59,1778006699,164166,12101754,5133,3035,65,48.03,38,离线
2026年5月6日,2:45:29,1778006729,164166,12101754,5133,3035,65,48.03,38,离线
2026年5月6日,2:45:59,1778006759,164166,12101754,5133,3035,65,48.03,38,离线
2026年5月6日,2:46:29,1778006789,164166,12101754,5133,3035,65,48.03,38,离线
2026年5月6日,2:46:59,1778006819,164166,12101754,5133,3035,65,48.03,38,离线
2026年5月6日,2:47:29,1778006849,164166,12101754,5133,3035,65,48.03,38,离线
2026年5月6日,2:47:59,1778006879,164166,12101754,5133,3035,65,48.03,38,离线
2026年5月6日,2:48:29,1778006909,164166,12101754,5133,3035,65,48.03,38,离线
2026年5月6日,2:48:59,1778006939,164166,12101754,5133,3035,65,48.03,38,离线
2026年5月6日,2:49:29,1778006969,164166,12101754,5133,3035,65,48.03,38,离线
2026年5月6日,2:49:59,1778006999,164166,12101754,5133,3035,65,48.03,38,离线
2026年5月6日,2:50:29,1778007029,164166,12101754,5133,3035,65,48.03,38,离线
2026年5月6日,2:50:59,1778007059,164166,12101754,5133,3035,65,48.03,38,离线
2026年5月6日,2:51:29,1778007089,164166,12101754,5133,3035,65,48.03,38,离线
2026年5月6日,2:51:59,1778007119,164166,12101754,5133,3035,65,48.03,38,离线
2026年5月6日,2:52:29,1778007149,164166,12101754,5133,3035,65,48.03,38,离线
2026年5月6日,2:52:59,1778007179,164166,12101754,5133,3035,65,48.03,38,离线
2026年5月6日,2:53:29,1778007209,164166,12101754,5133,3035,65,48.03,38,离线
2026年5月6日,2:53:59,1778007239,164166,12101754,5133,3035,65,48.03,38,离线
2026年5月6日,2:54:29,1778007269,164166,12101754,5133,3035,65,48.03,38,离线
2026年5月6日,2:54:59,1778007299,164166,12101754,5133,3035,65,48.03,38,离线
2026年5月6日,2:55:29,1778007329,164166,12101754,5133,3035,65,48.03,38,离线
2026年5月6日,2:56:03,1778007363,164166,12101754,5133,3035,65,48.03,38,离线
2026年5月6日,2:56:29,1778007389,164166,12101754,5133,3035,65,48.03,38,离线
2026年5月6日,2:57:02,1778007422,164166,12101754,5133,3035,65,48.03,38,离线
2026年5月6日,2:57:29,1778007449,164166,12101754,5133,3035,65,48.03,38,离线
2026年5月6日,2:57:59,1778007479,164166,12101754,5133,3035,65,48.03,38,离线
2026年5月6日,2:58:29,1778007509,164166,12101754,5133,3035,65,48.03,38,离线
2026年5月6日,2:58:59,1778007539,164166,12101754,5133,3035,65,48.03,38,离线
2026年5月6日,2:59:29,1778007569,164166,12101754,5133,3035,65,48.03,38,离线
2026年5月6日,2:59:59,1778007599,164166,12101754,5133,3035,65,48.03,38,离线
2026年5月6日,3:00:29,1778007629,164166,12101754,5133,3035,65,48.03,38,离线
2026年5月6日,3:00:59,1778007659,164166,12101754,5133,3035,65,48.03,38,离线
2026年5月6日,3:01:29,1778007689,164166,12101754,5133,3035,65,48.03,38,离线
2026年5月6日,3:01:59,1778007719,164166,12101754,5133,3035,65,48.03,38,离线
2026年5月6日,3:02:29,1778007749,164166,12101754,5133,3035,65,48.03,38,离线
2026年5月6日,3:02:59,1778007779,164166,12101754,5133,3035,65,48.03,38,离线
2026年5月6日,3:03:29,1778007809,164166,12101754,5133,3035,65,48.03,38,离线
2026年5月6日,3:03:59,1778007839,164166,12101754,5133,3035,65,48.03,38,离线
2026年5月6日,3:04:29,1778007869,164166,12101754,5133,3035,65,48.03,38,离线
2026年5月6日,3:04:59,1778007899,164166,12101754,5133,3035,65,48.03,38,离线
2026年5月6日,3:05:29,1778007929,164166,12101754,5133,3035,65,48.03,38,离线
2026年5月6日,3:05:59,1778007959,164166,12101754,5133,3035,65,48.03,38,离线
2026年5月6日,3:06:29,1778007989,164166,12101754,5133,3035,65,48.03,38,离线
2026年5月6日,3:06:59,1778008019,164166,12101754,5133,3035,65,48.03,38,离线
2026年5月6日,3:07:29,1778008049,164166,12101754,5133,3035,65,48.03,38,离线
2026年5月6日,3:07:59,1778008079,164166,12101754,5133,3035,65,48.03,38,离线
2026年5月6日,3:08:29,1778008109,164166,12101754,5133,3035,65,48.03,38,离线
2026年5月6日,3:08:59,1778008139,164166,12101754,5133,3035,65,48.03,38,离线
2026年5月6日,3:09:29,1778008169,164166,12101754,5133,3035,65,48.03,38,离线
2026年5月6日,3:09:59,1778008199,164166,12101754,5133,3035,65,48.03,38,离线
2026年5月6日,3:10:29,1778008229,164166,12101754,5133,3035,65,48.03,38,离线
2026年5月6日,3:10:59,1778008259,164166,12101754,5133,3035,65,48.03,38,离线
2026年5月6日,3:11:29,1778008289,164166,12101754,5133,3035,65,48.03,38,离线
2026年5月6日,3:11:59,1778008319,164166,12101754,5133,3035,65,48.03,38,离线
2026年5月6日,3:12:29,1778008349,164166,12101754,5133,3035,65,48.03,38,离线
2026年5月6日,3:12:59,1778008379,164166,12101754,5133,3035,65,48.03,38,离线
2026年5月6日,3:13:29,1778008409,164166,12101754,5133,3035,65,48.03,38,离线
2026年5月6日,3:13:59,1778008439,164166,12101754,5133,3035,65,48.03,38,离线
2026年5月6日,3:14:29,1778008469,164166,12101754,5133,3035,65,48.03,38,离线
2026年5月6日,3:14:59,1778008499,164166,12101754,5133,3035,65,48.03,38,离线
2026年5月6日,3:15:29,1778008529,164166,12101754,5133,3035,65,48.03,38,离线
2026年5月6日,3:15:59,1778008559,164166,12101754,5133,3035,65,48.03,38,离线
2026年5月6日,3:16:29,1778008589,164166,12101754,5133,3035,65,48.03,38,离线
2026年5月6日,3:16:59,1778008619,164166,12101754,5133,3035,65,48.03,38,离线
2026年5月6日,3:17:29,1778008649,164166,12101754,5133,3035,65,48.03,38,离线
2026年5月6日,3:17:59,1778008679,164166,12101754,5133,3035,65,48.03,38,离线
2026年5月6日,3:18:29,1778008709,164166,12101754,5133,3035,65,48.03,38,离线
2026年5月6日,3:18:59,1778008739,164166,12101754,5133,3035,65,48.03,38,离线
2026年5月6日,3:19:29,1778008769,164166,12101754,5133,3035,65,48.03,38,离线
2026年5月6日,3:19:59,1778008799,164166,12101754,5133,3035,65,48.03,38,离线
2026年5月6日,3:20:29,1778008829,164166,12101754,5133,3035,65,48.03,38,离线
2026年5月6日,3:20:59,1778008859,164166,12101754,5133,3035,65,48.03,38,离线
2026年5月6日,3:21:29,1778008889,164166,12101754,5133,3035,65,48.03,38,离线
2026年5月6日,3:21:59,1778008919,164166,12101754,5133,3035,65,48.03,38,离线
2026年5月6日,3:22:29,1778008949,164166,12101754,5133,3035,65,48.03,38,离线
2026年5月6日,3:22:59,1778008979,164166,12101754,5133,3035,65,48.03,38,离线
2026年5月6日,3:23:29,1778009009,164166,12101754,5133,3035,65,48.03,38,离线
2026年5月6日,3:23:59,1778009039,164166,12101754,5133,3035,65,48.03,38,离线
2026年5月6日,3:24:29,1778009069,164166,12101754,5133,3035,65,48.03,38,离线
2026年5月6日,3:24:59,1778009099,164166,12101754,5133,3035,65,48.03,38,离线
2026年5月6日,3:25:29,1778009129,164166,12101754,5133,3035,65,48.03,38,离线
2026年5月6日,3:25:59,1778009159,164166,12101754,5133,3035,65,48.03,38,离线
2026年5月6日,3:26:29,1778009189,164166,12101754,5133,3035,65,48.03,38,离线
2026年5月6日,3:26:59,1778009219,164166,12101754,5133,3035,65,48.03,38,离线
2026年5月6日,3:27:29,1778009249,164166,12101754,5133,3035,65,48.03,38,离线
2026年5月6日,3:27:59,1778009279,164166,12101754,5133,3035,65,48.03,38,离线
2026年5月6日,3:28:29,1778009309,164166,12101754,5133,3035,65,48.03,38,离线
2026年5月6日,3:28:59,1778009339,164166,12101754,5133,3035,65,48.03,38,离线
2026年5月6日,3:29:29,1778009369,164166,12101754,5133,3035,65,48.03,38,离线
2026年5月6日,3:29:59,1778009399,164166,12101754,5133,3035,65,48.03,38,离线
2026年5月6日,3:30:29,1778009429,164166,12101754,5133,3035,65,48.03,38,离线
2026年5月6日,3:30:59,1778009459,164166,12101754,5133,3035,65,48.03,38,离线
2026年5月6日,3:31:29,1778009489,164166,12101754,5133,3035,65,48.03,38,离线
2026年5月6日,3:31:59,1778009519,164166,12101754,5133,3035,65,48.03,38,离线
2026年5月6日,3:32:29,1778009549,164166,12101754,5133,3035,65,48.03,38,离线
2026年5月6日,3:32:59,1778009579,164166,12101754,5133,3035,65,48.03,38,离线
2026年5月6日,3:33:29,1778009609,164166,12101754,5133,3035,65,48.03,38,离线
2026年5月6日,3:33:59,1778009639,164166,12101754,5133,3035,65,48.03,38,离线
2026年5月6日,3:34:29,1778009669,164166,12101754,5133,3035,65,48.03,38,离线
2026年5月6日,3:34:59,1778009699,164166,12101754,5133,3035,65,48.03,38,离线
2026年5月6日,3:35:29,1778009729,164166,12101754,5133,3035,65,48.03,38,离线
2026年5月6日,3:35:59,1778009759,164166,12101754,5133,3035,65,48.03,38,离线
2026年5月6日,3:36:29,1778009789,164166,12101754,5133,3035,65,48.03,38,离线
2026年5月6日,3:36:59,1778009819,164166,12101754,5133,3035,65,48.03,38,离线
2026年5月6日,3:37:29,1778009849,164166,12101754,5133,3035,65,48.03,38,离线
2026年5月6日,3:37:59,1778009879,164166,12101754,5133,3035,65,48.03,38,离线
2026年5月6日,3:38:29,1778009909,164166,12101754,5133,3035,65,48.03,38,离线
2026年5月6日,3:38:59,1778009939,164166,12101754,5133,3035,65,48.03,38,离线
2026年5月6日,3:39:29,1778009969,164166,12101754,5133,3035,65,48.03,38,离线
2026年5月6日,3:39:59,1778009999,164166,12101754,5133,3035,65,48.03,38,离线
2026年5月6日,3:40:29,1778010029,164166,12101754,5133,3035,65,48.03,38,离线
2026年5月6日,3:40:59,1778010059,164166,12101754,5133,3035,65,48.03,38,离线
2026年5月6日,3:41:29,1778010089,164166,12101754,5133,3035,65,48.03,38,离线
2026年5月6日,3:41:59,1778010119,164166,12101754,5133,3035,65,48.03,38,离线
2026年5月6日,3:42:29,1778010149,164166,12101754,5133,3035,65,48.03,38,离线
2026年5月6日,3:42:59,1778010179,164166,12101754,5133,3035,65,48.03,38,离线
2026年5月6日,3:43:29,1778010209,164166,12101754,5133,3035,65,48.03,38,离线
2026年5月6日,3:43:59,1778010239,164166,12101754,5133,3035,65,48.03,38,离线
2026年5月6日,3:44:29,1778010269,164166,12101754,5133,3035,65,48.03,38,离线
2026年5月6日,3:44:59,1778010299,164166,12101754,5133,3035,65,48.03,38,离线
2026年5月6日,3:45:29,1778010329,164166,12101754,5133,3035,65,48.03,38,离线
2026年5月6日,3:45:59,1778010359,164166,12101754,5133,3035,65,48.03,38,离线
2026年5月6日,3:46:29,1778010389,164166,12101754,5133,3035,65,48.03,38,离线
2026年5月6日,3:46:59,1778010419,164166,12101754,5133,3035,65,48.03,38,离线
2026年5月6日,3:47:29,1778010449,164166,12101754,5133,3035,65,48.03,38,离线
2026年5月6日,3:47:59,1778010479,164166,12101754,5133,3035,65,48.03,38,离线
2026年5月6日,3:48:29,1778010509,164166,12101754,5133,3035,65,48.03,38,离线
2026年5月6日,3:48:59,1778010539,164166,12101754,5133,3035,65,48.03,38,离线
2026年5月6日,3:49:29,1778010569,164166,12101754,5133,3035,65,48.03,38,离线
2026年5月6日,3:49:59,1778010599,164166,12101754,5133,3035,65,48.03,38,离线
2026年5月6日,3:50:29,1778010629,164166,12101754,5133,3035,65,48.03,38,离线
2026年5月6日,3:50:59,1778010659,164166,12101754,5133,3035,65,48.03,38,离线
2026年5月6日,3:51:29,1778010689,164166,12101754,5133,3035,65,48.03,38,离线
2026年5月6日,3:51:59,1778010719,164166,12101754,5133,3035,65,48.03,38,离线
2026年5月6日,3:52:29,1778010749,164166,12101754,5133,3035,65,48.03,38,离线
2026年5月6日,3:52:59,1778010779,164166,12101754,5133,3035,65,48.03,38,离线
2026年5月6日,3:53:29,1778010809,164166,12101754,5133,3035,65,48.03,38,离线
2026年5月6日,3:53:59,1778010839,164166,12101754,5133,3035,65,48.03,38,离线
2026年5月6日,3:54:29,1778010869,164166,12101754,5133,3035,65,48.03,38,离线
2026年5月6日,3:54:59,1778010899,164166,12101754,5133,3035,65,48.03,38,离线
2026年5月6日,3:55:29,1778010929,164166,12101754,5133,3035,65,48.03,38,离线
2026年5月6日,3:55:59,1778010959,164166,12101754,5133,3035,65,48.03,38,离线
2026年5月6日,3:56:29,1778010989,164166,12101754,5133,3035,65,48.03,38,离线
2026年5月6日,3:56:59,1778011019,164166,12101754,5133,3035,65,48.03,38,离线
2026年5月6日,3:57:29,1778011049,164166,12101754,5133,3035,65,48.03,38,离线
2026年5月6日,3:57:59,1778011079,164166,12101754,5133,3035,65,48.03,38,离线
2026年5月6日,3:58:29,1778011109,164166,12101754,5133,3035,65,48.03,38,离线
2026年5月6日,3:58:59,1778011139,164166,12101754,5133,3035,65,48.03,38,离线
2026年5月6日,3:59:29,1778011169,164166,12101754,5133,3035,65,48.03,38,离线
2026年5月6日,3:59:59,1778011199,164166,12101754,5133,3035,65,48.03,38,离线
2026年5月6日,4:00:29,1778011229,164166,12101754,5133,3035,65,48.03,38,离线
2026年5月6日,4:00:59,1778011259,164166,12101754,5133,3035,65,48.03,38,离线
2026年5月6日,4:01:29,1778011289,164166,12101754,5133,3035,65,48.03,38,离线
2026年5月6日,4:01:59,1778011319,164166,12101754,5133,3035,65,48.03,38,离线
2026年5月6日,4:02:29,1778011349,164166,12101754,5133,3035,65,48.03,38,离线
2026年5月6日,4:02:59,1778011379,164166,12101754,5133,3035,65,48.03,38,离线
2026年5月6日,4:03:29,1778011409,164166,12101754,5133,3035,65,48.03,38,离线
2026年5月6日,4:03:59,1778011439,164166,12101754,5133,3035,65,48.03,38,离线
2026年5月6日,4:04:29,1778011469,164166,12101754,5133,3035,65,48.03,38,离线
2026年5月6日,4:04:59,1778011499,164166,12101754,5133,3035,65,48.03,38,离线
2026年5月6日,4:05:29,1778011529,164166,12101754,5133,3035,65,48.03,38,离线
2026年5月6日,4:05:59,1778011559,164166,12101754,5133,3035,65,48.03,38,离线
2026年5月6日,4:06:29,1778011589,164166,12101754,5133,3035,65,48.03,38,离线
2026年5月6日,4:06:59,1778011619,164166,12101754,5133,3035,65,48.03,38,离线
2026年5月6日,4:07:29,1778011649,164166,12101754,5133,3035,65,48.03,38,离线
2026年5月6日,4:07:59,1778011679,164166,12101754,5133,3035,65,48.03,38,离线
2026年5月6日,4:08:29,1778011709,164166,12101754,5133,3035,65,48.03,38,离线
2026年5月6日,4:08:59,1778011739,164166,12101754,5133,3035,65,48.03,38,离线
2026年5月6日,4:09:29,1778011769,164166,12101754,5133,3035,65,48.03,38,离线
2026年5月6日,4:09:59,1778011799,164166,12101754,5133,3035,65,48.03,38,离线
2026年5月6日,4:10:29,1778011829,164166,12101754,5133,3035,65,48.03,38,离线
2026年5月6日,4:10:59,1778011859,164166,12101754,5133,3035,65,48.03,38,离线
2026年5月6日,4:11:29,1778011889,164166,12101754,5133,3035,65,48.03,38,离线
2026年5月6日,4:11:59,1778011919,164166,12101754,5133,3035,65,48.03,38,离线
2026年5月6日,4:12:29,1778011949,164166,12101754,5133,3035,65,48.03,38,离线
2026年5月6日,4:12:59,1778011979,164166,12101754,5133,3035,65,48.03,38,离线
2026年5月6日,4:13:29,1778012009,164166,12101754,5133,3035,65,48.03,38,离线
2026年5月6日,4:13:59,1778012039,164166,12101754,5133,3035,65,48.03,38,离线
2026年5月6日,4:14:29,1778012069,164166,12101754,5133,3035,65,48.03,38,离线
2026年5月6日,4:14:59,1778012099,164166,12101754,5133,3035,65,48.03,38,离线
2026年5月6日,4:15:29,1778012129,164166,12101754,5133,3035,65,48.03,38,离线
2026年5月6日,4:15:59,1778012159,164166,12101754,5133,3035,65,48.03,38,离线
2026年5月6日,4:16:29,1778012189,164166,12101754,5133,3035,65,48.03,38,离线
2026年5月6日,4:16:59,1778012219,164166,12101754,5133,3035,65,48.03,38,离线
2026年5月6日,4:17:29,1778012249,164166,12101754,5133,3035,65,48.03,38,离线
2026年5月6日,4:17:59,1778012279,164166,12101754,5133,3035,65,48.03,38,离线
2026年5月6日,4:18:29,1778012309,164166,12101754,5133,3035,65,48.03,38,离线
2026年5月6日,4:19:00,1778012340,164166,12101754,5133,3035,65,48.03,38,离线
2026年5月6日,4:19:29,1778012369,164166,12101754,5133,3035,65,48.03,38,离线
2026年5月6日,4:19:59,1778012399,164166,12101754,5133,3035,65,48.03,38,离线
2026年5月6日,4:20:29,1778012429,164166,12101754,5133,3035,65,48.03,38,离线
2026年5月6日,4:20:59,1778012459,164166,12101754,5133,3035,65,48.03,38,离线
2026年5月6日,4:21:29,1778012489,164166,12101754,5133,3035,65,48.03,38,离线
2026年5月6日,4:21:59,1778012519,164166,12101754,5133,3035,65,48.03,38,离线
2026年5月6日,4:22:29,1778012549,164166,12101754,5133,3035,65,48.03,38,离线
2026年5月6日,4:22:59,1778012579,164166,12101754,5133,3035,65,48.03,38,离线
2026年5月6日,4:23:29,1778012609,164166,12101754,5133,3035,65,48.03,38,离线
2026年5月6日,4:23:59,1778012639,164166,12101754,5133,3035,65,48.03,38,离线
2026年5月6日,4:24:29,1778012669,164166,12101754,5133,3035,65,48.03,38,离线
2026年5月6日,4:24:59,1778012699,164166,12101754,5133,3035,65,48.03,38,离线
2026年5月6日,4:25:29,1778012729,164166,12101754,5133,3035,65,48.03,38,离线
2026年5月6日,4:25:59,1778012759,164166,12101754,5133,3035,65,48.03,38,离线
2026年5月6日,4:26:29,1778012789,164166,12101754,5133,3035,65,48.03,38,离线
2026年5月6日,4:26:59,1778012819,164166,12101754,5133,3035,65,48.03,38,离线
2026年5月6日,4:27:29,1778012849,164166,12101754,5133,3035,65,48.03,38,离线
2026年5月6日,4:27:59,1778012879,164166,12101754,5133,3035,65,48.03,38,离线
2026年5月6日,4:28:29,1778012909,164166,12101754,5133,3035,65,48.03,38,离线
2026年5月6日,4:28:59,1778012939,164166,12101754,5133,3035,65,48.03,38,离线
2026年5月6日,4:29:29,1778012969,164166,12101754,5133,3035,65,48.03,38,离线
2026年5月6日,4:29:59,1778012999,164166,12101754,5133,3035,65,48.03,38,离线
2026年5月6日,4:30:29,1778013029,164166,12101754,5133,3035,65,48.03,38,离线
2026年5月6日,4:30:59,1778013059,164166,12101754,5133,3035,65,48.03,38,离线
2026年5月6日,4:31:29,1778013089,164166,12101754,5133,3035,65,48.03,38,离线
2026年5月6日,4:31:59,1778013119,164166,12101754,5133,3035,65,48.03,38,离线
2026年5月6日,4:32:29,1778013149,164166,12101754,5133,3035,65,48.03,38,离线
2026年5月6日,4:32:59,1778013179,164166,12101754,5133,3035,65,48.03,38,离线
2026年5月6日,4:33:29,1778013209,164166,12101754,5133,3035,65,48.03,38,离线
2026年5月6日,4:33:59,1778013239,164166,12101754,5133,3035,65,48.03,38,离线
2026年5月6日,4:34:29,1778013269,164166,12101754,5133,3035,65,48.03,38,离线
2026年5月6日,4:34:59,1778013299,164166,12101754,5133,3035,65,48.03,38,离线
2026年5月6日,4:35:29,1778013329,164166,12101754,5133,3035,65,48.03,38,离线
2026年5月6日,4:35:59,1778013359,164166,12101754,5133,3035,65,48.03,38,离线
2026年5月6日,4:36:29,1778013389,164166,12101754,5133,3035,65,48.03,38,离线
2026年5月6日,4:36:59,1778013419,164166,12101754,5133,3035,65,48.03,38,离线
2026年5月6日,4:37:29,1778013449,164166,12101754,5133,3035,65,48.03,38,离线
2026年5月6日,4:37:59,1778013479,164166,12101754,5133,3035,65,48.03,38,离线
2026年5月6日,4:38:29,1778013509,164166,12101754,5133,3035,65,48.03,38,离线
2026年5月6日,4:38:59,1778013539,164166,12101754,5133,3035,65,48.03,38,离线
2026年5月6日,4:39:29,1778013569,164166,12101754,5133,3035,65,48.03,38,离线
2026年5月6日,4:39:59,1778013599,164166,12101754,5133,3035,65,48.03,38,离线
2026年5月6日,4:40:29,1778013629,164166,12101754,5133,3035,65,48.03,38,离线
2026年5月6日,4:40:59,1778013659,164166,12101754,5133,3035,65,48.03,38,离线
2026年5月6日,4:41:29,1778013689,164166,12101754,5133,3035,65,48.03,38,离线
2026年5月6日,4:41:59,1778013719,164166,12101754,5133,3035,65,48.03,38,离线
2026年5月6日,4:42:29,1778013749,164166,12101754,5133,3035,65,48.03,38,离线
2026年5月6日,4:42:59,1778013779,164166,12101754,5133,3035,65,48.03,38,离线
2026年5月6日,4:43:29,1778013809,164166,12101754,5133,3035,65,48.03,38,离线
2026年5月6日,4:43:59,1778013839,164166,12101754,5133,3035,65,48.03,38,离线
2026年5月6日,4:44:29,1778013869,164166,12101754,5133,3035,65,48.03,38,离线
2026年5月6日,4:44:59,1778013899,164166,12101754,5133,3035,65,48.03,38,离线
2026年5月6日,4:45:29,1778013929,164166,12101754,5133,3035,65,48.03,38,离线
2026年5月6日,4:45:59,1778013959,164166,12101754,5133,3035,65,48.03,38,离线
2026年5月6日,4:46:29,1778013989,164166,12101754,5133,3035,65,48.03,38,离线
2026年5月6日,4:46:59,1778014019,164166,12101754,5133,3035,65,48.03,38,离线
2026年5月6日,4:47:29,1778014049,164166,12101754,5133,3035,65,48.03,38,离线
2026年5月6日,4:47:59,1778014079,164166,12101754,5133,3035,65,48.03,38,离线
2026年5月6日,4:48:29,1778014109,164166,12101754,5133,3035,65,48.03,38,离线
2026年5月6日,4:48:59,1778014139,164166,12101754,5133,3035,65,48.03,38,离线
2026年5月6日,4:49:29,1778014169,164166,12101754,5133,3035,65,48.03,38,离线
2026年5月6日,4:49:59,1778014199,164166,12101754,5133,3035,65,48.03,38,离线
2026年5月6日,4:50:29,1778014229,164166,12101754,5133,3035,65,48.03,38,离线
2026年5月6日,4:50:59,1778014259,164166,12101754,5133,3035,65,48.03,38,离线
2026年5月6日,4:51:29,1778014289,164166,12101754,5133,3035,65,48.03,38,离线
2026年5月6日,4:51:59,1778014319,164166,12101754,5133,3035,65,48.03,38,离线
2026年5月6日,4:52:29,1778014349,164166,12101754,5133,3035,65,48.03,38,离线
2026年5月6日,4:52:59,1778014379,164166,12101754,5133,3035,65,48.03,38,离线
2026年5月6日,4:53:29,1778014409,164166,12101754,5133,3035,65,48.03,38,离线
2026年5月6日,4:53:59,1778014439,164166,12101754,5133,3035,65,48.03,38,离线
2026年5月6日,4:54:29,1778014469,164166,12101754,5133,3035,65,48.03,38,离线
2026年5月6日,4:54:59,1778014499,164166,12101754,5133,3035,65,48.03,38,离线
2026年5月6日,4:55:29,1778014529,164166,12101754,5133,3035,65,48.03,38,离线
2026年5月6日,4:56:00,1778014560,164166,12101754,5133,3035,65,48.03,38,离线
2026年5月6日,4:56:30,1778014590,164166,12101754,5133,3035,65,48.03,38,离线
2026年5月6日,4:56:59,1778014619,164166,12101754,5133,3035,65,48.03,38,离线
2026年5月6日,4:57:29,1778014649,164166,12101754,5133,3035,65,48.03,38,离线
2026年5月6日,4:57:59,1778014679,164166,12101754,5133,3035,65,48.03,38,离线
2026年5月6日,4:58:29,1778014709,164166,12101754,5133,3035,65,48.03,38,离线
2026年5月6日,4:58:59,1778014739,164166,12101754,5133,3035,65,48.03,38,离线
2026年5月6日,4:59:29,1778014769,164166,12101754,5133,3035,65,48.03,38,离线
2026年5月6日,4:59:59,1778014799,164166,12101754,5133,3035,65,48.03,38,离线
2026年5月6日,5:00:29,1778014829,164166,12101754,5133,3035,65,48.03,38,离线
2026年5月6日,5:00:59,1778014859,164166,12101754,5133,3035,65,48.03,38,离线
2026年5月6日,5:01:29,1778014889,164166,12101754,5133,3035,65,48.03,38,离线
2026年5月6日,5:01:59,1778014919,164166,12101754,5133,3035,65,48.03,38,离线
2026年5月6日,5:02:29,1778014949,164166,12101754,5133,3035,65,48.03,38,离线
2026年5月6日,5:02:59,1778014979,164166,12101754,5133,3035,65,48.03,38,离线
2026年5月6日,5:03:29,1778015009,164166,12101754,5133,3035,65,48.03,38,离线
2026年5月6日,5:03:59,1778015039,164166,12101754,5133,3035,65,48.03,38,离线
2026年5月6日,5:04:29,1778015069,164166,12101754,5133,3035,65,48.03,38,离线
2026年5月6日,5:04:59,1778015099,164166,12101754,5133,3035,65,48.03,38,离线
2026年5月6日,5:05:29,1778015129,164166,12101754,5133,3035,65,48.03,38,离线
2026年5月6日,5:05:59,1778015159,164166,12101754,5133,3035,65,48.03,38,离线
2026年5月6日,5:06:29,1778015189,164166,12101754,5133,3035,65,48.03,38,离线
2026年5月6日,5:06:59,1778015219,164166,12101754,5133,3035,65,48.03,38,离线
2026年5月6日,5:07:29,1778015249,164166,12101754,5133,3035,65,48.03,38,离线
2026年5月6日,5:07:59,1778015279,164166,12101754,5133,3035,65,48.03,38,离线
2026年5月6日,5:08:29,1778015309,164166,12101754,5133,3035,65,48.03,38,离线
2026年5月6日,5:08:59,1778015339,164166,12101754,5133,3035,65,48.03,38,离线
2026年5月6日,5:09:29,1778015369,164166,12101754,5133,3035,65,48.03,38,离线
2026年5月6日,5:09:59,1778015399,164166,12101754,5133,3035,65,48.03,38,离线
2026年5月6日,5:10:29,1778015429,164166,12101754,5133,3035,65,48.03,38,离线
2026年5月6日,5:10:59,1778015459,164166,12101754,5133,3035,65,48.03,38,离线
2026年5月6日,5:11:29,1778015489,164166,12101754,5133,3035,65,48.03,38,离线
2026年5月6日,5:11:59,1778015519,164166,12101754,5133,3035,65,48.03,38,离线
2026年5月6日,5:12:29,1778015549,164166,12101754,5133,3035,65,48.03,38,离线
2026年5月6日,5:12:59,1778015579,164166,12101754,5133,3035,65,48.03,38,离线
2026年5月6日,5:13:29,1778015609,164166,12101754,5133,3035,65,48.03,38,离线
2026年5月6日,5:13:59,1778015639,164166,12101754,5133,3035,65,48.03,38,离线
2026年5月6日,5:14:29,1778015669,164166,12101754,5133,3035,65,48.03,38,离线
2026年5月6日,5:14:59,1778015699,164166,12101754,5133,3035,65,48.03,38,离线
2026年5月6日,5:15:29,1778015729,164166,12101754,5133,3035,65,48.03,38,离线
2026年5月6日,5:15:59,1778015759,164166,12101754,5133,3035,65,48.03,38,离线
2026年5月6日,5:16:29,1778015789,164166,12101754,5133,3035,65,48.03,38,离线
2026年5月6日,5:16:59,1778015819,164166,12101754,5133,3035,65,48.03,38,离线
2026年5月6日,5:17:29,1778015849,164166,12101754,5133,3035,65,48.03,38,离线
2026年5月6日,5:17:59,1778015879,164166,12101754,5133,3035,65,48.03,38,离线
2026年5月6日,5:18:29,1778015909,164166,12101754,5133,3035,65,48.03,38,离线
2026年5月6日,5:18:59,1778015939,164166,12101754,5133,3035,65,48.03,38,离线
2026年5月6日,5:19:29,1778015969,164166,12101754,5133,3035,65,48.03,38,离线
2026年5月6日,5:19:59,1778015999,164166,12101754,5133,3035,65,48.03,38,离线
2026年5月6日,5:20:29,1778016029,164166,12101754,5133,3035,65,48.03,38,离线
2026年5月6日,5:20:59,1778016059,164166,12101754,5133,3035,65,48.03,38,离线
2026年5月6日,5:21:29,1778016089,164166,12101754,5133,3035,65,48.03,38,离线
2026年5月6日,5:21:59,1778016119,164166,12101754,5133,3035,65,48.03,38,离线
2026年5月6日,5:22:29,1778016149,164166,12101754,5133,3035,65,48.03,38,离线
2026年5月6日,5:22:59,1778016179,164166,12101754,5133,3035,65,48.03,38,离线
2026年5月6日,5:23:29,1778016209,164166,12101754,5133,3035,65,48.03,38,离线
2026年5月6日,5:23:59,1778016239,164166,12101754,5133,3035,65,48.03,38,离线
2026年5月6日,5:24:29,1778016269,164166,12101754,5133,3035,65,48.03,38,离线
2026年5月6日,5:24:59,1778016299,164166,12101754,5133,3035,65,48.03,38,离线
2026年5月6日,5:25:29,1778016329,164166,12101754,5133,3035,65,48.03,38,离线
2026年5月6日,5:25:59,1778016359,164166,12101754,5133,3035,65,48.03,38,离线
2026年5月6日,5:26:29,1778016389,164166,12101754,5133,3035,65,48.03,38,离线
2026年5月6日,5:26:59,1778016419,164166,12101754,5133,3035,65,48.03,38,离线
2026年5月6日,5:27:29,1778016449,164166,12101754,5133,3035,65,48.03,38,离线
2026年5月6日,5:27:59,1778016479,164166,12101754,5133,3035,65,48.03,38,离线
2026年5月6日,5:28:29,1778016509,164166,12101754,5133,3035,65,48.03,38,离线
2026年5月6日,5:28:59,1778016539,164166,12101754,5133,3035,65,48.03,38,离线
2026年5月6日,5:29:29,1778016569,164166,12101754,5133,3035,65,48.03,38,离线
2026年5月6日,5:29:59,1778016599,164166,12101754,5133,3035,65,48.03,38,离线
2026年5月6日,5:30:29,1778016629,164166,12101754,5133,3035,65,48.03,38,离线
2026年5月6日,5:30:59,1778016659,164166,12101754,5133,3035,65,48.03,38,离线
2026年5月6日,5:31:29,1778016689,164166,12101754,5133,3035,65,48.03,38,离线
2026年5月6日,5:31:59,1778016719,164166,12101754,5133,3035,65,48.03,38,离线
2026年5月6日,5:32:29,1778016749,164166,12101754,5133,3035,65,48.03,38,离线
2026年5月6日,5:32:59,1778016779,164166,12101754,5133,3035,65,48.03,38,离线
2026年5月6日,5:33:29,1778016809,164166,12101754,5133,3035,65,48.03,38,离线
2026年5月6日,5:33:59,1778016839,164166,12101754,5133,3035,65,48.03,38,离线
2026年5月6日,5:34:29,1778016869,164166,12101754,5133,3035,65,48.03,38,离线
2026年5月6日,5:34:59,1778016899,164166,12101754,5133,3035,65,48.03,38,离线
2026年5月6日,5:35:29,1778016929,164166,12101754,5133,3035,65,48.03,38,离线
2026年5月6日,5:35:59,1778016959,164166,12101754,5133,3035,65,48.03,38,离线
2026年5月6日,5:36:29,1778016989,164166,12101754,5133,3035,65,48.03,38,离线
2026年5月6日,5:36:59,1778017019,164166,12101754,5133,3035,65,48.03,38,离线
2026年5月6日,5:37:29,1778017049,164166,12101754,5133,3035,65,48.03,38,离线
2026年5月6日,5:37:59,1778017079,164166,12101754,5133,3035,65,48.03,38,离线
2026年5月6日,5:38:29,1778017109,164166,12101754,5133,3035,65,48.03,38,离线
2026年5月6日,5:38:59,1778017139,164166,12101754,5133,3035,65,48.03,38,离线
2026年5月6日,5:39:29,1778017169,164166,12101754,5133,3035,65,48.03,38,离线
2026年5月6日,5:39:59,1778017199,164166,12101754,5133,3035,65,48.03,38,离线
2026年5月6日,5:40:29,1778017229,164166,12101754,5133,3035,65,48.03,38,离线
2026年5月6日,5:40:59,1778017259,164166,12101754,5133,3035,65,48.03,38,离线
2026年5月6日,5:41:29,1778017289,164166,12101754,5133,3035,65,48.03,38,离线
2026年5月6日,5:41:59,1778017319,164166,12101754,5133,3035,65,48.03,38,离线
2026年5月6日,5:42:29,1778017349,164166,12101754,5133,3035,65,48.03,38,离线
2026年5月6日,5:42:59,1778017379,164166,12101754,5133,3035,65,48.03,38,离线
2026年5月6日,5:43:29,1778017409,164166,12101754,5133,3035,65,48.03,38,离线
2026年5月6日,5:43:59,1778017439,164166,12101754,5133,3035,65,48.03,38,离线
2026年5月6日,5:44:29,1778017469,164166,12101754,5133,3035,65,48.03,38,离线
2026年5月6日,5:44:59,1778017499,164166,12101754,5133,3035,65,48.03,38,离线
2026年5月6日,5:45:29,1778017529,164166,12101754,5133,3035,65,48.03,38,离线
2026年5月6日,5:45:59,1778017559,164166,12101754,5133,3035,65,48.03,38,离线
2026年5月6日,5:46:29,1778017589,164166,12101754,5133,3035,65,48.03,38,离线
2026年5月6日,5:46:59,1778017619,164166,12101754,5133,3035,65,48.03,38,离线
2026年5月6日,5:47:29,1778017649,164166,12101754,5133,3035,65,48.03,38,离线
2026年5月6日,5:47:59,1778017679,164166,12101754,5133,3035,65,48.03,38,离线
2026年5月6日,5:48:29,1778017709,164166,12101754,5133,3035,65,48.03,38,离线
2026年5月6日,5:48:59,1778017739,164166,12101754,5133,3035,65,48.03,38,离线
2026年5月6日,5:49:29,1778017769,164166,12101754,5133,3035,65,48.03,38,离线
2026年5月6日,5:49:59,1778017799,164166,12101754,5133,3035,65,48.03,38,离线
2026年5月6日,5:50:29,1778017829,164166,12101754,5133,3035,65,48.03,38,离线
2026年5月6日,5:50:59,1778017859,164166,12101754,5133,3035,65,48.03,38,离线
2026年5月6日,5:51:29,1778017889,164166,12101754,5133,3035,65,48.03,38,离线
2026年5月6日,5:51:59,1778017919,164166,12101754,5133,3035,65,48.03,38,离线
2026年5月6日,5:52:29,1778017949,164166,12101754,5133,3035,65,48.03,38,离线
2026年5月6日,5:52:59,1778017979,164166,12101754,5133,3035,65,48.03,38,离线
2026年5月6日,5:53:29,1778018009,164166,12101754,5133,3035,65,48.03,38,离线
2026年5月6日,5:53:59,1778018039,164166,12101754,5133,3035,65,48.03,38,离线
2026年5月6日,5:54:29,1778018069,164166,12101754,5133,3035,65,48.03,38,离线
2026年5月6日,5:54:59,1778018099,164166,12101754,5133,3035,65,48.03,38,离线
2026年5月6日,5:55:29,1778018129,164166,12101754,5133,3035,65,48.03,38,离线
2026年5月6日,5:55:59,1778018159,164166,12101754,5133,3035,65,48.03,38,离线
2026年5月6日,5:56:29,1778018189,164166,12101754,5133,3035,65,48.03,38,离线
2026年5月6日,5:56:59,1778018219,164166,12101754,5133,3035,65,48.03,38,离线
2026年5月6日,5:57:29,1778018249,164166,12101754,5133,3035,65,48.03,38,离线
2026年5月6日,5:57:59,1778018279,164166,12101754,5133,3035,65,48.03,38,离线
2026年5月6日,5:58:29,1778018309,164166,12101754,5133,3035,65,48.03,38,离线
2026年5月6日,5:58:59,1778018339,164166,12101754,5133,3035,65,48.03,38,离线
2026年5月6日,5:59:29,1778018369,164166,12101754,5133,3035,65,48.03,38,离线
2026年5月6日,5:59:59,1778018399,164166,12101754,5133,3035,65,48.03,38,离线
2026年5月6日,6:00:29,1778018429,164166,12101754,5133,3035,65,48.03,38,离线
2026年5月6日,6:00:59,1778018459,164166,12101754,5133,3035,65,48.03,38,离线
2026年5月6日,6:01:29,1778018489,164166,12101754,5133,3035,65,48.03,38,离线
2026年5月6日,6:01:59,1778018519,164166,12101754,5133,3035,65,48.03,38,离线
2026年5月6日,6:02:29,1778018549,164166,12101754,5133,3035,65,48.03,38,离线
2026年5月6日,6:02:59,1778018579,164166,12101754,5133,3035,65,48.03,38,离线
2026年5月6日,6:03:29,1778018609,164166,12101754,5133,3035,65,48.03,38,离线
2026年5月6日,6:03:59,1778018639,164166,12101754,5133,3035,65,48.03,38,离线
2026年5月6日,6:04:29,1778018669,164166,12101754,5133,3035,65,48.03,38,离线
2026年5月6日,6:04:59,1778018699,164166,12101754,5133,3035,65,48.03,38,离线
2026年5月6日,6:05:29,1778018729,164166,12101754,5133,3035,65,48.03,38,离线
2026年5月6日,6:05:59,1778018759,164166,12101754,5133,3035,65,48.03,38,离线
2026年5月6日,6:06:29,1778018789,164166,12101754,5133,3035,65,48.03,38,离线
2026年5月6日,6:06:59,1778018819,164166,12101754,5133,3035,65,48.03,38,离线
2026年5月6日,6:07:29,1778018849,164166,12101754,5133,3035,65,48.03,38,离线
2026年5月6日,6:07:59,1778018879,164166,12101754,5133,3035,65,48.03,38,离线
2026年5月6日,6:08:29,1778018909,164166,12101754,5133,3035,65,48.03,38,离线
2026年5月6日,6:08:59,1778018939,164166,12101754,5133,3035,65,48.03,38,离线
2026年5月6日,6:09:29,1778018969,164166,12101754,5133,3035,65,48.03,38,离线
2026年5月6日,6:09:59,1778018999,164166,12101754,5133,3035,65,48.03,38,离线
2026年5月6日,6:10:29,1778019029,164166,12101754,5133,3035,65,48.03,38,离线
2026年5月6日,6:10:59,1778019059,164166,12101754,5133,3035,65,48.03,38,离线
2026年5月6日,6:11:29,1778019089,164166,12101754,5133,3035,65,48.03,38,离线
2026年5月6日,6:11:59,1778019119,164166,12101754,5133,3035,65,48.03,38,离线
2026年5月6日,6:12:29,1778019149,164166,12101754,5133,3035,65,48.03,38,离线
2026年5月6日,6:12:59,1778019179,164166,12101754,5133,3035,65,48.03,38,离线
2026年5月6日,6:13:29,1778019209,164166,12101754,5133,3035,65,48.03,38,离线
2026年5月6日,6:13:59,1778019239,164166,12101754,5133,3035,65,48.03,38,离线
2026年5月6日,6:14:29,1778019269,164166,12101754,5133,3035,65,48.03,38,离线
2026年5月6日,6:14:59,1778019299,164166,12101754,5133,3035,65,48.03,38,离线
2026年5月6日,6:15:29,1778019329,164166,12101754,5133,3035,65,48.03,38,离线
2026年5月6日,6:15:59,1778019359,164166,12101754,5133,3035,65,48.03,38,离线
2026年5月6日,6:16:29,1778019389,164166,12101754,5133,3035,65,48.03,38,离线
2026年5月6日,6:16:59,1778019419,164166,12101754,5133,3035,65,48.03,38,离线
2026年5月6日,6:17:29,1778019449,164166,12101754,5133,3035,65,48.03,38,离线
2026年5月6日,6:17:59,1778019479,164166,12101754,5133,3035,65,48.03,38,离线
2026年5月6日,6:18:29,1778019509,164166,12101754,5133,3035,65,48.03,38,离线
2026年5月6日,6:18:59,1778019539,164166,12101754,5133,3035,65,48.03,38,离线
2026年5月6日,6:19:29,1778019569,164166,12101754,5133,3035,65,48.03,38,离线
2026年5月6日,6:19:59,1778019599,164166,12101754,5133,3035,65,48.03,38,离线
2026年5月6日,6:20:29,1778019629,164166,12101754,5133,3035,65,48.03,38,离线
2026年5月6日,6:20:59,1778019659,164166,12101754,5133,3035,65,48.03,38,离线
2026年5月6日,6:21:29,1778019689,164166,12101754,5133,3035,65,48.03,38,离线
2026年5月6日,6:21:59,1778019719,164166,12101754,5133,3035,65,48.03,38,离线
2026年5月6日,6:22:29,1778019749,164166,12101754,5133,3035,65,48.03,38,离线
2026年5月6日,6:22:59,1778019779,164166,12101754,5133,3035,65,48.03,38,离线
2026年5月6日,6:23:29,1778019809,164166,12101754,5133,3035,65,48.03,38,离线
2026年5月6日,6:23:59,1778019839,164166,12101754,5133,3035,65,48.03,38,离线
2026年5月6日,6:24:29,1778019869,164166,12101754,5133,3035,65,48.03,38,离线
2026年5月6日,6:24:59,1778019899,164166,12101754,5133,3035,65,48.03,38,离线
2026年5月6日,6:25:29,1778019929,164166,12101754,5133,3035,65,48.03,38,离线
2026年5月6日,6:25:59,1778019959,164166,12101754,5133,3035,65,48.03,38,离线
2026年5月6日,6:26:29,1778019989,164166,12101754,5133,3035,65,48.03,38,离线
2026年5月6日,6:26:59,1778020019,164166,12101754,5133,3035,65,48.03,38,离线
2026年5月6日,6:27:29,1778020049,164166,12101754,5133,3035,65,48.03,38,离线
2026年5月6日,6:27:59,1778020079,164166,12101754,5133,3035,65,48.03,38,离线
2026年5月6日,6:28:29,1778020109,164166,12101754,5133,3035,65,48.03,38,离线
2026年5月6日,6:28:59,1778020139,164166,12101754,5133,3035,65,48.03,38,离线
2026年5月6日,6:29:29,1778020169,164166,12101754,5133,3035,65,48.03,38,离线
2026年5月6日,6:29:59,1778020199,164166,12101754,5133,3035,65,48.03,38,离线
2026年5月6日,6:30:29,1778020229,164166,12101754,5133,3035,65,48.03,38,离线
2026年5月6日,6:30:59,1778020259,164166,12101754,5133,3035,65,48.03,38,离线
2026年5月6日,6:31:29,1778020289,164166,12101754,5133,3035,65,48.03,38,离线
2026年5月6日,6:31:59,1778020319,164166,12101754,5133,3035,65,48.03,38,离线
2026年5月6日,6:32:29,1778020349,164166,12101754,5133,3035,65,48.03,38,离线
2026年5月6日,6:32:59,1778020379,164166,12101754,5133,3035,65,48.03,38,离线
2026年5月6日,6:33:29,1778020409,164166,12101754,5133,3035,65,48.03,38,离线
2026年5月6日,6:33:59,1778020439,164166,12101754,5133,3035,65,48.03,38,离线
2026年5月6日,6:34:29,1778020469,164166,12101754,5133,3035,65,48.03,38,离线
2026年5月6日,6:34:59,1778020499,164166,12101754,5133,3035,65,48.03,38,离线
2026年5月6日,6:35:29,1778020529,164166,12101754,5133,3035,65,48.03,38,离线
2026年5月6日,6:35:59,1778020559,164166,12101754,5133,3035,65,48.03,38,离线
2026年5月6日,6:36:29,1778020589,164166,12101754,5133,3035,65,48.03,38,离线
2026年5月6日,6:36:59,1778020619,164166,12101754,5133,3035,65,48.03,38,离线
2026年5月6日,6:37:29,1778020649,164166,12101754,5133,3035,65,48.03,38,离线
2026年5月6日,6:37:59,1778020679,164166,12101754,5133,3035,65,48.03,38,离线
2026年5月6日,6:38:29,1778020709,164166,12101754,5133,3035,65,48.03,38,离线
2026年5月6日,6:38:59,1778020739,164166,12101754,5133,3035,65,48.03,38,离线
2026年5月6日,6:39:29,1778020769,164166,12101754,5133,3035,65,48.03,38,离线
2026年5月6日,6:39:59,1778020799,164166,12101754,5133,3035,65,48.03,38,离线
2026年5月6日,6:40:29,1778020829,164166,12101754,5133,3035,65,48.03,38,离线
2026年5月6日,6:40:59,1778020859,164166,12101754,5133,3035,65,48.03,38,离线
2026年5月6日,6:41:29,1778020889,164166,12101754,5133,3035,65,48.03,38,离线
2026年5月6日,6:41:59,1778020919,164166,12101754,5133,3035,65,48.03,38,离线
2026年5月6日,6:42:29,1778020949,164166,12101754,5133,3035,65,48.03,38,离线
2026年5月6日,6:42:59,1778020979,164166,12101754,5133,3035,65,48.03,38,离线
2026年5月6日,6:43:29,1778021009,164166,12101754,5133,3035,65,48.03,38,离线
2026年5月6日,6:43:59,1778021039,164166,12101754,5133,3035,65,48.03,38,离线
2026年5月6日,6:44:29,1778021069,164166,12101754,5133,3035,65,48.03,38,离线
2026年5月6日,6:44:59,1778021099,164166,12101754,5133,3035,65,48.03,38,离线
2026年5月6日,6:45:29,1778021129,164166,12101754,5133,3035,65,48.03,38,离线
2026年5月6日,6:45:59,1778021159,164166,12101754,5133,3035,65,48.03,38,离线
2026年5月6日,6:46:29,1778021189,164166,12101754,5133,3035,65,48.03,38,离线
2026年5月6日,6:46:59,1778021219,164166,12101754,5133,3035,65,48.03,38,离线
2026年5月6日,6:47:29,1778021249,164166,12101754,5133,3035,65,48.03,38,离线
2026年5月6日,6:47:59,1778021279,164166,12101754,5133,3035,65,48.03,38,离线
2026年5月6日,6:48:29,1778021309,164166,12101754,5133,3035,65,48.03,38,离线
2026年5月6日,6:48:59,1778021339,164166,12101754,5133,3035,65,48.03,38,离线
2026年5月6日,6:49:29,1778021369,164166,12101754,5133,3035,65,48.03,38,离线
2026年5月6日,6:49:59,1778021399,164166,12101754,5133,3035,65,48.03,38,离线
2026年5月6日,6:50:29,1778021429,164166,12101754,5133,3035,65,48.03,38,离线
2026年5月6日,6:50:59,1778021459,164166,12101754,5133,3035,65,48.03,38,离线
2026年5月6日,6:51:29,1778021489,164166,12101754,5133,3035,65,48.03,38,离线
2026年5月6日,6:51:59,1778021519,164166,12101754,5133,3035,65,48.03,38,离线
2026年5月6日,6:52:29,1778021549,164166,12101754,5133,3035,65,48.03,38,离线
2026年5月6日,6:52:59,1778021579,164166,12101754,5133,3035,65,48.03,38,离线
2026年5月6日,6:53:29,1778021609,164166,12101754,5133,3035,65,48.03,38,离线
2026年5月6日,6:53:59,1778021639,164166,12101754,5133,3035,65,48.03,38,离线
2026年5月6日,6:54:29,1778021669,164166,12101754,5133,3035,65,48.03,38,离线
2026年5月6日,6:54:59,1778021699,164166,12101754,5133,3035,65,48.03,38,离线
2026年5月6日,6:55:29,1778021729,164166,12101754,5133,3035,65,48.03,38,离线
2026年5月6日,6:55:59,1778021759,164166,12101754,5133,3035,65,48.03,38,离线
2026年5月6日,6:56:29,1778021789,164166,12101754,5133,3035,65,48.03,38,离线
2026年5月6日,6:56:59,1778021819,164166,12101754,5133,3035,65,48.03,38,离线
2026年5月6日,6:57:29,1778021849,164166,12101754,5133,3035,65,48.03,38,离线
2026年5月6日,6:57:59,1778021879,164166,12101754,5133,3035,65,48.03,38,离线
2026年5月6日,6:58:29,1778021909,164166,12101754,5133,3035,65,48.03,38,离线
2026年5月6日,6:58:59,1778021939,164166,12101754,5133,3035,65,48.03,38,离线
2026年5月6日,6:59:29,1778021969,164166,12101754,5133,3035,65,48.03,38,离线
2026年5月6日,6:59:59,1778021999,164166,12101754,5133,3035,65,48.03,38,离线
2026年5月6日,7:00:29,1778022029,164166,12101754,5133,3035,65,48.03,38,离线
2026年5月6日,7:00:59,1778022059,164166,12101754,5133,3035,65,48.03,38,离线
2026年5月6日,7:01:29,1778022089,164166,12101754,5133,3035,65,48.03,38,离线
2026年5月6日,7:01:59,1778022119,164166,12101754,5133,3035,65,48.03,38,离线
2026年5月6日,7:02:29,1778022149,164166,12101754,5133,3035,65,48.03,38,离线
2026年5月6日,7:02:59,1778022179,164166,12101754,5133,3035,65,48.03,38,离线
2026年5月6日,7:03:29,1778022209,164166,12101754,5133,3035,65,48.03,38,离线
2026年5月6日,7:03:59,1778022239,164166,12101754,5133,3035,65,48.03,38,离线
2026年5月6日,7:04:29,1778022269,164166,12101754,5133,3035,65,48.03,38,离线
2026年5月6日,7:04:59,1778022299,164166,12101754,5133,3035,65,48.03,38,离线
2026年5月6日,7:05:29,1778022329,164166,12101754,5133,3035,65,48.03,38,离线
2026年5月6日,7:05:59,1778022359,164166,12101754,5133,3035,65,48.03,38,离线
2026年5月6日,7:06:29,1778022389,164166,12101754,5133,3035,65,48.03,38,离线
2026年5月6日,7:06:59,1778022419,164166,12101754,5133,3035,65,48.03,38,离线
2026年5月6日,7:07:29,1778022449,164166,12101754,5133,3035,65,48.03,38,离线
2026年5月6日,7:07:59,1778022479,164166,12101754,5133,3035,65,48.03,38,离线
2026年5月6日,7:08:29,1778022509,164166,12101754,5133,3035,65,48.03,38,离线
2026年5月6日,7:08:59,1778022539,164166,12101754,5133,3035,65,48.03,38,离线
2026年5月6日,7:09:29,1778022569,164166,12101754,5133,3035,65,48.03,38,离线
2026年5月6日,7:09:59,1778022599,164166,12101754,5133,3035,65,48.03,38,离线
2026年5月6日,7:10:29,1778022629,164166,12101754,5133,3035,65,48.03,38,离线
2026年5月6日,7:10:59,1778022659,164166,12101754,5133,3035,65,48.03,38,离线
2026年5月6日,7:11:29,1778022689,164166,12101754,5133,3035,65,48.03,38,离线
2026年5月6日,7:11:59,1778022719,164166,12101754,5133,3035,65,48.03,38,离线
2026年5月6日,7:12:29,1778022749,164166,12101754,5133,3035,65,48.03,38,离线
2026年5月6日,7:12:59,1778022779,164166,12101754,5133,3035,65,48.03,38,离线
2026年5月6日,7:13:29,1778022809,164166,12101754,5133,3035,65,48.03,38,离线
2026年5月6日,7:13:59,1778022839,164166,12101754,5133,3035,65,48.03,38,离线
2026年5月6日,7:14:29,1778022869,164166,12101754,5133,3035,65,48.03,38,离线
2026年5月6日,7:14:59,1778022899,164166,12101754,5133,3035,65,48.03,38,离线
2026年5月6日,7:15:29,1778022929,164166,12101754,5133,3035,65,48.03,38,离线
2026年5月6日,7:15:59,1778022959,164166,12101754,5133,3035,65,48.03,38,离线
2026年5月6日,7:16:29,1778022989,164166,12101754,5133,3035,65,48.03,38,离线
2026年5月6日,7:17:00,1778023020,164166,12101754,5133,3035,65,48.03,38,离线
2026年5月6日,7:17:31,1778023051,164166,12101754,5133,3035,65,48.03,38,离线
2026年5月6日,7:18:01,1778023081,164166,12101754,5133,3035,65,48.03,38,离线
2026年5月6日,7:18:29,1778023109,164166,12101754,5133,3035,65,48.03,38,离线
2026年5月6日,7:19:02,1778023142,164166,12101754,5133,3035,65,48.03,38,离线
2026年5月6日,7:19:29,1778023169,164166,12101754,5133,3035,65,48.03,38,离线
2026年5月6日,7:19:59,1778023199,164166,12101754,5133,3035,65,48.03,38,离线
2026年5月6日,7:20:39,1778023239,164166,12101754,5133,3035,65,48.03,38,离线
2026年5月6日,7:21:29,1778023289,164166,12101754,5133,3035,65,48.03,38,离线
2026年5月6日,7:21:59,1778023319,164166,12101754,5133,3035,65,48.03,38,离线
2026年5月6日,7:22:29,1778023349,164166,12101754,5133,3035,65,48.03,38,离线
2026年5月6日,7:22:59,1778023379,164166,12101754,5133,3035,65,48.03,38,离线
2026年5月6日,7:23:29,1778023409,164166,12101754,5133,3035,65,48.03,38,离线
2026年5月6日,7:23:59,1778023439,164166,12101754,5133,3035,65,48.03,38,离线
2026年5月6日,7:24:29,1778023469,164166,12101754,5133,3035,65,48.03,38,离线
2026年5月6日,7:24:59,1778023499,164166,12101754,5133,3035,65,48.03,38,离线
2026年5月6日,7:25:29,1778023529,164166,12101754,5133,3035,65,48.03,38,离线
2026年5月6日,7:25:59,1778023559,164166,12101754,5133,3035,65,48.03,38,离线
2026年5月6日,7:26:29,1778023589,164166,12101754,5133,3035,65,48.03,38,离线
2026年5月6日,7:26:59,1778023619,164166,12101754,5133,3035,65,48.03,38,离线
2026年5月6日,7:27:29,1778023649,164166,12101754,5133,3035,65,48.03,38,离线
2026年5月6日,7:27:59,1778023679,164166,12101754,5133,3035,65,48.03,38,离线
2026年5月6日,7:28:29,1778023709,164166,12101754,5133,3035,65,48.03,38,离线
2026年5月6日,7:28:59,1778023739,164166,12101754,5133,3035,65,48.03,38,离线
2026年5月6日,7:29:29,1778023769,164166,12101754,5133,3035,65,48.03,38,离线
2026年5月6日,7:29:59,1778023799,164166,12101754,5133,3035,65,48.03,38,离线
2026年5月6日,7:30:29,1778023829,164166,12101754,5133,3035,65,48.03,38,离线
2026年5月6日,7:30:59,1778023859,164166,12101754,5133,3035,65,48.03,38,离线
2026年5月6日,7:31:29,1778023889,164166,12101754,5133,3035,65,48.03,38,离线
2026年5月6日,7:31:59,1778023919,164166,12101754,5133,3035,65,48.03,38,离线
2026年5月6日,7:32:29,1778023949,164166,12101754,5133,3035,65,48.03,38,离线
2026年5月6日,7:32:59,1778023979,164166,12101754,5133,3035,65,48.03,38,离线
2026年5月6日,7:33:29,1778024009,164166,12101754,5133,3035,65,48.03,38,离线
2026年5月6日,7:33:59,1778024039,164166,12101754,5133,3035,65,48.03,38,离线
2026年5月6日,7:34:29,1778024069,164166,12101754,5133,3035,65,48.03,38,离线
2026年5月6日,7:34:59,1778024099,164166,12101754,5133,3035,65,48.03,38,离线
2026年5月6日,7:35:29,1778024129,164166,12101754,5133,3035,65,48.03,38,离线
2026年5月6日,7:35:59,1778024159,164166,12101754,5133,3035,65,48.03,38,离线
2026年5月6日,7:36:29,1778024189,164166,12101754,5133,3035,65,48.03,38,离线
2026年5月6日,7:36:59,1778024219,164166,12101754,5133,3035,65,48.03,38,离线
2026年5月6日,7:37:29,1778024249,164166,12101754,5133,3035,65,48.03,38,离线
2026年5月6日,7:37:59,1778024279,164166,12101754,5133,3035,65,48.03,38,离线
2026年5月6日,7:38:29,1778024309,164166,12101754,5133,3035,65,48.03,38,离线
2026年5月6日,7:38:59,1778024339,164166,12101754,5133,3035,65,48.03,38,离线
2026年5月6日,7:39:29,1778024369,164166,12101754,5133,3035,65,48.03,38,离线
2026年5月6日,7:39:59,1778024399,164166,12101754,5133,3035,65,48.03,38,离线
2026年5月6日,7:40:29,1778024429,164166,12101754,5133,3035,65,48.03,38,离线
2026年5月6日,7:40:59,1778024459,164166,12101754,5133,3035,65,48.03,38,离线
2026年5月6日,7:41:29,1778024489,164166,12101754,5133,3035,65,48.03,38,离线
2026年5月6日,7:41:59,1778024519,164166,12101754,5133,3035,65,48.03,38,离线
2026年5月6日,7:42:29,1778024549,164166,12101754,5133,3035,65,48.03,38,离线
2026年5月6日,7:42:59,1778024579,164166,12101754,5133,3035,65,48.03,38,离线
2026年5月6日,7:43:29,1778024609,164166,12101754,5133,3035,65,48.03,38,离线
2026年5月6日,7:43:59,1778024639,164166,12101754,5133,3035,65,48.03,38,离线
2026年5月6日,7:44:29,1778024669,164166,12101754,5133,3035,65,48.03,38,离线
2026年5月6日,7:44:59,1778024699,164166,12101754,5133,3035,65,48.03,38,离线
2026年5月6日,7:45:29,1778024729,164166,12101754,5133,3035,65,48.03,38,离线
2026年5月6日,7:45:59,1778024759,164166,12101754,5133,3035,65,48.03,38,离线
2026年5月6日,7:46:29,1778024789,164166,12101754,5133,3035,65,48.03,38,离线
2026年5月6日,7:46:59,1778024819,164166,12101754,5133,3035,65,48.03,38,离线
2026年5月6日,7:47:29,1778024849,164166,12101754,5133,3035,65,48.03,38,离线
2026年5月6日,7:47:59,1778024879,164166,12101754,5133,3035,65,48.03,38,离线
2026年5月6日,7:48:29,1778024909,164166,12101754,5133,3035,65,48.03,38,离线
2026年5月6日,7:48:59,1778024939,164166,12101754,5133,3035,65,48.03,38,离线
2026年5月6日,7:49:29,1778024969,164166,12101754,5133,3035,65,48.03,38,离线
2026年5月6日,7:49:59,1778024999,164166,12101754,5133,3035,65,48.03,38,离线
2026年5月6日,7:50:29,1778025029,164166,12101754,5133,3035,65,48.03,38,离线
2026年5月6日,7:50:59,1778025059,164166,12101754,5133,3035,65,48.03,38,离线
2026年5月6日,7:51:29,1778025089,164166,12101754,5133,3035,65,48.03,38,离线
2026年5月6日,7:51:59,1778025119,164166,12101754,5133,3035,65,48.03,38,离线
2026年5月6日,7:52:29,1778025149,164166,12101754,5133,3035,65,48.03,38,离线
2026年5月6日,7:52:59,1778025179,164166,12101754,5133,3035,65,48.03,38,离线
2026年5月6日,7:53:29,1778025209,164166,12101754,5133,3035,65,48.03,38,离线
2026年5月6日,7:53:59,1778025239,164166,12101754,5133,3035,65,48.03,38,离线
2026年5月6日,7:54:29,1778025269,164166,12101754,5133,3035,65,48.03,38,离线
2026年5月6日,7:54:59,1778025299,164166,12101754,5133,3035,65,48.03,38,离线
2026年5月6日,7:55:29,1778025329,164166,12101754,5133,3035,65,48.03,38,离线
2026年5月6日,7:55:59,1778025359,164166,12101754,5133,3035,65,48.03,38,离线
2026年5月6日,7:56:29,1778025389,164166,12101754,5133,3035,65,48.03,38,离线
2026年5月6日,7:56:59,1778025419,164166,12101754,5133,3035,65,48.03,38,离线
2026年5月6日,7:57:29,1778025449,164166,12101754,5133,3035,65,48.03,38,离线
2026年5月6日,7:57:59,1778025479,164166,12101754,5133,3035,65,48.03,38,离线
2026年5月6日,7:58:29,1778025509,164166,12101754,5133,3035,65,48.03,38,离线
2026年5月6日,7:58:59,1778025539,164166,12101754,5133,3035,65,48.03,38,离线
2026年5月6日,7:59:29,1778025569,164166,12101754,5133,3035,65,48.03,38,离线
2026年5月6日,7:59:59,1778025599,164166,12101754,5133,3035,65,48.03,38,离线
2026年5月6日,8:00:29,1778025629,164166,12101754,5133,3035,65,48.03,38,离线
2026年5月6日,8:00:59,1778025659,164166,12101754,5133,3035,65,48.03,38,离线
2026年5月6日,8:01:29,1778025689,164166,12101754,5133,3035,65,48.03,38,离线
2026年5月6日,8:01:59,1778025719,164166,12101754,5133,3035,65,48.03,38,离线
2026年5月6日,8:02:29,1778025749,164166,12101754,5133,3035,65,48.03,38,离线
2026年5月6日,8:02:59,1778025779,164166,12101754,5133,3035,65,48.03,38,离线
2026年5月6日,8:03:29,1778025809,164166,12101754,5133,3035,65,48.03,38,离线
2026年5月6日,8:03:59,1778025839,164166,12101754,5133,3035,65,48.03,38,离线
2026年5月6日,8:04:29,1778025869,164166,12101754,5133,3035,65,48.03,38,离线
2026年5月6日,8:04:59,1778025899,164166,12101754,5133,3035,65,48.03,38,离线
2026年5月6日,8:05:29,1778025929,164166,12101754,5133,3035,65,48.03,38,离线
2026年5月6日,8:05:59,1778025959,164166,12101754,5133,3035,65,48.03,38,离线
2026年5月6日,8:06:29,1778025989,164166,12101754,5133,3035,65,48.03,38,离线
2026年5月6日,8:06:59,1778026019,164166,12101754,5133,3035,65,48.03,38,离线
2026年5月6日,8:07:29,1778026049,164166,12101754,5133,3035,65,48.03,38,离线
2026年5月6日,8:07:59,1778026079,164166,12101754,5133,3035,65,48.03,38,离线
2026年5月6日,8:08:29,1778026109,164166,12101754,5133,3035,65,48.03,38,离线
2026年5月6日,8:08:59,1778026139,164166,12101754,5133,3035,65,48.03,38,离线
2026年5月6日,8:09:29,1778026169,164166,12101754,5133,3035,65,48.03,38,离线
2026年5月6日,8:09:59,1778026199,164166,12101754,5133,3035,65,48.03,38,离线
2026年5月6日,8:10:29,1778026229,164166,12101754,5133,3035,65,48.03,38,离线
2026年5月6日,8:10:59,1778026259,164166,12101754,5133,3035,65,48.03,38,离线
2026年5月6日,8:11:29,1778026289,164166,12101754,5133,3035,65,48.03,38,离线
2026年5月6日,8:11:59,1778026319,164166,12101754,5133,3035,65,48.03,38,离线
2026年5月6日,8:12:29,1778026349,164166,12101754,5133,3035,65,48.03,38,离线
2026年5月6日,8:12:59,1778026379,164166,12101754,5133,3035,65,48.03,38,离线
2026年5月6日,8:13:29,1778026409,164166,12101754,5133,3035,65,48.03,38,离线
2026年5月6日,8:13:59,1778026439,164166,12101754,5133,3035,65,48.03,38,离线
2026年5月6日,8:14:29,1778026469,164166,12101754,5133,3035,65,48.03,38,离线
2026年5月6日,8:14:59,1778026499,164166,12101754,5133,3035,65,48.03,38,离线
2026年5月6日,8:15:29,1778026529,164166,12101754,5133,3035,65,48.03,38,离线
2026年5月6日,8:15:59,1778026559,164166,12101754,5133,3035,65,48.03,38,离线
2026年5月6日,8:16:29,1778026589,164166,12101754,5133,3035,65,48.03,38,离线
2026年5月6日,8:16:59,1778026619,164166,12101754,5133,3035,65,48.03,38,离线
2026年5月6日,8:17:29,1778026649,164166,12101754,5133,3035,65,48.03,38,离线
2026年5月6日,8:17:59,1778026679,164166,12101754,5133,3035,65,48.03,38,离线
2026年5月6日,8:18:29,1778026709,164166,12101754,5133,3035,65,48.03,38,离线
2026年5月6日,8:18:59,1778026739,164166,12101754,5133,3035,65,48.03,38,离线
2026年5月6日,8:19:29,1778026769,164166,12101754,5133,3035,65,48.03,38,离线
2026年5月6日,8:19:59,1778026799,164166,12101754,5133,3035,65,48.03,38,离线
2026年5月6日,8:20:29,1778026829,164166,12101754,5133,3035,65,48.03,38,离线
2026年5月6日,8:20:59,1778026859,164166,12101754,5133,3035,65,48.03,38,离线
2026年5月6日,8:21:29,1778026889,164166,12101754,5133,3035,65,48.03,38,离线
2026年5月6日,8:21:59,1778026919,164166,12101754,5133,3035,65,48.03,38,离线
2026年5月6日,8:22:29,1778026949,164166,12101754,5133,3035,65,48.03,38,离线
2026年5月6日,8:22:59,1778026979,164166,12101754,5133,3035,65,48.03,38,离线
2026年5月6日,8:23:29,1778027009,164166,12101754,5133,3035,65,48.03,38,离线
2026年5月6日,8:23:59,1778027039,164166,12101754,5133,3035,65,48.03,38,离线
2026年5月6日,8:24:29,1778027069,164166,12101754,5133,3035,65,48.03,38,离线
2026年5月6日,8:24:59,1778027099,164166,12101754,5133,3035,65,48.03,38,离线
2026年5月6日,8:25:29,1778027129,164166,12101754,5133,3035,65,48.03,38,离线
2026年5月6日,8:25:59,1778027159,164166,12101754,5133,3035,65,48.03,38,离线
2026年5月6日,8:26:29,1778027189,164166,12101754,5133,3035,65,48.03,38,离线
2026年5月6日,8:26:59,1778027219,164166,12101754,5133,3035,65,48.03,38,离线
2026年5月6日,8:27:29,1778027249,164166,12101754,5133,3035,65,48.03,38,离线
2026年5月6日,8:27:59,1778027279,164166,12101754,5133,3035,65,48.03,38,离线
2026年5月6日,8:28:29,1778027309,164166,12101754,5133,3035,65,48.03,38,离线
2026年5月6日,8:28:59,1778027339,164166,12101754,5133,3035,65,48.03,38,离线
2026年5月6日,8:29:29,1778027369,164166,12101754,5133,3035,65,48.03,38,离线
2026年5月6日,8:29:59,1778027399,164166,12101754,5133,3035,65,48.03,38,离线
2026年5月6日,8:30:29,1778027429,164166,12101754,5133,3035,65,48.03,38,离线
2026年5月6日,8:30:59,1778027459,164166,12101754,5133,3035,65,48.03,38,离线
2026年5月6日,8:31:29,1778027489,164166,12101754,5133,3035,65,48.03,38,离线
2026年5月6日,8:31:59,1778027519,164166,12101754,5133,3035,65,48.03,38,离线
2026年5月6日,8:32:29,1778027549,164166,12101754,5133,3035,65,48.03,38,离线
2026年5月6日,8:32:59,1778027579,164166,12101754,5133,3035,65,48.03,38,离线
2026年5月6日,8:33:29,1778027609,164166,12101754,5133,3035,65,48.03,38,离线
2026年5月6日,8:33:59,1778027639,164166,12101754,5133,3035,65,48.03,38,离线
2026年5月6日,8:34:29,1778027669,164166,12101754,5133,3035,65,48.03,38,离线
2026年5月6日,8:34:59,1778027699,164166,12101754,5133,3035,65,48.03,38,离线
2026年5月6日,8:35:29,1778027729,164166,12101754,5133,3035,65,48.03,38,离线
2026年5月6日,8:35:59,1778027759,164166,12101754,5133,3035,65,48.03,38,离线
2026年5月6日,8:36:29,1778027789,164166,12101754,5133,3035,65,48.03,38,离线
2026年5月6日,8:36:59,1778027819,164166,12101754,5133,3035,65,48.03,38,离线
2026年5月6日,8:37:29,1778027849,164166,12101754,5133,3035,65,48.03,38,离线
2026年5月6日,8:37:59,1778027879,164166,12101754,5133,3035,65,48.03,38,离线
2026年5月6日,8:38:29,1778027909,164166,12101754,5133,3035,65,48.03,38,离线
2026年5月6日,8:38:59,1778027939,164166,12101754,5133,3035,65,48.03,38,离线
2026年5月6日,8:39:29,1778027969,164166,12101754,5133,3035,65,48.03,38,离线
2026年5月6日,8:39:59,1778027999,164166,12101754,5133,3035,65,48.03,38,离线
2026年5月6日,8:40:29,1778028029,164166,12101754,5133,3035,65,48.03,38,离线
2026年5月6日,8:40:59,1778028059,164166,12101754,5133,3035,65,48.03,38,离线
2026年5月6日,8:41:29,1778028089,164166,12101754,5133,3035,65,48.03,38,离线
2026年5月6日,8:41:59,1778028119,164166,12101754,5133,3035,65,48.03,38,离线
2026年5月6日,8:42:29,1778028149,164166,12101754,5133,3035,65,48.03,38,离线
2026年5月6日,8:42:59,1778028179,164166,12101754,5133,3035,65,48.03,38,离线
2026年5月6日,8:43:29,1778028209,164166,12101754,5133,3035,65,48.03,38,离线
2026年5月6日,8:43:59,1778028239,164166,12101754,5133,3035,65,48.03,38,离线
2026年5月6日,8:44:29,1778028269,164166,12101754,5133,3035,65,48.03,38,离线
2026年5月6日,8:44:59,1778028299,164166,12101754,5133,3035,65,48.03,38,离线
2026年5月6日,8:45:29,1778028329,164166,12101754,5133,3035,65,48.03,38,离线
2026年5月6日,8:45:59,1778028359,164166,12101754,5133,3035,65,48.03,38,离线
2026年5月6日,8:46:29,1778028389,164166,12101754,5133,3035,65,48.03,38,离线
2026年5月6日,8:46:59,1778028419,164166,12101754,5133,3035,65,48.03,38,离线
2026年5月6日,8:47:29,1778028449,164166,12101754,5133,3035,65,48.03,38,离线
2026年5月6日,8:47:59,1778028479,164166,12101754,5133,3035,65,48.03,38,离线
2026年5月6日,8:48:29,1778028509,164166,12101754,5133,3035,65,48.03,38,离线
2026年5月6日,8:48:59,1778028539,164166,12101754,5133,3035,65,48.03,38,离线
2026年5月6日,8:49:29,1778028569,164166,12101754,5133,3035,65,48.03,38,离线
2026年5月6日,8:49:59,1778028599,164166,12101754,5133,3035,65,48.03,38,离线
2026年5月6日,8:50:29,1778028629,164166,12101754,5133,3035,65,48.03,38,离线
2026年5月6日,8:50:59,1778028659,164166,12101754,5133,3035,65,48.03,38,离线
2026年5月6日,8:51:29,1778028689,164166,12101754,5133,3035,65,48.03,38,离线
2026年5月6日,8:51:59,1778028719,164166,12101754,5133,3035,65,48.03,38,离线
2026年5月6日,8:52:29,1778028749,164166,12101754,5133,3035,65,48.03,38,离线
2026年5月6日,8:52:59,1778028779,164166,12101754,5133,3035,65,48.03,38,离线
2026年5月6日,8:53:29,1778028809,164166,12101754,5133,3035,65,48.03,38,离线
2026年5月6日,8:53:59,1778028839,164166,12101754,5133,3035,65,48.03,38,离线
2026年5月6日,8:54:29,1778028869,164166,12101754,5133,3035,65,48.03,38,离线
2026年5月6日,8:54:59,1778028899,164166,12101754,5133,3035,65,48.03,38,离线
2026年5月6日,8:55:29,1778028929,164166,12101754,5133,3035,65,48.03,38,离线
2026年5月6日,8:55:59,1778028959,164166,12101754,5133,3035,65,48.03,38,离线
2026年5月6日,8:56:29,1778028989,164166,12101754,5133,3035,65,48.03,38,离线
2026年5月6日,8:56:59,1778029019,164166,12101754,5133,3035,65,48.03,38,离线
2026年5月6日,8:57:29,1778029049,164166,12101754,5133,3035,65,48.03,38,离线
2026年5月6日,8:57:59,1778029079,164166,12101754,5133,3035,65,48.03,38,离线
2026年5月6日,8:58:29,1778029109,164166,12101754,5133,3035,65,48.03,38,离线
2026年5月6日,8:58:59,1778029139,164166,12101754,5133,3035,65,48.03,38,离线
2026年5月6日,8:59:29,1778029169,164166,12101754,5133,3035,65,48.03,38,离线
2026年5月6日,8:59:59,1778029199,164166,12101754,5133,3035,65,48.03,38,离线
2026年5月6日,9:00:29,1778029229,164166,12101754,5133,3035,65,48.03,38,离线
2026年5月6日,9:00:59,1778029259,164166,12101754,5133,3035,65,48.03,38,离线
2026年5月6日,9:01:29,1778029289,164166,12101754,5133,3035,65,48.03,38,离线
2026年5月6日,9:01:59,1778029319,164166,12101754,5133,3035,65,48.03,38,离线
2026年5月6日,9:02:29,1778029349,164166,12101754,5133,3035,65,48.03,38,离线
2026年5月6日,9:02:59,1778029379,164166,12101754,5133,3035,65,48.03,38,离线
2026年5月6日,9:03:29,1778029409,164166,12101754,5133,3035,65,48.03,38,离线
2026年5月6日,9:03:59,1778029439,164166,12101754,5133,3035,65,48.03,38,离线
2026年5月6日,9:04:29,1778029469,164166,12101754,5133,3035,65,48.03,38,离线
2026年5月6日,9:04:59,1778029499,164166,12101754,5133,3035,65,48.03,38,离线
2026年5月6日,9:05:29,1778029529,164166,12101754,5133,3035,65,48.03,38,离线
2026年5月6日,9:05:59,1778029559,164166,12101754,5133,3035,65,48.03,38,离线
2026年5月6日,9:06:29,1778029589,164166,12101754,5133,3035,65,48.03,38,离线
2026年5月6日,9:06:59,1778029619,164166,12101754,5133,3035,65,48.03,38,离线
2026年5月6日,9:07:29,1778029649,164166,12101754,5133,3035,65,48.03,38,离线
2026年5月6日,9:07:59,1778029679,164166,12101754,5133,3035,65,48.03,38,离线
2026年5月6日,9:08:29,1778029709,164166,12101754,5133,3035,65,48.03,38,离线
2026年5月6日,9:08:59,1778029739,164166,12101754,5133,3035,65,48.03,38,离线
2026年5月6日,9:09:29,1778029769,164166,12101754,5133,3035,65,48.03,38,离线
2026年5月6日,9:09:59,1778029799,164166,12101754,5133,3035,65,48.03,38,离线
2026年5月6日,9:10:29,1778029829,164166,12101754,5133,3035,65,48.03,38,离线
2026年5月6日,9:10:59,1778029859,164166,12101754,5133,3035,65,48.03,38,离线
2026年5月6日,9:11:29,1778029889,164166,12101754,5133,3035,65,48.03,38,离线
2026年5月6日,9:11:59,1778029919,164166,12101754,5133,3035,65,48.03,38,离线
2026年5月6日,9:12:29,1778029949,164166,12101754,5133,3035,65,48.03,38,离线
2026年5月6日,9:12:59,1778029979,164166,12101754,5133,3035,65,48.03,38,离线
2026年5月6日,9:13:29,1778030009,164166,12101754,5133,3035,65,48.03,38,离线
2026年5月6日,9:13:59,1778030039,164166,12101754,5133,3035,65,48.03,38,离线
2026年5月6日,9:14:29,1778030069,164166,12101754,5133,3035,65,48.03,38,离线
2026年5月6日,9:14:59,1778030099,164166,12101754,5133,3035,65,48.03,38,离线
2026年5月6日,9:15:29,1778030129,164166,12101754,5133,3035,65,48.03,38,离线
2026年5月6日,9:16:00,1778030160,164166,12101754,5133,3035,65,48.03,38,离线
2026年5月6日,9:16:30,1778030190,164166,12101754,5133,3035,65,48.03,38,离线
2026年5月6日,9:17:00,1778030220,164166,12101754,5133,3035,65,48.03,38,离线
2026年5月6日,9:17:29,1778030249,164166,12101754,5133,3035,65,48.03,38,离线
2026年5月6日,9:17:59,1778030279,164166,12101754,5133,3035,65,48.03,38,离线
2026年5月6日,9:18:29,1778030309,164166,12101754,5133,3035,65,48.03,38,离线
2026年5月6日,9:19:02,1778030342,164166,12101754,5133,3035,65,48.03,38,离线
2026年5月6日,9:19:29,1778030369,164166,12101754,5133,3035,65,48.03,38,离线
2026年5月6日,9:20:04,1778030404,164166,12101754,5133,3035,65,48.03,38,离线
2026年5月6日,9:20:29,1778030429,164166,12101754,5133,3035,65,48.03,38,离线
2026年5月6日,9:21:01,1778030461,164166,12101754,5133,3035,65,48.03,38,离线
2026年5月6日,9:21:32,1778030492,164166,12101754,5133,3035,65,48.03,38,离线
2026年5月6日,9:22:02,1778030522,164166,12101754,5133,3035,65,48.03,38,离线
2026年5月6日,9:23:02,1778030582,164166,12101754,5133,3035,65,48.03,38,离线
2026年5月6日,9:23:29,1778030609,164166,12101754,5133,3035,65,48.03,38,离线
2026年5月6日,9:24:02,1778030642,164166,12101754,5133,3035,65,48.03,38,离线
2026年5月6日,9:24:29,1778030669,164166,12101754,5133,3035,65,48.03,38,离线
2026年5月6日,9:25:00,1778030700,164166,12101754,5133,3035,65,48.03,38,离线
2026年5月6日,9:25:29,1778030729,164166,12101754,5133,3035,65,48.03,38,离线
2026年5月6日,9:26:01,1778030761,164166,12101754,5133,3035,65,48.03,38,离线
2026年5月6日,9:26:32,1778030792,164166,12101754,5133,3035,65,48.03,38,离线
2026年5月6日,9:26:59,1778030819,164166,12101754,5133,3035,65,48.03,38,离线
2026年5月6日,9:27:30,1778030850,164166,12101754,5133,3035,65,48.03,38,离线
2026年5月6日,9:28:29,1778030909,164166,12101754,5133,3035,65,48.03,38,离线
2026年5月6日,9:29:01,1778030941,164166,12101754,5133,3035,65,48.03,38,离线
2026年5月6日,9:29:29,1778030969,164166,12101754,5133,3035,65,48.03,38,离线
2026年5月6日,9:29:59,1778030999,164166,12101754,5133,3035,65,48.03,38,离线
2026年5月6日,9:30:29,1778031029,164166,12101754,5133,3035,65,48.03,38,离线
2026年5月6日,9:30:59,1778031059,164166,12101754,5133,3035,65,48.03,38,离线
2026年5月6日,9:31:29,1778031089,164166,12101754,5133,3035,65,48.03,38,离线
2026年5月6日,9:31:59,1778031119,164166,12101754,5133,3035,65,48.03,38,离线
2026年5月6日,9:32:30,1778031150,164166,12101754,5133,3035,65,48.03,38,离线
2026年5月6日,9:32:59,1778031179,164166,12101754,5133,3035,65,48.03,38,离线
2026年5月6日,9:33:29,1778031209,164166,12101754,5133,3035,65,48.03,38,离线
2026年5月6日,9:33:59,1778031239,164166,12101754,5133,3035,65,48.03,38,离线
2026年5月6日,9:34:29,1778031269,164166,12101754,5133,3035,65,48.03,38,离线
2026年5月6日,9:34:59,1778031299,164166,12101754,5133,3035,65,48.03,38,离线
2026年5月6日,9:35:29,1778031329,164166,12101754,5133,3035,65,48.03,38,离线
2026年5月6日,9:35:59,1778031359,164166,12101754,5133,3035,65,48.03,38,离线
2026年5月6日,9:36:29,1778031389,164166,12101754,5133,3035,65,48.03,38,离线
2026年5月6日,9:36:59,1778031419,164166,12101754,5133,3035,65,48.03,38,离线
2026年5月6日,9:37:29,1778031449,164166,12101754,5133,3035,65,48.03,38,离线
2026年5月6日,9:37:59,1778031479,164166,12101754,5133,3035,65,48.03,38,离线
2026年5月6日,9:38:29,1778031509,164166,12101754,5133,3035,65,48.03,38,离线
2026年5月6日,9:38:59,1778031539,164166,12101754,5133,3035,65,48.03,38,离线
2026年5月6日,9:39:29,1778031569,164166,12101754,5133,3035,65,48.03,38,离线
2026年5月6日,9:39:59,1778031599,164166,12101754,5133,3035,65,48.03,38,离线
2026年5月6日,9:40:29,1778031629,164166,12101754,5133,3035,65,48.03,38,离线
2026年5月6日,9:40:59,1778031659,164166,12101754,5133,3035,65,48.03,38,离线
2026年5月6日,9:41:29,1778031689,164166,12101754,5133,3035,65,48.03,38,离线
2026年5月6日,9:41:59,1778031719,164166,12101754,5133,3035,65,48.03,38,离线
2026年5月6日,9:42:29,1778031749,164166,12101754,5133,3035,65,48.03,38,离线
2026年5月6日,9:42:59,1778031779,164166,12101754,5133,3035,65,48.03,38,离线
2026年5月6日,9:43:29,1778031809,164166,12101754,5133,3035,65,48.03,38,离线
2026年5月6日,9:43:59,1778031839,164166,12101754,5133,3035,65,48.03,38,离线
2026年5月6日,9:44:29,1778031869,164166,12101754,5133,3035,65,48.03,38,离线
2026年5月6日,9:44:59,1778031899,164166,12101754,5133,3035,65,48.03,38,离线
2026年5月6日,9:45:29,1778031929,164166,12101754,5133,3035,65,48.03,38,离线
2026年5月6日,9:45:59,1778031959,164166,12101754,5133,3035,65,48.03,38,离线
2026年5月6日,9:46:29,1778031989,164166,12101754,5133,3035,65,48.03,38,离线
2026年5月6日,9:46:59,1778032019,164166,12101754,5133,3035,65,48.03,38,离线
2026年5月6日,9:47:29,1778032049,164166,12101754,5133,3035,65,48.03,38,离线
2026年5月6日,9:47:59,1778032079,164166,12101754,5133,3035,65,48.03,38,离线
2026年5月6日,9:48:29,1778032109,164166,12101754,5133,3035,65,48.03,38,离线
2026年5月6日,9:48:59,1778032139,164166,12101754,5133,3035,65,48.03,38,离线
2026年5月6日,9:49:29,1778032169,164166,12101754,5133,3035,65,48.03,38,离线
2026年5月6日,9:49:59,1778032199,164166,12101754,5133,3035,65,48.03,38,离线
2026年5月6日,9:50:29,1778032229,164166,12101754,5133,3035,65,48.03,38,离线
2026年5月6日,9:50:59,1778032259,164166,12101754,5133,3035,65,48.03,38,离线
2026年5月6日,9:51:29,1778032289,164166,12101754,5133,3035,65,48.03,38,离线
2026年5月6日,9:51:59,1778032319,164166,12101754,5133,3035,65,48.03,38,离线
2026年5月6日,9:52:29,1778032349,164166,12101754,5133,3035,65,48.03,38,离线
2026年5月6日,9:52:59,1778032379,164166,12101754,5133,3035,65,48.03,38,离线
2026年5月6日,9:53:29,1778032409,164166,12101754,5133,3035,65,48.03,38,离线
2026年5月6日,9:53:59,1778032439,164166,12101754,5133,3035,65,48.03,38,离线
2026年5月6日,9:54:29,1778032469,164166,12101754,5133,3035,65,48.03,38,离线
2026年5月6日,9:54:59,1778032499,164166,12101754,5133,3035,65,48.03,38,离线
2026年5月6日,9:55:29,1778032529,164166,12101754,5133,3035,65,48.03,38,离线
2026年5月6日,9:55:59,1778032559,164166,12101754,5133,3035,65,48.03,38,离线
2026年5月6日,9:56:29,1778032589,164166,12101754,5133,3035,65,48.03,38,离线
2026年5月6日,9:56:59,1778032619,164166,12101754,5133,3035,65,48.03,38,离线
2026年5月6日,9:57:29,1778032649,164166,12101754,5133,3035,65,48.03,38,离线
2026年5月6日,9:57:59,1778032679,164166,12101754,5133,3035,65,48.03,38,离线
2026年5月6日,9:58:29,1778032709,164166,12101754,5133,3035,65,48.03,38,离线
2026年5月6日,9:58:59,1778032739,164166,12101754,5133,3035,65,48.03,38,离线
2026年5月6日,9:59:29,1778032769,164166,12101754,5133,3035,65,48.03,38,离线
2026年5月6日,9:59:59,1778032799,164166,12101754,5133,3035,65,48.03,38,离线
2026年5月6日,10:00:29,1778032829,164166,12101754,5133,3035,65,48.03,38,离线
2026年5月6日,10:00:59,1778032859,164166,12101754,5133,3035,65,48.03,38,离线
2026年5月6日,10:01:29,1778032889,164166,12101754,5133,3035,65,48.03,38,离线
2026年5月6日,10:01:59,1778032919,164166,12101754,5133,3035,65,48.03,38,离线
2026年5月6日,10:02:29,1778032949,164166,12101754,5133,3035,65,48.03,38,离线
2026年5月6日,10:02:59,1778032979,164166,12101754,5133,3035,65,48.03,38,离线
2026年5月6日,10:03:29,1778033009,164166,12101754,5133,2933,63,47.79,21,在线
2026年5月6日,10:03:59,1778033039,164166,12101754,5133,2933,63,47.79,21,在线
2026年5月6日,10:04:29,1778033069,164166,12101754,5133,2933,63,47.79,21,在线
2026年5月6日,10:04:59,1778033099,164166,12101754,5133,2933,63,47.79,21,在线
2026年5月6日,10:05:29,1778033129,164166,12101754,5133,2933,63,47.79,21,在线
2026年5月6日,10:05:59,1778033159,164166,12101754,5062,2933,61,47.79,21,在线
2026年5月6日,10:06:29,1778033189,164166,12101754,5062,2933,61,47.79,21,在线
2026年5月6日,10:06:59,1778033219,164166,12101754,5062,2933,61,47.79,21,在线
2026年5月6日,10:07:29,1778033249,164166,12101754,5062,2933,61,47.79,21,在线
2026年5月6日,10:07:59,1778033279,164166,12101754,5062,2933,61,47.79,21,在线
2026年5月6日,10:08:29,1778033309,164166,12101754,5125,2933,59,14.45,21,在线
2026年5月6日,10:08:59,1778033339,164166,12101754,5125,2933,59,14.45,21,在线
2026年5月6日,10:09:29,1778033369,164166,12101754,5125,2933,59,14.45,21,在线
2026年5月6日,10:09:59,1778033399,164166,12101754,5125,2933,59,14.45,21,在线
2026年5月6日,10:10:29,1778033429,164166,12107848,5397,4204,100,0,29,在线
2026年5月6日,10:10:59,1778033459,164166,12107848,5397,4204,100,0,29,在线
2026年5月6日,10:11:29,1778033489,164166,12107848,5231,4192,99,45.52,29,在线
2026年5月6日,10:11:59,1778033519,164166,12107848,5231,4192,99,45.52,29,在线
2026年5月6日,10:12:29,1778033549,164166,12107848,5231,4192,99,45.52,29,在线
2026年5月6日,10:12:59,1778033579,164166,12107848,5231,4192,99,45.52,29,在线
2026年5月6日,10:13:29,1778033609,164166,12107848,5231,4192,99,45.52,29,在线
2026年5月6日,10:13:59,1778033639,164166,12107848,5231,4192,99,45.52,29,在线
2026年5月6日,10:14:29,1778033669,164166,12107848,5231,4192,99,45.52,29,在线
2026年5月6日,10:14:59,1778033699,164166,12107848,5231,4192,99,45.52,29,在线
2026年5月6日,10:15:29,1778033729,164166,12107848,5231,4192,99,45.52,29,在线
2026年5月6日,10:15:59,1778033759,164166,12107848,5231,4192,99,45.52,29,在线
2026年5月6日,10:16:29,1778033789,164166,12107848,5306,4192,97,0,29,在线
2026年5月6日,10:16:59,1778033819,164166,12107848,5311,4103,97,0,29,在线
2026年5月6日,10:17:29,1778033849,164166,12107848,5311,4103,97,0,29,在线
2026年5月6日,10:19:59,1778033999,164166,12107848,5311,4103,97,0,29,在线
2026年5月6日,10:29:59,1778034599,164166,12107848,5322,4102,97,0,29,在线
2026年5月6日,10:38:59,1778035139,164166,12107848,5207,4093,97,46.68,29,在线
2026年5月6日,10:39:29,1778035169,164166,12107848,5207,4093,97,46.68,29,在线
2026年5月6日,10:39:59,1778035199,164166,12107848,5207,4093,97,46.68,29,在线
2026年5月6日,10:40:29,1778035229,164166,12107848,5207,4093,97,46.68,29,在线
2026年5月6日,10:40:59,1778035259,164166,12107848,5207,4093,97,46.68,29,在线
2026年5月6日,10:41:29,1778035289,164166,12107848,5308,4093,96,0,29,在线
2026年5月6日,10:44:59,1778035499,164166,12107848,5249,4041,96,19.12,29,在线
2026年5月6日,10:45:29,1778035529,164166,12107848,5249,4041,96,19.12,29,在线
2026年5月6日,10:45:59,1778035559,164166,12107848,5249,4041,96,19.12,29,在线
2026年5月6日,10:46:29,1778035589,164166,12107848,5249,4041,96,19.12,29,在线
2026年5月6日,10:46:59,1778035619,164166,12107848,5249,4041,96,19.12,29,在线
2026年5月6日,10:47:29,1778035649,164166,12107848,5249,4041,96,19.12,29,在线
2026年5月6日,10:47:59,1778035679,164166,12107848,5308,4041,94,0,29,在线
2026年5月6日,10:49:59,1778035799,164166,12107848,5308,4041,94,0,29,在线
2026年5月6日,10:50:29,1778035829,164166,12107848,5308,4041,94,0,29,在线
2026年5月6日,10:52:59,1778035979,164166,12107848,5318,3969,94,0,29,在线
2026年5月6日,10:55:29,1778036129,164166,12107848,5204,3969,94,46.84,29,在线
2026年5月6日,10:55:59,1778036159,164166,12107848,5204,3969,94,46.84,29,在线
2026年5月6日,10:56:29,1778036189,164166,12107848,5204,3969,94,46.84,29,在线
2026年5月6日,10:56:59,1778036219,164166,12107848,5204,3969,94,46.84,29,在线
2026年5月6日,10:57:51,1778036271,164166,12107848,5204,3969,94,46.84,29,在线
2026年5月6日,10:57:59,1778036279,164166,12107848,5204,3969,94,46.84,29,在线
2026年5月6日,10:58:29,1778036309,164166,12107848,5204,3969,94,46.84,29,在线
2026年5月6日,10:58:59,1778036339,164166,12107848,5204,3969,94,46.84,29,在线
2026年5月6日,10:59:29,1778036369,164166,12107848,5204,3969,94,46.84,29,在线
2026年5月6日,10:59:59,1778036399,164166,12107848,5204,3969,94,46.84,29,在线
2026年5月6日,11:00:29,1778036429,164166,12107848,5194,3754,89,48.03,30,在线
2026年5月6日,11:00:59,1778036459,164166,12107848,5194,3754,89,48.03,30,在线
2026年5月6日,11:01:29,1778036489,164166,12107848,5194,3754,89,48.03,30,在线
2026年5月6日,11:01:59,1778036519,164166,12107848,5194,3754,89,48.03,30,在线
2026年5月6日,11:02:29,1778036549,164166,12107848,5305,3754,88,0,31,在线
2026年5月6日,11:02:59,1778036579,164166,12107848,5305,3754,88,0,31,在线
2026年5月6日,11:03:29,1778036609,164166,12107848,5204,3700,88,47.33,31,在线
2026年5月6日,11:03:59,1778036639,164166,12107848,5204,3700,88,47.33,31,在线
2026年5月6日,11:04:29,1778036669,164166,12107848,5204,3700,88,47.33,31,在线
2026年5月6日,11:04:59,1778036699,164166,12107848,5204,3700,88,47.33,31,在线
2026年5月6日,11:05:29,1778036729,164166,12107848,5204,3700,88,47.33,31,在线
2026年5月6日,11:05:59,1778036759,164166,12107848,5204,3700,88,47.33,31,在线
2026年5月6日,11:06:29,1778036789,164166,12107848,5204,3700,88,47.33,31,在线
2026年5月6日,11:07:00,1778036820,164166,12107848,5204,3700,88,47.33,31,在线
2026年5月6日,11:07:30,1778036850,164166,12107848,5204,3700,88,47.33,31,在线
2026年5月6日,11:08:01,1778036881,164166,12107848,5307,3700,85,0,31,在线
2026年5月6日,11:08:35,1778036915,164166,12107848,5282,3565,85,9.22,31,在线
2026年5月6日,11:09:31,1778036971,164166,12107848,5282,3565,85,9.22,31,在线
2026年5月6日,11:09:59,1778036999,164166,12107848,5282,3565,85,9.22,31,在线
2026年5月6日,11:10:30,1778037030,164166,12107848,5282,3565,85,9.22,31,在线
2026年5月6日,11:11:00,1778037060,164166,12107848,5282,3565,85,9.22,31,在线
2026年5月6日,11:11:29,1778037089,164166,12107848,5282,3565,85,9.22,31,在线
2026年5月6日,11:12:00,1778037120,164166,12107848,5282,3565,85,9.22,31,在线
2026年5月6日,11:12:59,1778037179,164166,12107848,5282,3565,85,9.22,31,在线
2026年5月6日,11:13:29,1778037209,164166,12107848,5297,3565,80,0.38,32,在线
2026年5月6日,11:13:59,1778037239,164166,12107848,5297,3565,80,0.38,32,在线
2026年5月6日,11:14:29,1778037269,164166,12107848,5297,3565,80,0.38,32,在线
2026年5月6日,11:14:59,1778037299,164166,12107848,5297,3565,80,0.38,32,在线
2026年5月6日,11:15:29,1778037329,164166,12107848,5297,3565,80,0.38,32,在线
2026年5月6日,11:15:59,1778037359,164166,12107848,5297,3565,80,0.38,32,在线
2026年5月6日,11:16:29,1778037389,164166,12107848,5297,3565,80,0.38,32,在线
2026年5月6日,11:16:59,1778037419,164166,12107848,5297,3565,80,0.38,32,在线
2026年5月6日,11:17:29,1778037449,164166,12107848,5297,3565,80,0.38,32,在线
2026年5月6日,11:17:59,1778037479,164166,12107848,5297,3565,80,0.38,32,在线
2026年5月6日,11:18:29,1778037509,164166,12107848,5148,3114,74,46.81,33,在线
2026年5月6日,11:18:59,1778037539,164166,12107848,5148,3114,74,46.81,33,在线
2026年5月6日,11:19:29,1778037569,164166,12107848,5148,3114,74,46.81,33,在线
2026年5月6日,11:19:59,1778037599,164166,12107848,5148,3114,74,46.81,33,在线
2026年5月6日,11:20:30,1778037630,164166,12107848,5148,3114,74,46.81,33,在线
2026年5月6日,11:20:59,1778037659,164166,12107848,5148,3114,74,46.81,33,在线
2026年5月6日,11:21:29,1778037689,164166,12107848,5148,3114,74,46.81,33,在线
2026年5月6日,11:21:59,1778037719,164166,12107848,5148,3114,74,46.81,33,在线
2026年5月6日,11:22:29,1778037749,164166,12107848,5148,3114,74,46.81,33,在线
2026年5月6日,11:22:59,1778037779,164166,12107848,5148,3114,74,46.81,33,在线
2026年5月6日,11:23:29,1778037809,164166,12107848,5251,3114,69,0.16,34,在线
2026年5月6日,11:23:59,1778037839,164166,12107848,5262,2922,69,0,34,在线
2026年5月6日,11:24:29,1778037869,164166,12107848,5262,2922,69,0,34,在线
2026年5月6日,11:28:59,1778038139,164166,12107848,5168,2922,69,46.65,34,在线
2026年5月6日,11:29:29,1778038169,164166,12107848,5168,2922,69,46.65,34,在线
2026年5月6日,11:29:59,1778038199,164166,12107848,5168,2922,69,46.65,34,在线
2026年5月6日,11:30:29,1778038229,164166,12107848,5168,2922,69,46.65,34,在线
2026年5月6日,11:30:59,1778038259,164166,12107848,5168,2922,69,46.65,34,在线
2026年5月6日,11:31:29,1778038289,164166,12107848,5168,2922,69,46.65,34,在线
2026年5月6日,11:31:59,1778038319,164166,12107848,5168,2922,69,46.65,34,在线
2026年5月6日,11:32:29,1778038349,164166,12107848,5168,2922,69,46.65,34,在线
2026年5月6日,11:32:59,1778038379,164166,12107848,5168,2922,69,46.65,34,在线
2026年5月6日,11:33:29,1778038409,164166,12107848,5168,2922,69,46.65,34,在线
2026年5月6日,11:33:59,1778038439,164166,12107848,5148,2803,67,46.26,34,在线
2026年5月6日,11:34:29,1778038469,164166,12107848,5148,2803,67,46.26,34,在线
2026年5月6日,11:34:59,1778038499,164166,12107848,5148,2803,67,46.26,34,在线
2026年5月6日,11:35:29,1778038529,164166,12107848,5259,2803,66,0,34,在线
2026年5月6日,11:35:59,1778038559,164166,12107848,5149,2777,66,47.39,34,在线
2026年5月6日,11:36:29,1778038589,164166,12107848,5149,2777,66,47.39,34,在线
2026年5月6日,11:36:59,1778038619,164166,12107848,5149,2777,66,47.39,34,在线
2026年5月6日,11:37:29,1778038649,164166,12107848,5259,2777,66,0,34,在线
2026年5月6日,11:37:59,1778038679,164166,12107848,5151,2755,65,45.42,34,在线
2026年5月6日,11:38:29,1778038709,164166,12107848,5151,2755,65,45.42,34,在线
2026年5月6日,11:38:59,1778038739,164166,12107848,5151,2755,65,45.42,34,在线
2026年5月6日,11:39:29,1778038769,164166,12107848,5151,2755,65,45.42,34,在线
2026年5月6日,11:39:59,1778038799,164166,12107848,5151,2755,65,45.42,34,在线
2026年5月6日,11:40:29,1778038829,164166,12107848,5151,2755,65,45.42,34,在线
2026年5月6日,11:40:59,1778038859,164166,12107848,5151,2755,65,45.42,34,在线
2026年5月6日,11:41:29,1778038889,164166,12107848,5151,2755,65,45.42,34,在线
2026年5月6日,11:41:59,1778038919,164166,12107848,5151,2755,65,45.42,34,在线
2026年5月6日,11:42:29,1778038949,164166,12107848,5151,2755,65,45.42,34,在线
2026年5月6日,11:42:59,1778038979,164166,12107848,5156,2755,60,26.85,35,在线
2026年5月6日,11:43:29,1778039009,164166,12107848,5156,2755,60,26.85,35,在线
2026年5月6日,11:43:59,1778039039,164166,12107848,5156,2755,60,26.85,35,在线
2026年5月6日,11:44:29,1778039069,164166,12107848,5156,2755,60,26.85,35,在线
2026年5月6日,11:44:59,1778039099,164166,12107848,5156,2755,60,26.85,35,在线
2026年5月6日,11:45:29,1778039129,164166,12107848,5156,2755,60,26.85,35,在线
2026年5月6日,11:45:59,1778039159,164166,12107848,5248,2439,58,0,35,在线
2026年5月6日,11:46:29,1778039189,164166,12107848,5248,2439,58,0,35,在线
2026年5月6日,11:46:59,1778039219,164166,12107848,5141,2439,58,45.03,35,在线
2026年5月6日,11:47:29,1778039249,164166,12107848,5141,2439,58,45.03,35,在线
2026年5月6日,11:47:59,1778039279,164166,12107848,5141,2439,58,45.03,35,在线
2026年5月6日,11:48:29,1778039309,164166,12107848,5141,2439,58,45.03,35,在线
2026年5月6日,11:48:59,1778039339,164166,12107848,5141,2439,58,45.03,35,在线
2026年5月6日,11:49:29,1778039369,164166,12107848,5141,2439,58,45.03,35,在线
2026年5月6日,11:49:59,1778039399,164166,12107848,5141,2439,58,45.03,35,在线
2026年5月6日,11:50:29,1778039429,164166,12107848,5141,2439,58,45.03,35,在线
2026年5月6日,11:50:59,1778039459,164166,12107848,5141,2439,58,45.03,35,在线
2026年5月6日,11:51:29,1778039489,164166,12107848,5141,2439,58,45.03,35,在线
2026年5月6日,11:51:59,1778039519,164166,12107848,5246,2312,55,0,35,在线
2026年5月6日,11:52:29,1778039549,164166,12107848,5246,2312,55,0,35,在线
2026年5月6日,11:52:59,1778039579,164166,12107848,5147,2312,55,45.48,35,在线
2026年5月6日,11:53:29,1778039609,164166,12107848,5147,2312,55,45.48,35,在线
2026年5月6日,11:53:59,1778039639,164166,12107848,5147,2312,55,45.48,35,在线
2026年5月6日,11:54:29,1778039669,164166,12107848,5147,2312,55,45.48,35,在线
2026年5月6日,11:54:59,1778039699,164166,12107848,5147,2312,55,45.48,35,在线
2026年5月6日,11:55:29,1778039729,164166,12107848,5147,2312,55,45.48,35,在线
2026年5月6日,11:55:59,1778039759,164166,12107848,5147,2312,55,45.48,35,在线
2026年5月6日,11:56:29,1778039789,164166,12107848,5147,2312,55,45.48,35,在线
2026年5月6日,11:56:59,1778039819,164166,12107848,5147,2312,55,45.48,35,在线
2026年5月6日,11:57:29,1778039849,164166,12107848,5147,2312,55,45.48,35,在线
2026年5月6日,11:57:59,1778039879,164166,12107848,5211,2104,50,0,36,在线
2026年5月6日,11:58:29,1778039909,164166,12107848,5211,2104,50,0,36,在线
2026年5月6日,11:58:59,1778039939,164166,12107848,5211,2104,50,0,36,在线
2026年5月6日,11:59:29,1778039969,164166,12107848,5211,2104,50,0,36,在线
2026年5月6日,11:59:59,1778039999,164166,12107848,5211,2104,50,0,36,在线
2026年5月6日,12:00:29,1778040029,164166,12107848,5211,2104,50,0,36,在线
2026年5月6日,12:00:59,1778040059,164166,12107848,5211,2104,50,0,36,在线
2026年5月6日,12:01:29,1778040089,164166,12107848,5211,2104,50,0,36,在线
2026年5月6日,12:01:59,1778040119,164166,12107848,5211,2104,50,0,36,在线
2026年5月6日,12:02:29,1778040149,164166,12107848,5233,2104,46,0,36,在线
2026年5月6日,12:03:29,1778040209,164166,12107848,5143,1944,46,40.68,36,在线
2026年5月6日,12:03:59,1778040239,164166,12107848,5143,1944,46,40.68,36,在线
2026年5月6日,12:04:29,1778040269,164166,12107848,5143,1944,46,40.68,36,在线
2026年5月6日,12:04:59,1778040299,164166,12107848,5143,1944,46,40.68,36,在线
2026年5月6日,12:05:29,1778040329,164166,12107848,5143,1944,46,40.68,36,在线
2026年5月6日,12:05:59,1778040359,164166,12107848,5143,1944,46,40.68,36,在线
2026年5月6日,12:06:29,1778040389,164166,12107848,5230,1944,44,0,36,在线
2026年5月6日,12:06:59,1778040419,164166,12107848,5230,1944,44,0,36,在线
2026年5月6日,12:07:29,1778040449,164166,12107848,5230,1944,44,0,36,在线
2026年5月6日,12:07:59,1778040479,164166,12107848,5167,1852,44,29.07,36,在线
2026年5月6日,12:08:29,1778040509,164166,12107848,5167,1852,44,29.07,36,在线
2026年5月6日,12:08:59,1778040539,164166,12107848,5167,1852,44,29.07,36,在线
2026年5月6日,12:09:29,1778040569,164166,12107848,5167,1852,44,29.07,36,在线
2026年5月6日,12:09:59,1778040599,164166,12107848,5167,1852,44,29.07,36,在线
2026年5月6日,12:10:29,1778040629,164166,12107848,5167,1852,44,29.07,36,在线
2026年5月6日,12:10:59,1778040659,164166,12107848,5167,1852,44,29.07,36,在线
2026年5月6日,12:11:29,1778040689,164166,12107848,5167,1852,44,29.07,36,在线
2026年5月6日,12:11:59,1778040719,164166,12107848,5167,1852,44,29.07,36,在线
2026年5月6日,12:12:29,1778040749,164166,12107848,5167,1852,44,29.07,36,在线
2026年5月6日,12:12:59,1778040779,164166,12107848,5209,1852,39,0,37,在线
2026年5月6日,12:14:29,1778040869,164166,12107848,5117,1637,39,46.36,37,在线
2026年5月6日,12:14:59,1778040899,164166,12107848,5117,1637,39,46.36,37,在线
2026年5月6日,12:15:29,1778040929,164166,12107848,5117,1637,39,46.36,37,在线
2026年5月6日,12:15:59,1778040959,164166,12107848,5117,1637,39,46.36,37,在线
2026年5月6日,12:16:29,1778040989,164166,12107848,5117,1637,39,46.36,37,在线
2026年5月6日,12:16:59,1778041019,164166,12107848,5056,1637,36,46.36,37,在线
2026年5月6日,12:17:29,1778041049,164166,12107848,5056,1637,36,46.36,37,在线
2026年5月6日,12:17:59,1778041079,164166,12107848,5056,1637,36,46.36,37,在线
2026年5月6日,12:18:29,1778041109,164166,12107848,5056,1637,36,46.36,37,在线
2026年5月6日,12:18:59,1778041139,164166,12107848,5056,1637,36,46.36,37,在线
2026年5月6日,12:19:29,1778041169,164166,12107848,5031,1637,32,47.05,38,在线
2026年5月6日,12:19:59,1778041199,164166,12107848,5031,1637,32,47.05,38,在线
2026年5月6日,12:20:29,1778041229,164166,12107848,5031,1637,32,47.05,38,在线
2026年5月6日,12:20:59,1778041259,164166,12107848,5031,1637,32,47.05,38,在线
2026年5月6日,12:21:29,1778041289,164166,12107848,5031,1637,32,47.05,38,在线
2026年5月6日,12:21:59,1778041319,164166,12107848,5031,1637,32,47.05,38,在线
2026年5月6日,12:22:29,1778041349,164166,12107848,5031,1637,32,47.05,38,在线
2026年5月6日,12:22:59,1778041379,164166,12107848,5031,1637,32,47.05,38,在线
2026年5月6日,12:23:29,1778041409,164166,12107051,5367,4528,100,0,25,在线
2026年5月6日,12:24:29,1778041469,164166,12107051,5224,4517,100,49.79,25,在线
2026年5月6日,12:24:59,1778041499,164166,12107051,5224,4517,100,49.79,25,在线
2026年5月6日,12:25:29,1778041529,164166,12107051,5224,4517,100,49.79,25,在线
2026年5月6日,12:25:59,1778041559,164166,12107051,5224,4517,100,49.79,25,在线
2026年5月6日,12:26:29,1778041589,164166,12107051,5224,4517,100,49.79,25,在线
2026年5月6日,12:26:59,1778041619,164166,12107051,5224,4517,100,49.79,25,在线
2026年5月6日,12:27:29,1778041649,164166,12107051,5224,4517,100,49.79,25,在线
2026年5月6日,12:27:59,1778041679,164166,12107051,5306,4517,97,0,26,在线
2026年5月6日,12:28:29,1778041709,164166,12107051,5306,4517,97,0,26,在线
2026年5月6日,12:28:59,1778041739,164166,12107051,5306,4517,97,0,26,在线
2026年5月6日,12:29:29,1778041769,164166,12107051,5306,4517,97,0,26,在线
2026年5月6日,12:29:59,1778041799,164166,12107051,5306,4517,97,0,26,在线
2026年5月6日,12:32:59,1778041979,164166,12107051,5317,4388,97,0,26,在线
2026年5月6日,12:39:59,1778042399,164166,12107051,5320,4388,97,0,26,在线
2026年5月6日,12:41:29,1778042489,164166,12107051,5256,4376,97,20.09,26,在线
2026年5月6日,12:41:59,1778042519,164166,12107051,5256,4376,97,20.09,26,在线
2026年5月6日,12:42:29,1778042549,164166,12107051,5256,4376,97,20.09,26,在线
2026年5月6日,12:42:59,1778042579,164166,12107051,5256,4376,97,20.09,26,在线
2026年5月6日,12:43:29,1778042609,164166,12107051,5256,4376,97,20.09,26,在线
2026年5月6日,12:43:59,1778042639,164166,12107051,5206,4376,96,20.09,26,在线
2026年5月6日,12:44:29,1778042669,164166,12107051,5206,4376,96,20.09,26,在线
2026年5月6日,12:44:59,1778042699,164166,12107051,5206,4376,96,20.09,26,在线
2026年5月6日,12:45:29,1778042729,164166,12107051,5206,4376,96,20.09,26,在线
2026年5月6日,12:45:59,1778042759,164166,12107051,5206,4376,96,20.09,26,在线
2026年5月6日,12:46:29,1778042789,164166,12107051,5194,4376,94,42.01,27,在线
2026年5月6日,12:46:59,1778042819,164166,12107051,5194,4376,94,42.01,27,在线
2026年5月6日,12:47:29,1778042849,164166,12107051,5194,4376,94,42.01,27,在线
2026年5月6日,12:47:59,1778042879,164166,12107051,5194,4376,94,42.01,27,在线
2026年5月6日,12:48:29,1778042909,164166,12107051,5194,4376,94,42.01,27,在线
2026年5月6日,12:48:59,1778042939,164166,12107051,5194,4376,94,42.01,27,在线
2026年5月6日,12:49:29,1778042969,164166,12107051,5194,4376,94,42.01,27,在线
2026年5月6日,12:49:59,1778042999,164166,12107051,5194,4376,94,42.01,27,在线
2026年5月6日,12:50:29,1778043029,164166,12107051,5194,4376,94,42.01,27,在线
2026年5月6日,12:50:59,1778043059,164166,12107051,5194,4376,94,42.01,27,在线
2026年5月6日,12:51:29,1778043089,164166,12107051,5188,4074,90,46.63,28,在线
2026年5月6日,12:51:59,1778043119,164166,12107051,5188,4074,90,46.63,28,在线
2026年5月6日,12:52:29,1778043149,164166,12107051,5188,4074,90,46.63,28,在线
2026年5月6日,12:52:59,1778043179,164166,12107051,5188,4074,90,46.63,28,在线
2026年5月6日,12:53:29,1778043209,164166,12107051,5188,4074,90,46.63,28,在线
2026年5月6日,12:53:59,1778043239,164166,12107051,5188,4074,90,46.63,28,在线
2026年5月6日,12:54:29,1778043269,164166,12107051,5310,4074,89,0,28,在线
2026年5月6日,12:56:29,1778043389,164166,12107051,5204,4019,89,48.04,28,在线
2026年5月6日,12:56:59,1778043419,164166,12107051,5204,4019,89,48.04,28,在线
2026年5月6日,12:57:29,1778043449,164166,12107051,5204,4019,89,48.04,28,在线
2026年5月6日,12:57:59,1778043479,164166,12107051,5204,4019,89,48.04,28,在线
2026年5月6日,12:58:29,1778043509,164166,12107051,5204,4019,89,48.04,28,在线
2026年5月6日,12:58:59,1778043539,164166,12107051,5313,4019,88,0,29,在线
2026年5月6日,12:59:59,1778043599,164166,12107051,5313,4019,88,0,29,在线
2026年5月6日,13:00:29,1778043629,164166,12107051,5216,3966,88,47.96,29,在线
2026年5月6日,13:00:59,1778043659,164166,12107051,5216,3966,88,47.96,29,在线
2026年5月6日,13:01:29,1778043689,164166,12107051,5216,3966,88,47.96,29,在线
2026年5月6日,13:01:59,1778043719,164166,12107051,5216,3966,88,47.96,29,在线
2026年5月6日,13:02:29,1778043749,164166,12107051,5216,3966,88,47.96,29,在线
2026年5月6日,13:02:59,1778043779,164166,12107051,5176,3966,86,47.96,29,在线
2026年5月6日,13:03:29,1778043809,164166,12107051,5176,3966,86,47.96,29,在线
2026年5月6日,13:03:59,1778043839,164166,12107051,5176,3966,86,47.96,29,在线
2026年5月6日,13:04:29,1778043869,164166,12107051,5176,3966,86,47.96,29,在线
2026年5月6日,13:04:59,1778043899,164166,12107051,5176,3966,86,47.96,29,在线
2026年5月6日,13:05:29,1778043929,164166,12107051,5158,3966,83,46.89,29,在线
2026年5月6日,13:05:59,1778043959,164166,12107051,5158,3966,83,46.89,29,在线
2026年5月6日,13:06:30,1778043990,164166,12107051,5158,3966,83,46.89,29,在线
2026年5月6日,13:07:01,1778044021,164166,12107051,5158,3966,83,46.89,29,在线
2026年5月6日,13:07:29,1778044049,164166,12107051,5158,3966,83,46.89,29,在线
2026年5月6日,13:07:59,1778044079,164166,12107051,5158,3966,83,46.89,29,在线
2026年5月6日,13:08:30,1778044110,164166,12107051,5158,3966,83,46.89,29,在线
2026年5月6日,13:08:59,1778044139,164166,12107051,5158,3966,83,46.89,29,在线
2026年5月6日,13:09:34,1778044174,164166,12107051,5158,3966,83,46.89,29,在线
2026年5月6日,13:10:08,1778044208,164166,12107051,5158,3966,83,46.89,29,在线
2026年5月6日,13:10:59,1778044259,164166,12107051,5250,3522,78,0,31,在线
2026年5月6日,13:11:29,1778044289,164166,12107051,5250,3522,78,0,31,在线
2026年5月6日,13:11:59,1778044319,164166,12107051,5287,3522,78,0,31,在线
2026年5月6日,13:12:29,1778044349,164166,12107051,5287,3522,78,0,31,在线
2026年5月6日,13:13:07,1778044387,164166,12107051,5287,3522,78,0,31,在线
2026年5月6日,13:14:03,1778044443,164166,12107051,5287,3522,78,0,31,在线
2026年5月6日,13:14:29,1778044469,164166,12107051,5287,3522,78,0,31,在线
2026年5月6日,13:14:59,1778044499,164166,12107051,5287,3522,78,0,31,在线
2026年5月6日,13:15:29,1778044529,164166,12107051,5305,3522,78,0,31,在线
2026年5月6日,13:15:59,1778044559,164166,12107051,5305,3522,78,0,31,在线
2026年5月6日,13:16:29,1778044589,164166,12107051,5305,3522,78,0,31,在线
2026年5月6日,13:16:59,1778044619,164166,12107051,5310,3516,78,0,31,在线
2026年5月6日,13:17:29,1778044649,164166,12107051,5310,3516,78,0,31,在线
2026年5月6日,13:17:59,1778044679,164166,12107051,5310,3516,78,0,31,在线
2026年5月6日,13:18:29,1778044709,164166,12107051,5310,3516,78,0,31,在线
2026年5月6日,13:18:59,1778044739,164166,12107051,5310,3516,78,0,31,在线
2026年5月6日,13:19:29,1778044769,164166,12107051,5313,3516,78,0,31,在线
2026年5月6日,13:19:59,1778044799,164166,12107051,5313,3516,78,0,31,在线
2026年5月6日,13:20:29,1778044829,164166,12107051,5313,3516,78,0,31,在线
2026年5月6日,13:20:59,1778044859,164166,12107051,5313,3516,78,0,31,在线
2026年5月6日,13:21:29,1778044889,164166,12107051,5313,3516,78,0,31,在线
2026年5月6日,13:21:59,1778044919,164166,12107051,5316,3516,78,0,31,在线
2026年5月6日,13:22:29,1778044949,164166,12107051,5316,3516,78,0,31,在线
2026年5月6日,13:22:59,1778044979,164166,12107051,5316,3516,78,0,31,在线
2026年5月6日,13:23:29,1778045009,164166,12107051,5316,3516,78,0,31,在线
2026年5月6日,13:23:59,1778045039,164166,12107051,5316,3516,78,0,31,在线
2026年5月6日,13:24:29,1778045069,164166,12107051,5318,3516,78,0,31,在线
2026年5月6日,13:24:59,1778045099,164166,12107051,5318,3516,78,0,31,在线
2026年5月6日,13:25:29,1778045129,164166,12107051,5318,3516,78,0,31,在线
2026年5月6日,13:25:59,1778045159,164166,12107051,5318,3516,78,0,31,在线
2026年5月6日,13:26:29,1778045189,164166,12107051,5318,3516,78,0,31,在线
2026年5月6日,13:26:59,1778045219,164166,12107051,5320,3516,78,0,31,在线
2026年5月6日,13:27:29,1778045249,164166,12107051,5320,3516,78,0,31,在线
2026年5月6日,13:27:59,1778045279,164166,12107051,5320,3516,78,0,31,在线
2026年5月6日,13:28:29,1778045309,164166,12107051,5320,3516,78,0,31,在线
2026年5月6日,13:28:59,1778045339,164166,12107051,5320,3516,78,0,31,在线
2026年5月6日,13:29:29,1778045369,164166,12107051,5320,3516,78,0,31,在线
2026年5月6日,13:29:59,1778045399,164166,12107051,5320,3516,78,0,31,在线
2026年5月6日,13:30:29,1778045429,164166,12107051,5264,3516,78,12.05,31,在线
2026年5月6日,13:30:59,1778045459,164166,12107051,5264,3516,78,12.05,31,在线
2026年5月6日,13:31:29,1778045489,164166,12107051,5311,3500,77,0,32,在线
2026年5月6日,13:31:59,1778045519,164166,12107051,5311,3500,77,0,32,在线
2026年5月6日,13:32:29,1778045549,164166,12107051,5311,3500,77,0,32,在线
2026年5月6日,13:32:59,1778045579,164166,12107051,5311,3500,77,0,32,在线
2026年5月6日,13:38:59,1778045939,164166,12107051,5219,3492,77,38.43,32,在线
2026年5月6日,13:39:29,1778045969,164166,12107051,5219,3492,77,38.43,32,在线
2026年5月6日,13:39:59,1778045999,164166,12107051,5309,3492,77,0,32,在线
2026年5月6日,13:40:59,1778046059,164166,12107051,5259,3475,77,10.17,32,在线
2026年5月6日,13:41:29,1778046089,164166,12107051,5259,3475,77,10.17,32,在线
2026年5月6日,13:41:59,1778046119,164166,12107051,5259,3475,77,10.17,32,在线
2026年5月6日,13:42:29,1778046149,164166,12107051,5220,3455,76,29.1,32,在线
2026年5月6日,13:42:59,1778046179,164166,12107051,5220,3455,76,29.1,32,在线
2026年5月6日,13:43:29,1778046209,164166,12107051,5220,3455,76,29.1,32,在线
2026年5月6日,13:43:59,1778046239,164166,12107051,5220,3455,76,29.1,32,在线
2026年5月6日,13:44:29,1778046269,164166,12107051,5220,3455,76,29.1,32,在线
2026年5月6日,13:44:59,1778046299,164166,12107051,5220,3455,76,29.1,32,在线
2026年5月6日,13:45:29,1778046329,164166,12107051,5220,3455,76,29.1,32,在线
2026年5月6日,13:45:59,1778046359,164166,12107051,5220,3455,76,29.1,32,在线
2026年5月6日,13:46:29,1778046389,164166,12107051,5220,3455,76,29.1,32,在线
2026年5月6日,13:46:59,1778046419,164166,12107051,5220,3455,76,29.1,32,在线
2026年5月6日,13:47:29,1778046449,164166,12107051,5243,3455,73,0.26,32,在线
2026年5月6日,13:47:59,1778046479,164166,12107051,5243,3455,73,0.26,32,在线
2026年5月6日,13:48:29,1778046509,164166,12107051,5243,3455,73,0.26,32,在线
2026年5月6日,13:48:59,1778046539,164166,12107051,5243,3455,73,0.26,32,在线
2026年5月6日,13:49:29,1778046569,164166,12107051,5243,3455,73,0.26,32,在线
2026年5月6日,13:49:59,1778046599,164166,12107051,5243,3455,73,0.26,32,在线
2026年5月6日,13:50:29,1778046629,164166,12107051,5243,3455,73,0.26,32,在线
2026年5月6日,13:50:59,1778046659,164166,12107051,5243,3455,73,0.26,32,在线
2026年5月6日,13:51:29,1778046689,164166,12107051,5243,3455,73,0.26,32,在线
2026年5月6日,13:51:59,1778046719,164166,12107051,5243,3455,73,0.26,32,在线
2026年5月6日,13:52:29,1778046749,164166,12107051,5246,3107,69,0.31,32,在线
2026年5月6日,13:52:59,1778046779,164166,12107051,5246,3107,69,0.31,32,在线
2026年5月6日,13:53:29,1778046809,164166,12107051,5246,3107,69,0.31,32,在线
2026年5月6日,13:53:59,1778046839,164166,12107051,5246,3107,69,0.31,32,在线
2026年5月6日,13:54:29,1778046869,164166,12107051,5246,3107,69,0.31,32,在线
2026年5月6日,13:55:00,1778046900,164166,12107051,5254,3107,68,0,33,在线
2026年5月6日,13:56:59,1778047019,164166,12107051,5194,3055,68,31.22,33,在线
2026年5月6日,13:57:29,1778047049,164166,12107051,5194,3055,68,31.22,33,在线
2026年5月6日,13:57:59,1778047079,164166,12107051,5194,3055,68,31.22,33,在线
2026年5月6日,13:58:29,1778047109,164166,12107051,5194,3055,68,31.22,33,在线
2026年5月6日,13:58:59,1778047139,164166,12107051,5131,2972,66,48.42,33,在线
2026年5月6日,13:59:29,1778047169,164166,12107051,5131,2972,66,48.42,33,在线
2026年5月6日,13:59:59,1778047199,164166,12107051,5131,2972,66,48.42,33,在线
2026年5月6日,14:00:29,1778047229,164166,12107051,5131,2972,66,48.42,33,在线
2026年5月6日,14:00:59,1778047259,164166,12107051,5131,2972,66,48.42,33,在线
2026年5月6日,14:01:29,1778047289,164166,12107051,5131,2972,66,48.42,33,在线
2026年5月6日,14:01:59,1778047319,164166,12107051,5131,2972,66,48.42,33,在线
2026年5月6日,14:02:29,1778047349,164166,12107051,5131,2972,66,48.42,33,在线
2026年5月6日,14:02:59,1778047379,164166,12107051,5131,2972,66,48.42,33,在线
2026年5月6日,14:03:29,1778047409,164166,12107051,5131,2972,66,48.42,33,在线
2026年5月6日,14:03:59,1778047439,164166,12107051,5224,2972,62,0.26,33,在线
2026年5月6日,14:04:29,1778047469,164166,12107051,5224,2972,62,0.26,33,在线
2026年5月6日,14:04:59,1778047499,164166,12107051,5224,2972,62,0.26,33,在线
2026年5月6日,14:05:29,1778047529,164166,12107051,5224,2972,62,0.26,33,在线
2026年5月6日,14:05:59,1778047559,164166,12107051,5224,2972,62,0.26,33,在线
2026年5月6日,14:06:29,1778047589,164166,12107051,5224,2972,62,0.26,33,在线
2026年5月6日,14:06:59,1778047619,164166,12107051,5224,2972,62,0.26,33,在线
2026年5月6日,14:07:29,1778047649,164166,12107051,5224,2972,62,0.26,33,在线
2026年5月6日,14:07:59,1778047679,164166,12107051,5224,2972,62,0.26,33,在线
2026年5月6日,14:08:29,1778047709,164166,12107051,5224,2972,62,0.26,33,在线
2026年5月6日,14:08:59,1778047739,164166,12107051,5176,2629,58,14.95,33,在线
2026年5月6日,14:09:29,1778047769,164166,12107051,5176,2629,58,14.95,33,在线
2026年5月6日,14:09:59,1778047799,164166,12107051,5176,2629,58,14.95,33,在线
2026年5月6日,14:10:29,1778047829,164166,12107051,5176,2629,58,14.95,33,在线
2026年5月6日,14:10:59,1778047859,164166,12107051,5176,2629,58,14.95,33,在线
2026年5月6日,14:11:29,1778047889,164166,12107051,5176,2629,58,14.95,33,在线
2026年5月6日,14:11:59,1778047919,164166,12107051,5176,2629,58,14.95,33,在线
2026年5月6日,14:12:29,1778047949,164166,12107051,5176,2629,58,14.95,33,在线
2026年5月6日,14:12:59,1778047979,164166,12107051,5176,2629,58,14.95,33,在线
2026年5月6日,14:13:29,1778048009,164166,12107051,5176,2629,58,14.95,33,在线
2026年5月6日,14:13:59,1778048039,164166,12107051,5247,2523,56,0,34,在线
2026年5月6日,14:14:29,1778048069,164166,12107051,5247,2523,56,0,34,在线
2026年5月6日,14:14:59,1778048099,164166,12107051,5247,2523,56,0,34,在线
2026年5月6日,14:15:29,1778048129,164166,12107051,5247,2523,56,0,34,在线
2026年5月6日,14:15:59,1778048159,164166,12107051,5247,2523,56,0,34,在线
2026年5月6日,14:16:29,1778048189,164166,12107051,5247,2523,56,0,34,在线
2026年5月6日,14:16:59,1778048219,164166,12107051,5247,2523,56,0,34,在线
2026年5月6日,14:17:29,1778048249,164166,12107051,5257,2523,56,0,34,在线
2026年5月6日,14:17:59,1778048279,164166,12107051,5257,2523,56,0,34,在线
2026年5月6日,14:18:29,1778048309,164166,12107051,5257,2523,56,0,34,在线
2026年5月6日,14:18:59,1778048339,164166,12107051,5260,2523,56,0,34,在线
2026年5月6日,14:19:29,1778048369,164166,12107051,5260,2523,56,0,34,在线
2026年5月6日,14:19:59,1778048399,164166,12107051,5260,2523,56,0,34,在线
2026年5月6日,14:20:29,1778048429,164166,12107051,5260,2523,56,0,34,在线
2026年5月6日,14:20:59,1778048459,164166,12107051,5260,2523,56,0,34,在线
2026年5月6日,14:21:29,1778048489,164166,12107051,5260,2523,56,0,34,在线
2026年5月6日,14:21:59,1778048519,164166,12107051,5260,2523,56,0,34,在线
2026年5月6日,14:22:29,1778048549,164166,12107051,5260,2523,56,0,34,在线
2026年5月6日,14:22:59,1778048579,164166,12107051,5260,2523,56,0,34,在线
2026年5月6日,14:23:29,1778048609,164166,12107051,5260,2523,56,0,34,在线
2026年5月6日,14:23:59,1778048639,164166,12107051,5263,2523,56,0,34,在线
2026年5月6日,14:24:29,1778048669,164166,12107051,5263,2523,56,0,34,在线
2026年5月6日,14:24:59,1778048699,164166,12107051,5263,2523,56,0,34,在线
2026年5月6日,14:25:29,1778048729,164166,12107051,5263,2523,56,0,34,在线
2026年5月6日,14:25:59,1778048759,164166,12107051,5263,2523,56,0,34,在线
2026年5月6日,14:26:29,1778048789,164166,12107051,5264,2523,56,0,34,在线
2026年5月6日,14:26:59,1778048819,164166,12107051,5264,2523,56,0,34,在线
2026年5月6日,14:27:29,1778048849,164166,12107051,5264,2523,56,0,34,在线
2026年5月6日,14:27:59,1778048879,164166,12107051,5264,2523,56,0,34,在线
2026年5月6日,14:28:29,1778048909,164166,12107051,5264,2523,56,0,34,在线
2026年5月6日,14:28:59,1778048939,164166,12107051,5265,2523,56,0,34,在线
2026年5月6日,14:29:29,1778048969,164166,12107051,5265,2523,56,0,34,在线
2026年5月6日,14:29:59,1778048999,164166,12107051,5265,2523,56,0,34,在线
2026年5月6日,14:30:29,1778049029,164166,12107051,5265,2523,56,0,34,在线
2026年5月6日,14:30:59,1778049059,164166,12107051,5265,2523,56,0,34,在线
2026年5月6日,14:31:29,1778049089,164166,12107051,5266,2523,56,0,34,在线
2026年5月6日,14:31:59,1778049119,164166,12107051,5266,2523,56,0,34,在线
2026年5月6日,14:32:29,1778049149,164166,12107051,5266,2523,56,0,34,在线
2026年5月6日,14:32:59,1778049179,164166,12107051,5266,2523,56,0,34,在线
2026年5月6日,14:33:29,1778049209,164166,12107051,5266,2523,56,0,34,在线
2026年5月6日,14:33:59,1778049239,164166,12107051,5266,2523,56,0,34,在线
2026年5月6日,14:34:29,1778049269,164166,12107051,5266,2523,56,0,34,在线
2026年5月6日,14:34:59,1778049299,164166,12107051,5266,2523,56,0,34,在线
2026年5月6日,14:35:29,1778049329,164166,12107051,5266,2523,56,0,34,在线
2026年5月6日,14:35:59,1778049359,164166,12107051,5266,2523,56,0,34,在线
2026年5月6日,14:36:29,1778049389,164166,12107051,5208,2517,56,10.17,34,在线
2026年5月6日,14:36:59,1778049419,164166,12107051,5208,2517,56,10.17,34,在线
2026年5月6日,14:37:29,1778049449,164166,12107051,5208,2517,56,10.17,34,在线
2026年5月6日,14:37:59,1778049479,164166,12107051,5208,2517,56,10.17,34,在线
2026年5月6日,14:38:29,1778049509,164166,12107051,5208,2517,56,10.17,34,在线
2026年5月6日,14:38:59,1778049539,164166,12107051,5208,2517,56,10.17,34,在线
2026年5月6日,14:39:29,1778049569,164166,12107051,5208,2517,56,10.17,34,在线
2026年5月6日,14:39:59,1778049599,164166,12107051,5208,2517,56,10.17,34,在线
2026年5月6日,14:40:29,1778049629,164166,12107051,5208,2517,56,10.17,34,在线
2026年5月6日,14:40:59,1778049659,164166,12107051,5208,2517,56,10.17,34,在线
2026年5月6日,14:41:29,1778049689,164166,12107051,5116,2517,52,36.31,34,在线
2026年5月6日,14:41:59,1778049719,164166,12107051,5116,2517,52,36.31,34,在线
2026年5月6日,14:42:29,1778049749,164166,12107051,5116,2517,52,36.31,34,在线
2026年5月6日,14:42:59,1778049779,164166,12107051,5116,2517,52,36.31,34,在线
2026年5月6日,14:43:29,1778049809,164166,12107051,5116,2517,52,36.31,34,在线
2026年5月6日,14:43:59,1778049839,164166,12107051,5116,2517,52,36.31,34,在线
2026年5月6日,14:44:29,1778049869,164166,12107051,5116,2517,52,36.31,34,在线
2026年5月6日,14:44:59,1778049899,164166,12107051,5116,2517,52,36.31,34,在线
2026年5月6日,14:45:29,1778049929,164166,12107051,5116,2517,52,36.31,34,在线
2026年5月6日,14:45:59,1778049959,164166,12107051,5116,2517,52,36.31,34,在线
2026年5月6日,14:46:29,1778049989,164166,12107051,5123,2126,47,8.82,35,在线
2026年5月6日,14:46:59,1778050019,164166,12107051,5222,2126,47,0,35,在线
2026年5月6日,14:47:29,1778050049,164166,12107051,5222,2126,47,0,35,在线
2026年5月6日,14:48:59,1778050139,164166,12107051,5120,2111,47,48.23,35,在线
2026年5月6日,14:49:29,1778050169,164166,12107051,5120,2111,47,48.23,35,在线
2026年5月6日,14:49:59,1778050199,164166,12107051,5120,2111,47,48.23,35,在线
2026年5月6日,14:50:29,1778050229,164166,12107051,5120,2111,47,48.23,35,在线
2026年5月6日,14:50:59,1778050259,164166,12107051,5120,2111,47,48.23,35,在线
2026年5月6日,14:51:29,1778050289,164166,12107051,5176,2111,45,48.23,35,在线
2026年5月6日,14:51:59,1778050319,164166,12107051,5176,2111,45,48.23,35,在线
2026年5月6日,14:52:29,1778050349,164166,12107051,5176,2111,45,48.23,35,在线
2026年5月6日,14:52:59,1778050379,164166,12107051,5176,2111,45,48.23,35,在线
2026年5月6日,14:53:29,1778050409,164166,12107051,5176,2111,45,48.23,35,在线
2026年5月6日,14:53:59,1778050439,164166,12107051,5170,2111,43,3.83,35,在线
2026年5月6日,14:54:29,1778050469,164166,12107051,5170,2111,43,3.83,35,在线
2026年5月6日,14:54:59,1778050499,164166,12107051,5170,2111,43,3.83,35,在线
2026年5月6日,14:55:29,1778050529,164166,12107051,5170,2111,43,3.83,35,在线
2026年5月6日,14:56:00,1778050560,164166,12107051,5170,2111,43,3.83,35,在线
2026年5月6日,14:56:29,1778050589,164166,12107051,5170,2111,43,3.83,35,在线
2026年5月6日,14:56:59,1778050619,164166,12107051,5170,2111,43,3.83,35,在线
2026年5月6日,14:57:29,1778050649,164166,12107051,5170,2111,43,3.83,35,在线
2026年5月6日,14:57:59,1778050679,164166,12107051,5170,2111,43,3.83,35,在线
2026年5月6日,14:58:29,1778050709,164166,12107051,5170,2111,43,3.83,35,在线
2026年5月6日,14:58:59,1778050739,164166,12107051,5166,1774,39,0,36,在线
2026年5月6日,14:59:29,1778050769,164166,12107051,5166,1774,39,0,36,在线
2026年5月6日,14:59:59,1778050799,164166,12107051,5166,1774,39,0,36,在线
2026年5月6日,15:00:29,1778050829,164166,12107051,5166,1774,39,0,36,在线
2026年5月6日,15:00:59,1778050859,164166,12107051,5190,1774,38,0,36,在线
2026年5月6日,15:01:59,1778050919,164166,12107051,5136,1715,38,29.71,36,在线
2026年5月6日,15:02:29,1778050949,164166,12107051,5136,1715,38,29.71,36,在线
2026年5月6日,15:02:59,1778050979,164166,12107051,5136,1715,38,29.71,36,在线
2026年5月6日,15:03:29,1778051009,164166,12107051,5136,1715,38,29.71,36,在线
2026年5月6日,15:03:59,1778051039,164166,12107051,5136,1715,38,29.71,36,在线
2026年5月6日,15:04:29,1778051069,164166,12107051,5136,1715,38,29.71,36,在线
2026年5月6日,15:04:59,1778051099,164166,12107051,5136,1715,38,29.71,36,在线
2026年5月6日,15:05:29,1778051129,164166,12107051,5136,1715,38,29.71,36,在线
2026年5月6日,15:05:59,1778051159,164166,12107051,5136,1715,38,29.71,36,在线
2026年5月6日,15:06:29,1778051189,164166,12107051,5136,1715,38,29.71,36,在线
2026年5月6日,15:06:59,1778051219,164166,12107051,5109,1715,34,8.41,37,在线
2026年5月6日,15:07:29,1778051249,164166,12107051,5109,1715,34,8.41,37,在线
2026年5月6日,15:07:59,1778051279,164166,12107051,5109,1715,34,8.41,37,在线
2026年5月6日,15:08:29,1778051309,164166,12107051,5109,1715,34,8.41,37,在线
2026年5月6日,15:08:59,1778051339,164166,12107051,5109,1715,34,8.41,37,在线
2026年5月6日,15:09:29,1778051369,164166,12107051,5109,1715,34,8.41,37,在线
2026年5月6日,15:09:59,1778051399,164166,12107051,5109,1715,34,8.41,37,在线
2026年5月6日,15:10:29,1778051429,164166,12107051,5109,1715,34,8.41,37,在线
2026年5月6日,15:10:59,1778051459,164166,12107051,5158,1451,32,0,38,在线
2026年5月6日,15:20:01,1778052001,164166,12107051,5175,1451,32,0,38,在线
2026年5月6日,15:21:59,1778052119,164166,12107051,5063,1451,32,47.84,38,在线
2026年5月6日,15:22:30,1778052150,164166,12107051,5063,1451,32,47.84,38,在线
2026年5月6日,15:22:59,1778052179,164166,12107051,5063,1451,32,47.84,38,在线
2026年5月6日,15:23:29,1778052209,164166,12107051,5063,1451,32,47.84,38,在线
2026年5月6日,15:23:59,1778052239,164166,12107051,5155,1412,31,0,38,在线
2026年5月6日,15:26:59,1778052419,164166,12107051,5041,1412,31,45.12,38,在线
2026年5月6日,15:27:29,1778052449,164166,12107051,5041,1412,31,45.12,38,在线
2026年5月6日,15:27:59,1778052479,164166,12107051,5041,1412,31,45.12,38,在线
2026年5月6日,15:28:29,1778052509,164166,12107051,5041,1412,31,45.12,38,在线
2026年5月6日,15:28:59,1778052539,164166,12107051,5041,1412,31,45.12,38,在线
2026年5月6日,15:29:29,1778052569,164166,12107051,5008,1412,29,45.12,38,在线
2026年5月6日,15:29:59,1778052599,164166,12108134,5503,3831,100,0,35,在线
2026年5月6日,15:30:29,1778052629,164166,12108134,5345,3823,100,48.94,35,在线
2026年5月6日,15:30:59,1778052659,164166,12108134,5345,3823,100,48.94,35,在线
2026年5月6日,15:31:29,1778052689,164166,12108134,5345,3823,100,48.94,35,在线
2026年5月6日,15:31:59,1778052719,164166,12108134,5345,3823,100,48.94,35,在线
2026年5月6日,15:32:29,1778052749,164166,12108134,5345,3823,100,48.94,35,在线
2026年5月6日,15:32:59,1778052779,164166,12108134,5345,3823,100,48.94,35,在线
2026年5月6日,15:33:29,1778052809,164166,12108134,5345,3823,100,48.94,35,在线
2026年5月6日,15:33:59,1778052839,164166,12108134,5345,3823,100,48.94,35,在线
2026年5月6日,15:34:29,1778052869,164166,12108134,5345,3823,100,48.94,35,在线
2026年5月6日,15:34:59,1778052899,164166,12108134,5345,3823,100,48.94,35,在线
2026年5月6日,15:35:29,1778052929,164166,12108134,5290,3823,94,0,36,在线
2026年5月6日,15:35:59,1778052959,164166,12108134,5290,3823,94,0,36,在线
2026年5月6日,15:36:29,1778052989,164166,12108134,5290,3823,94,0,36,在线
2026年5月6日,15:36:59,1778053019,164166,12108134,5321,3601,94,0,36,在线
2026年5月6日,15:37:29,1778053049,164166,12108134,5321,3601,94,0,36,在线
2026年5月6日,15:38:59,1778053139,164166,12108134,5283,3601,94,17.14,36,在线
2026年5月6日,15:39:29,1778053169,164166,12108134,5283,3601,94,17.14,36,在线
2026年5月6日,15:39:59,1778053199,164166,12108134,5283,3601,94,17.14,36,在线
2026年5月6日,15:40:29,1778053229,164166,12108134,5324,3586,94,0,36,在线
2026年5月6日,15:40:59,1778053259,164166,12108134,5310,3586,94,3.3,36,在线
2026年5月6日,15:41:29,1778053289,164166,12108134,5310,3586,94,3.3,36,在线
2026年5月6日,15:41:59,1778053319,164166,12108134,5310,3586,94,3.3,36,在线
2026年5月6日,15:42:29,1778053349,164166,12108134,5310,3586,94,3.3,36,在线
2026年5月6日,15:42:59,1778053379,164166,12108134,5310,3586,94,3.3,36,在线
2026年5月6日,15:43:29,1778053409,164166,12108134,5310,3586,94,3.3,36,在线
2026年5月6日,15:43:59,1778053439,164166,12108134,5310,3586,94,3.3,36,在线
2026年5月6日,15:44:29,1778053469,164166,12108134,5310,3586,94,3.3,36,在线
2026年5月6日,15:44:59,1778053499,164166,12108134,5310,3586,94,3.3,36,在线
2026年5月6日,15:45:29,1778053529,164166,12108134,5310,3586,94,3.3,36,在线
2026年5月6日,15:45:59,1778053559,164166,12108134,5248,3422,90,26.8,36,在线
2026年5月6日,15:46:29,1778053589,164166,12108134,5248,3422,90,26.8,36,在线
2026年5月6日,15:46:59,1778053619,164166,12108134,5248,3422,90,26.8,36,在线
2026年5月6日,15:47:29,1778053649,164166,12108134,5230,3402,89,48.29,36,在线
2026年5月6日,15:47:59,1778053679,164166,12108134,5230,3402,89,48.29,36,在线
2026年5月6日,15:48:29,1778053709,164166,12108134,5230,3402,89,48.29,36,在线
2026年5月6日,15:48:59,1778053739,164166,12108134,5230,3402,89,48.29,36,在线
2026年5月6日,15:49:29,1778053769,164166,12108134,5230,3402,89,48.29,36,在线
2026年5月6日,15:49:59,1778053799,164166,12108134,5230,3402,89,48.29,36,在线
2026年5月6日,15:50:29,1778053829,164166,12108134,5230,3402,89,48.29,36,在线
2026年5月6日,15:50:59,1778053859,164166,12108134,5230,3402,89,48.29,36,在线
2026年5月6日,15:51:29,1778053889,164166,12108134,5230,3402,89,48.29,36,在线
2026年5月6日,15:51:59,1778053919,164166,12108134,5230,3402,89,48.29,36,在线
2026年5月6日,15:52:29,1778053949,164166,12108134,5311,3402,85,0,37,在线
2026年5月6日,15:52:59,1778053979,164166,12108134,5317,3253,85,0,37,在线
2026年5月6日,15:59:59,1778054399,164166,12108134,5327,3253,85,0,37,在线
2026年5月6日,16:01:29,1778054489,164166,12108134,5230,3243,85,47.52,36,在线
2026年5月6日,16:01:59,1778054519,164166,12108134,5230,3243,85,47.52,36,在线
2026年5月6日,16:02:29,1778054549,164166,12108134,5230,3243,85,47.52,36,在线
2026年5月6日,16:02:59,1778054579,164166,12108134,5324,3243,85,0,36,在线
2026年5月6日,16:04:59,1778054699,164166,12108134,5237,3223,84,39.41,36,在线
2026年5月6日,16:05:29,1778054729,164166,12108134,5237,3223,84,39.41,36,在线
2026年5月6日,16:05:59,1778054759,164166,12108134,5237,3223,84,39.41,36,在线
2026年5月6日,16:06:29,1778054789,164166,12108134,5237,3223,84,39.41,36,在线
2026年5月6日,16:06:59,1778054819,164166,12108134,5237,3223,84,39.41,36,在线
2026年5月6日,16:07:29,1778054849,164166,12108134,5237,3223,84,39.41,36,在线
2026年5月6日,16:07:59,1778054879,164166,12108134,5237,3223,84,39.41,36,在线
2026年5月6日,16:08:29,1778054909,164166,12108134,5237,3223,84,39.41,36,在线
2026年5月6日,16:08:59,1778054939,164166,12108134,5237,3223,84,39.41,36,在线
2026年5月6日,16:09:29,1778054969,164166,12108134,5237,3223,84,39.41,36,在线
2026年5月6日,16:09:59,1778054999,164166,12108134,5292,3223,82,0,37,在线
2026年5月6日,16:10:29,1778055029,164166,12108134,5292,3223,82,0,37,在线
2026年5月6日,16:10:59,1778055059,164166,12108134,5292,3223,82,0,37,在线
2026年5月6日,16:11:29,1778055089,164166,12108134,5292,3223,82,0,37,在线
2026年5月6日,16:11:59,1778055119,164166,12108134,5292,3223,82,0,37,在线
2026年5月6日,16:12:29,1778055149,164166,12108134,5292,3223,82,0,37,在线
2026年5月6日,16:13:00,1778055180,164166,12108134,5292,3223,82,0,37,在线
2026年5月6日,16:13:29,1778055209,164166,12108134,5292,3223,82,0,37,在线
2026年5月6日,16:13:59,1778055239,164166,12108134,5292,3223,82,0,37,在线
2026年5月6日,16:14:29,1778055269,164166,12108134,5292,3223,82,0,37,在线
2026年5月6日,16:14:59,1778055299,164166,12108134,5268,2997,78,0,37,在线
2026年5月6日,16:15:29,1778055329,164166,12108134,5268,2997,78,0,37,在线
2026年5月6日,16:15:59,1778055359,164166,12108134,5268,2997,78,0,37,在线
2026年5月6日,16:16:29,1778055389,164166,12108134,5268,2997,78,0,37,在线
2026年5月6日,16:16:59,1778055419,164166,12108134,5268,2997,78,0,37,在线
2026年5月6日,16:17:30,1778055450,164166,12108134,5268,2997,78,0,37,在线
2026年5月6日,16:17:59,1778055479,164166,12108134,5268,2997,78,0,37,在线
2026年5月6日,16:19:59,1778055599,164166,12108134,5272,2997,73,0.11,38,在线
2026年5月6日,16:20:29,1778055629,164166,12108134,5272,2997,73,0.11,38,在线
2026年5月6日,16:20:59,1778055659,164166,12108134,5272,2997,73,0.11,38,在线
2026年5月6日,16:21:29,1778055689,164166,12108134,5273,2766,72,0,38,在线
2026年5月6日,16:21:59,1778055719,164166,12108134,5182,2766,72,48.51,38,在线
2026年5月6日,16:22:29,1778055749,164166,12108134,5182,2766,72,48.51,38,在线
2026年5月6日,16:22:59,1778055779,164166,12108134,5182,2766,72,48.51,38,在线
2026年5月6日,16:23:29,1778055809,164166,12108134,5182,2766,72,48.51,38,在线
2026年5月6日,16:23:59,1778055839,164166,12108134,5182,2766,72,48.51,38,在线
2026年5月6日,16:24:29,1778055869,164166,12108134,5182,2766,72,48.51,38,在线
2026年5月6日,16:24:59,1778055899,164166,12108134,5182,2766,72,48.51,38,在线
2026年5月6日,16:25:29,1778055929,164166,12108134,5266,2613,68,0,38,在线
2026年5月6日,16:25:59,1778055959,164166,12108134,5266,2613,68,0,38,在线
2026年5月6日,16:26:29,1778055989,164166,12108134,5168,2613,68,47.87,38,在线
2026年5月6日,16:26:59,1778056019,164166,12108134,5168,2613,68,47.87,38,在线
2026年5月6日,16:27:29,1778056049,164166,12108134,5168,2613,68,47.87,38,在线
2026年5月6日,16:27:59,1778056079,164166,12108134,5168,2613,68,47.87,38,在线
2026年5月6日,16:28:29,1778056109,164166,12108134,5168,2613,68,47.87,38,在线
2026年5月6日,16:28:59,1778056139,164166,12108134,5168,2613,68,47.87,38,在线
2026年5月6日,16:29:29,1778056169,164166,12108134,5168,2613,68,47.87,38,在线
2026年5月6日,16:29:59,1778056199,164166,12108134,5168,2613,68,47.87,38,在线
2026年5月6日,16:30:29,1778056229,164166,12108134,5168,2613,68,47.87,38,在线
2026年5月6日,16:30:59,1778056259,164166,12108134,5259,2394,63,0,38,在线
2026年5月6日,16:32:29,1778056349,164166,12108134,5165,2394,62,47.39,38,在线
2026年5月6日,16:32:59,1778056379,164166,12108134,5165,2394,62,47.39,38,在线
2026年5月6日,16:33:29,1778056409,164166,12108134,5165,2394,62,47.39,38,在线
2026年5月6日,16:33:59,1778056439,164166,12108134,5165,2394,62,47.39,38,在线
2026年5月6日,16:34:29,1778056469,164166,12108134,5165,2394,62,47.39,38,在线
2026年5月6日,16:34:59,1778056499,164166,12108134,5165,2394,62,47.39,38,在线
2026年5月6日,16:35:29,1778056529,164166,12108134,5165,2394,62,47.39,38,在线
2026年5月6日,16:35:59,1778056559,164166,12108134,5165,2394,62,47.39,38,在线
2026年5月6日,16:36:29,1778056589,164166,12108134,5165,2394,62,47.39,38,在线
2026年5月6日,16:36:59,1778056619,164166,12108134,5165,2394,62,47.39,38,在线
2026年5月6日,16:37:29,1778056649,164166,12108134,5258,2207,58,0,38,在线
2026年5月6日,16:39:59,1778056799,164166,12108134,5258,2207,58,0,38,在线
2026年5月6日,16:40:29,1778056829,164166,12108134,5235,2207,58,11.28,38,在线
2026年5月6日,16:40:59,1778056859,164166,12108134,5235,2207,58,11.28,38,在线
2026年5月6日,16:41:29,1778056889,164166,12108134,5235,2207,58,11.28,38,在线
2026年5月6日,16:41:59,1778056919,164166,12108134,5235,2207,58,11.28,38,在线
2026年5月6日,16:42:29,1778056949,164166,12108134,5235,2207,58,11.28,38,在线
2026年5月6日,16:42:59,1778056979,164166,12108134,5235,2207,58,11.28,38,在线
2026年5月6日,16:43:29,1778057009,164166,12108134,5235,2207,58,11.28,38,在线
2026年5月6日,16:43:59,1778057039,164166,12108134,5235,2207,58,11.28,38,在线
2026年5月6日,16:44:29,1778057069,164166,12108134,5235,2207,58,11.28,38,在线
2026年5月6日,16:44:59,1778057099,164166,12108134,5235,2207,58,11.28,38,在线
2026年5月6日,16:45:29,1778057129,164166,12108134,5250,2050,54,0.16,38,在线
2026年5月6日,16:45:59,1778057159,164166,12108134,5250,2050,54,0.16,38,在线
2026年5月6日,16:46:29,1778057189,164166,12108134,5250,2050,54,0.16,38,在线
2026年5月6日,16:46:59,1778057219,164166,12108134,5250,2050,54,0.16,38,在线
2026年5月6日,16:47:29,1778057249,164166,12108134,5250,2050,54,0.16,38,在线
2026年5月6日,16:47:59,1778057279,164166,12108134,5250,2050,54,0.16,38,在线
2026年5月6日,16:48:29,1778057309,164166,12108134,5250,2050,54,0.16,38,在线
2026年5月6日,16:48:59,1778057339,164166,12108134,5250,2050,54,0.16,38,在线
2026年5月6日,16:49:29,1778057369,164166,12108134,5250,2050,54,0.16,38,在线
2026年5月6日,16:49:59,1778057399,164166,12108134,5250,2050,54,0.16,38,在线
2026年5月6日,16:50:29,1778057429,164166,12108134,5133,2050,48,48.49,38,在线
2026年5月6日,16:50:59,1778057459,164166,12108134,5133,2050,48,48.49,38,在线
2026年5月6日,16:51:29,1778057489,164166,12108134,5133,2050,48,48.49,38,在线
2026年5月6日,16:51:59,1778057519,164166,12108134,5133,2050,48,48.49,38,在线
2026年5月6日,16:52:29,1778057549,164166,12108134,5133,2050,48,48.49,38,在线
2026年5月6日,16:52:59,1778057579,164166,12108134,5133,2050,48,48.49,38,在线
2026年5月6日,16:53:29,1778057609,164166,12108134,5133,2050,48,48.49,38,在线
2026年5月6日,16:53:59,1778057639,164166,12108134,5133,2050,48,48.49,38,在线
2026年5月6日,16:54:29,1778057669,164166,12107635,5552,3982,100,0,40,在线
2026年5月6日,16:55:30,1778057730,164166,12107635,5329,3971,100,48,40,在线
2026年5月6日,16:55:59,1778057759,164166,12107635,5329,3971,100,48,40,在线
2026年5月6日,16:56:29,1778057789,164166,12107635,5361,3971,99,0,40,在线
2026年5月6日,16:56:59,1778057819,164166,12107635,5361,3971,99,0,40,在线
2026年5月6日,16:59:59,1778057999,164166,12107635,5361,3971,99,0,40,在线
2026年5月6日,17:01:29,1778058089,164166,12107635,5357,3958,99,0,40,在线
2026年5月6日,17:09:59,1778058599,164166,12107635,5354,3958,99,0,40,在线
2026年5月6日,17:11:29,1778058689,164166,12107635,5294,3951,99,15.44,40,在线
2026年5月6日,17:11:59,1778058719,164166,12107635,5294,3951,99,15.44,40,在线
2026年5月6日,17:12:29,1778058749,164166,12107635,5294,3951,99,15.44,40,在线
2026年5月6日,17:12:59,1778058779,164166,12107635,5294,3951,99,15.44,40,在线
2026年5月6日,17:13:29,1778058809,164166,12107635,5294,3951,99,15.44,40,在线
2026年5月6日,17:13:59,1778058839,164166,12107635,5294,3951,99,15.44,40,在线
2026年5月6日,17:14:29,1778058869,164166,12107635,5322,3951,98,0,40,在线
2026年5月6日,17:15:29,1778058929,164166,12107635,5322,3951,98,0,40,在线
2026年5月6日,17:18:01,1778059081,164166,12107635,5298,3906,98,8.2,40,在线
2026年5月6日,17:18:30,1778059110,164166,12107635,5298,3906,98,8.2,40,在线
2026年5月6日,17:18:59,1778059139,164166,12107635,5298,3906,98,8.2,40,在线
2026年5月6日,17:19:29,1778059169,164166,12107635,5325,3906,98,0,40,在线
2026年5月6日,17:19:59,1778059199,164166,12107635,5325,3906,98,0,40,在线
2026年5月6日,17:22:39,1778059359,164166,12107635,5264,3894,98,25.27,39,在线
2026年5月6日,17:23:59,1778059439,164166,12107635,5264,3894,98,25.27,39,在线
2026年5月6日,17:24:29,1778059469,164166,12107635,5264,3894,98,25.27,39,在线
2026年5月6日,17:24:59,1778059499,164166,12107635,5264,3894,98,25.27,39,在线
2026年5月6日,17:25:29,1778059529,164166,12107635,5264,3894,98,25.27,39,在线
2026年5月6日,17:25:59,1778059559,164166,12107635,5264,3894,98,25.27,39,在线
2026年5月6日,17:26:29,1778059589,164166,12107635,5264,3894,98,25.27,39,在线
2026年5月6日,17:26:59,1778059619,164166,12107635,5264,3894,98,25.27,39,在线
2026年5月6日,17:27:29,1778059649,164166,12107635,5212,3894,93,46.08,40,在线
2026年5月6日,17:27:59,1778059679,164166,12107635,5212,3894,93,46.08,40,在线
2026年5月6日,17:28:29,1778059709,164166,12107635,5212,3894,93,46.08,40,在线
2026年5月6日,17:28:59,1778059739,164166,12107635,5212,3894,93,46.08,40,在线
2026年5月6日,17:29:29,1778059769,164166,12107635,5212,3894,93,46.08,40,在线
2026年5月6日,17:29:59,1778059799,164166,12107635,5212,3894,93,46.08,40,在线
2026年5月6日,17:30:29,1778059829,164166,12107635,5212,3894,93,46.08,40,在线
2026年5月6日,17:30:59,1778059859,164166,12107635,5212,3894,93,46.08,40,在线
2026年5月6日,17:31:29,1778059889,164166,12107635,5212,3894,93,46.08,40,在线
2026年5月6日,17:31:59,1778059919,164166,12107635,5212,3894,93,46.08,40,在线
2026年5月6日,17:32:29,1778059949,164166,12107635,5324,3562,89,0,40,在线
2026年5月6日,17:32:59,1778059979,164166,12107635,5324,3562,89,0,40,在线
2026年5月6日,17:33:29,1778060009,164166,12107635,5237,3562,89,48.45,40,在线
2026年5月6日,17:33:59,1778060039,164166,12107635,5237,3562,89,48.45,40,在线
2026年5月6日,17:34:29,1778060069,164166,12107635,5237,3562,89,48.45,40,在线
2026年5月6日,17:34:59,1778060099,164166,12107635,5237,3562,89,48.45,40,在线
2026年5月6日,17:35:29,1778060129,164166,12107635,5237,3562,89,48.45,40,在线
2026年5月6日,17:35:59,1778060159,164166,12107635,5237,3562,89,48.45,40,在线
2026年5月6日,17:36:29,1778060189,164166,12107635,5237,3562,89,48.45,40,在线
2026年5月6日,17:36:59,1778060219,164166,12107635,5237,3562,89,48.45,40,在线
2026年5月6日,17:37:29,1778060249,164166,12107635,5324,3429,86,0,40,在线
2026年5月6日,17:38:59,1778060339,164166,12107635,5227,3429,86,45.7,40,在线
2026年5月6日,17:39:29,1778060369,164166,12107635,5227,3429,86,45.7,40,在线
2026年5月6日,17:39:59,1778060399,164166,12107635,5227,3429,86,45.7,40,在线
2026年5月6日,17:40:29,1778060429,164166,12107635,5227,3429,86,45.7,40,在线
2026年5月6日,17:40:59,1778060459,164166,12107635,5227,3429,86,45.7,40,在线
2026年5月6日,17:41:29,1778060489,164166,12107635,5207,3429,84,45.7,40,在线
2026年5月6日,17:41:59,1778060519,164166,12107635,5207,3429,84,45.7,40,在线
2026年5月6日,17:42:29,1778060549,164166,12107635,5207,3429,84,45.7,40,在线
2026年5月6日,17:42:59,1778060579,164166,12107635,5323,3296,83,0,40,在线
2026年5月6日,17:43:59,1778060639,164166,12107635,5239,3296,83,45.95,40,在线
2026年5月6日,17:44:29,1778060669,164166,12107635,5239,3296,83,45.95,40,在线
2026年5月6日,17:44:59,1778060699,164166,12107635,5239,3296,83,45.95,40,在线
2026年5月6日,17:45:29,1778060729,164166,12107635,5239,3296,83,45.95,40,在线
2026年5月6日,17:45:59,1778060759,164166,12107635,5239,3296,83,45.95,40,在线
2026年5月6日,17:46:29,1778060789,164166,12107635,5239,3296,83,45.95,40,在线
2026年5月6日,17:46:59,1778060819,164166,12107635,5239,3296,83,45.95,40,在线
2026年5月6日,17:47:29,1778060849,164166,12107635,5239,3296,83,45.95,40,在线
2026年5月6日,17:47:59,1778060879,164166,12107635,5239,3296,83,45.95,40,在线
2026年5月6日,17:48:29,1778060909,164166,12107635,5239,3296,83,45.95,40,在线
2026年5月6日,17:48:59,1778060939,164166,12107635,5276,3057,77,0,41,在线
2026年5月6日,17:49:29,1778060969,164166,12107635,5276,3057,77,0,41,在线
2026年5月6日,17:49:59,1778060999,164166,12107635,5276,3057,77,0,41,在线
2026年5月6日,17:50:29,1778061029,164166,12107635,5276,3057,77,0,41,在线
2026年5月6日,17:50:59,1778061059,164166,12107635,5276,3057,77,0,41,在线
2026年5月6日,17:51:29,1778061089,164166,12107635,5276,3057,77,0,41,在线
2026年5月6日,17:51:59,1778061119,164166,12107635,5276,3057,77,0,41,在线
2026年5月6日,17:52:29,1778061149,164166,12107635,5276,3057,77,0,41,在线
2026年5月6日,17:52:59,1778061179,164166,12107635,5276,3057,77,0,41,在线
2026年5月6日,17:53:29,1778061209,164166,12107635,5276,3057,77,0,41,在线
2026年5月6日,17:53:59,1778061239,164166,12107635,5282,3057,72,0.36,41,在线
2026年5月6日,17:54:29,1778061269,164166,12107635,5282,3057,72,0.36,41,在线
2026年5月6日,17:54:59,1778061299,164166,12107635,5282,3057,72,0.36,41,在线
2026年5月6日,17:55:29,1778061329,164166,12107635,5282,3057,72,0.36,41,在线
2026年5月6日,17:55:59,1778061359,164166,12107635,5282,3057,72,0.36,41,在线
2026年5月6日,17:56:29,1778061389,164166,12107635,5282,3057,72,0.36,41,在线
2026年5月6日,17:56:59,1778061419,164166,12107635,5282,3057,72,0.36,41,在线
2026年5月6日,17:57:29,1778061449,164166,12107635,5282,3057,72,0.36,41,在线
2026年5月6日,17:57:59,1778061479,164166,12107635,5282,3057,72,0.36,41,在线
2026年5月6日,17:58:29,1778061509,164166,12107635,5282,3057,72,0.36,41,在线
2026年5月6日,17:58:59,1778061539,164166,12107635,5283,2726,68,0,42,在线
2026年5月6日,17:59:29,1778061569,164166,12107635,5283,2726,68,0,42,在线
2026年5月6日,17:59:59,1778061599,164166,12107635,5283,2726,68,0,42,在线
2026年5月6日,18:00:29,1778061629,164166,12107635,5283,2726,68,0,42,在线
2026年5月6日,18:00:59,1778061659,164166,12107635,5283,2726,68,0,42,在线
2026年5月6日,18:01:29,1778061689,164166,12107635,5283,2726,68,0,42,在线
2026年5月6日,18:01:59,1778061719,164166,12107635,5283,2726,68,0,42,在线
2026年5月6日,18:02:29,1778061749,164166,12107635,5292,2726,68,0,42,在线
2026年5月6日,18:02:59,1778061779,164166,12107635,5292,2726,68,0,42,在线
2026年5月6日,18:03:29,1778061809,164166,12107635,5292,2726,68,0,42,在线
2026年5月6日,18:03:59,1778061839,164166,12107635,5293,2726,68,0,41,在线
2026年5月6日,18:06:59,1778062019,164166,12107635,5293,2726,68,0,41,在线
2026年5月6日,18:07:59,1778062079,164166,12107635,5208,2709,68,43.09,41,在线
2026年5月6日,18:08:29,1778062109,164166,12107635,5208,2709,68,43.09,41,在线
2026年5月6日,18:08:59,1778062139,164166,12107635,5208,2709,68,43.09,41,在线
2026年5月6日,18:09:29,1778062169,164166,12107635,5208,2709,68,43.09,41,在线
2026年5月6日,18:09:59,1778062199,164166,12107635,5208,2709,68,43.09,41,在线
2026年5月6日,18:10:29,1778062229,164166,12107635,5208,2709,68,43.09,41,在线
2026年5月6日,18:10:59,1778062259,164166,12107635,5208,2709,68,43.09,41,在线
2026年5月6日,18:11:29,1778062289,164166,12107635,5208,2709,68,43.09,41,在线
2026年5月6日,18:11:59,1778062319,164166,12107635,5208,2709,68,43.09,41,在线
2026年5月6日,18:12:29,1778062349,164166,12107635,5208,2709,68,43.09,41,在线
2026年5月6日,18:12:59,1778062379,164166,12107635,5270,2709,65,0,41,在线
2026年5月6日,18:13:29,1778062409,164166,12107635,5270,2709,65,0,41,在线
2026年5月6日,18:17:59,1778062679,164166,12107635,5279,2573,65,0,41,在线
2026年5月6日,18:18:29,1778062709,164166,12107635,5247,2573,64,9.72,41,在线
2026年5月6日,18:18:59,1778062739,164166,12107635,5247,2573,64,9.72,41,在线
2026年5月6日,18:19:29,1778062769,164166,12107635,5247,2573,64,9.72,41,在线
2026年5月6日,18:19:59,1778062799,164166,12107635,5272,2541,64,0,41,在线
2026年5月6日,18:20:59,1778062859,164166,12107635,5249,2541,64,6.21,41,在线
2026年5月6日,18:21:29,1778062889,164166,12107635,5249,2541,64,6.21,41,在线
2026年5月6日,18:21:59,1778062919,164166,12107635,5249,2541,64,6.21,41,在线
2026年5月6日,18:22:29,1778062949,164166,12107635,5249,2541,64,6.21,41,在线
2026年5月6日,18:22:59,1778062979,164166,12107635,5249,2541,64,6.21,41,在线
2026年5月6日,18:23:29,1778063009,164166,12107635,5249,2541,64,6.21,41,在线
2026年5月6日,18:23:59,1778063039,164166,12107635,5249,2541,64,6.21,41,在线
2026年5月6日,18:24:29,1778063069,164166,12107635,5249,2541,64,6.21,41,在线
2026年5月6日,18:24:59,1778063099,164166,12107635,5249,2541,64,6.21,41,在线
2026年5月6日,18:25:29,1778063129,164166,12107635,5249,2541,64,6.21,41,在线
2026年5月6日,18:25:59,1778063159,164166,12107635,5240,2267,57,0,41,在线
2026年5月6日,18:28:59,1778063339,164166,12107635,5240,2267,57,0,41,在线
2026年5月6日,18:29:29,1778063369,164166,12107635,5240,2267,57,0,41,在线
2026年5月6日,18:29:59,1778063399,164166,12107635,5240,2267,57,0,41,在线
2026年5月6日,18:30:29,1778063429,164166,12107635,5240,2267,57,0,41,在线
2026年5月6日,18:30:59,1778063459,164166,12107635,5255,2267,54,0.12,41,在线
2026年5月6日,18:31:29,1778063489,164166,12107635,5255,2267,54,0.12,41,在线
2026年5月6日,18:31:59,1778063519,164166,12107635,5255,2267,54,0.12,41,在线
2026年5月6日,18:32:29,1778063549,164166,12107635,5255,2267,54,0.12,41,在线
2026年5月6日,18:32:59,1778063579,164166,12107635,5255,2267,54,0.12,41,在线
2026年5月6日,18:33:29,1778063609,164166,12107635,5255,2267,54,0.12,41,在线
2026年5月6日,18:33:59,1778063639,164166,12107635,5255,2267,54,0.12,41,在线
2026年5月6日,18:34:29,1778063669,164166,12107635,5255,2267,54,0.12,41,在线
2026年5月6日,18:34:59,1778063699,164166,12107635,5255,2267,54,0.12,41,在线
2026年5月6日,18:35:29,1778063729,164166,12107635,5255,2267,54,0.12,41,在线
2026年5月6日,18:35:59,1778063759,164166,12107635,5131,1928,48,46.75,41,在线
2026年5月6日,18:36:29,1778063789,164166,12107635,5131,1928,48,46.75,41,在线
2026年5月6日,18:36:59,1778063819,164166,12107635,5131,1928,48,46.75,41,在线
2026年5月6日,18:37:29,1778063849,164166,12107635,5253,1928,48,0,41,在线
2026年5月6日,18:37:59,1778063879,164166,12107635,5253,1928,48,0,41,在线
2026年5月6日,18:38:29,1778063909,164166,12107635,5253,1928,48,0,41,在线
2026年5月6日,18:38:59,1778063939,164166,12107635,5165,1888,47,45.69,41,在线
2026年5月6日,18:39:29,1778063969,164166,12107635,5165,1888,47,45.69,41,在线
2026年5月6日,18:39:59,1778063999,164166,12107635,5165,1888,47,45.69,41,在线
2026年5月6日,18:40:29,1778064029,164166,12107635,5256,1888,46,0,41,在线
2026年5月6日,18:41:29,1778064089,164166,12107635,5256,1888,46,0,41,在线
2026年5月6日,18:43:29,1778064209,164166,12107635,5168,1845,46,47.23,41,在线
2026年5月6日,18:43:59,1778064239,164166,12107635,5168,1845,46,47.23,41,在线
2026年5月6日,18:44:29,1778064269,164166,12107635,5168,1845,46,47.23,41,在线
2026年5月6日,18:44:59,1778064299,164166,12107635,5168,1845,46,47.23,41,在线
2026年5月6日,18:45:29,1778064329,164166,12107635,5168,1845,46,47.23,41,在线
2026年5月6日,18:45:59,1778064359,164166,12107635,5130,1845,44,47.23,41,在线
2026年5月6日,18:46:29,1778064389,164166,12107635,5130,1845,44,47.23,41,在线
2026年5月6日,18:46:59,1778064419,164166,12107635,5130,1845,44,47.23,41,在线
2026年5月6日,18:47:29,1778064449,164166,12107635,5130,1845,44,47.23,41,在线
2026年5月6日,18:47:59,1778064479,164166,12107635,5130,1845,44,47.23,41,在线
2026年5月6日,18:48:29,1778064509,164166,12107635,5206,1845,41,0.45,41,在线
2026年5月6日,18:48:59,1778064539,164166,12107635,5206,1845,41,0.45,41,在线
2026年5月6日,18:49:29,1778064569,164166,12107635,5206,1845,41,0.45,41,在线
2026年5月6日,18:49:59,1778064599,164166,12107635,5206,1845,41,0.45,41,在线
2026年5月6日,18:50:29,1778064629,164166,12107635,5206,1845,41,0.45,41,在线
2026年5月6日,18:50:59,1778064659,164166,12107635,5206,1845,41,0.45,41,在线
2026年5月6日,18:51:29,1778064689,164166,12107635,5206,1845,41,0.45,41,在线
2026年5月6日,18:51:59,1778064719,164166,12109655,5502,3878,100,0,30,在线
2026年5月6日,18:52:59,1778064779,164166,12109655,5330,3878,100,47.77,30,在线
2026年5月6日,18:53:29,1778064809,164166,12109655,5330,3878,100,47.77,30,在线
2026年5月6日,18:53:59,1778064839,164166,12109655,5330,3878,100,47.77,30,在线
2026年5月6日,18:54:29,1778064869,164166,12109655,5330,3878,100,47.77,30,在线
2026年5月6日,18:54:59,1778064899,164166,12109655,5330,3878,100,47.77,30,在线
2026年5月6日,18:55:29,1778064929,164166,12109655,5330,3878,100,47.77,30,在线
2026年5月6日,18:55:59,1778064959,164166,12109655,5330,3878,100,47.77,30,在线
2026年5月6日,18:56:29,1778064989,164166,12109655,5330,3878,100,47.77,30,在线
2026年5月6日,18:56:59,1778065019,164166,12109655,5330,3878,100,47.77,30,在线
2026年5月6日,18:57:29,1778065049,164166,12109655,5320,3757,97,0,30,在线
2026年5月6日,18:59:59,1778065199,164166,12109655,5320,3757,97,0,30,在线
2026年5月6日,19:02:29,1778065349,164166,12109655,5234,3747,97,48.83,30,在线
2026年5月6日,19:02:59,1778065379,164166,12109655,5234,3747,97,48.83,30,在线
2026年5月6日,19:03:29,1778065409,164166,12109655,5234,3747,97,48.83,30,在线
2026年5月6日,19:03:59,1778065439,164166,12109655,5308,3728,96,0,30,在线
2026年5月6日,19:04:29,1778065469,164166,12109655,5222,3728,96,47.99,30,在线
2026年5月6日,19:04:59,1778065499,164166,12109655,5222,3728,96,47.99,30,在线
2026年5月6日,19:05:29,1778065529,164166,12109655,5222,3728,96,47.99,30,在线
2026年5月6日,19:05:59,1778065559,164166,12109655,5222,3728,96,47.99,30,在线
2026年5月6日,19:06:29,1778065589,164166,12109655,5222,3728,96,47.99,30,在线
2026年5月6日,19:06:59,1778065619,164166,12109655,5320,3728,96,47.99,30,在线
2026年5月6日,19:07:29,1778065649,164166,12109655,5320,3728,96,47.99,30,在线
2026年5月6日,19:07:59,1778065679,164166,12109655,5320,3728,96,47.99,30,在线
2026年5月6日,19:08:29,1778065709,164166,12109655,5320,3728,96,47.99,30,在线
2026年5月6日,19:08:59,1778065739,164166,12109655,5320,3728,96,47.99,30,在线
2026年5月6日,19:09:29,1778065769,164166,12109655,5306,3698,96,0.41,30,在线
2026年5月6日,19:09:59,1778065799,164166,12109655,5306,3698,96,0.41,30,在线
2026年5月6日,19:11:59,1778065919,164166,12109655,5229,3691,95,48.84,30,在线
2026年5月6日,19:12:30,1778065950,164166,12109655,5229,3691,95,48.84,30,在线
2026年5月6日,19:12:59,1778065979,164166,12109655,5229,3691,95,48.84,30,在线
2026年5月6日,19:13:29,1778066009,164166,12109655,5229,3691,95,48.84,30,在线
2026年5月6日,19:14:07,1778066047,164166,12109655,5229,3691,95,48.84,30,在线
2026年5月6日,19:14:29,1778066069,164166,12109655,5302,3691,94,48.84,30,在线
2026年5月6日,19:15:00,1778066100,164166,12109655,5302,3691,94,48.84,30,在线
2026年5月6日,19:15:29,1778066129,164166,12109655,5302,3691,94,48.84,30,在线
2026年5月6日,19:15:59,1778066159,164166,12109655,5302,3691,94,48.84,30,在线
2026年5月6日,19:16:29,1778066189,164166,12109655,5302,3691,94,48.84,30,在线
2026年5月6日,19:17:29,1778066249,164166,12109655,5238,3691,92,31.04,31,在线
2026年5月6日,19:17:59,1778066279,164166,12109655,5238,3691,92,31.04,31,在线
2026年5月6日,19:18:29,1778066309,164166,12109655,5238,3691,92,31.04,31,在线
2026年5月6日,19:18:59,1778066339,164166,12109655,5238,3691,92,31.04,31,在线
2026年5月6日,19:19:33,1778066373,164166,12109655,5238,3691,92,31.04,31,在线
2026年5月6日,19:19:59,1778066399,164166,12109655,5238,3691,92,31.04,31,在线
2026年5月6日,19:20:29,1778066429,164166,12109655,5238,3691,92,31.04,31,在线
2026年5月6日,19:20:59,1778066459,164166,12109655,5238,3691,92,31.04,31,在线
2026年5月6日,19:21:29,1778066489,164166,12109655,5238,3691,92,31.04,31,在线
2026年5月6日,19:21:59,1778066519,164166,12109655,5316,3445,89,0.67,31,在线
2026年5月6日,19:22:29,1778066549,164166,12109655,5316,3445,89,0.67,31,在线
2026年5月6日,19:22:59,1778066579,164166,12109655,5316,3445,89,0.67,31,在线
2026年5月6日,19:23:29,1778066609,164166,12109655,5316,3445,89,0.67,31,在线
2026年5月6日,19:23:59,1778066639,164166,12109655,5316,3445,89,0.67,31,在线
2026年5月6日,19:24:29,1778066669,164166,12109655,5316,3445,89,0.67,31,在线
2026年5月6日,19:24:59,1778066699,164166,12109655,5316,3445,89,0.67,31,在线
2026年5月6日,19:25:29,1778066729,164166,12109655,5316,3445,89,0.67,31,在线
2026年5月6日,19:25:59,1778066759,164166,12109655,5316,3445,89,0.67,31,在线
2026年5月6日,19:26:29,1778066789,164166,12109655,5316,3445,89,0.67,31,在线
2026年5月6日,19:26:59,1778066819,164166,12109655,5306,3445,85,0.45,32,在线
2026年5月6日,19:27:29,1778066849,164166,12109655,5306,3445,85,0.45,32,在线
2026年5月6日,19:27:59,1778066879,164166,12109655,5315,3266,84,0,32,在线
2026年5月6日,19:29:59,1778066999,164166,12109655,5315,3266,84,0,32,在线
2026年5月6日,19:30:29,1778067029,164166,12109655,5212,3266,84,48.88,32,在线
2026年5月6日,19:30:59,1778067059,164166,12109655,5212,3266,84,48.88,32,在线
2026年5月6日,19:31:29,1778067089,164166,12109655,5212,3266,84,48.88,32,在线
2026年5月6日,19:31:59,1778067119,164166,12109655,5212,3266,84,48.88,32,在线
2026年5月6日,19:32:29,1778067149,164166,12109655,5318,3226,83,0,32,在线
2026年5月6日,19:39:29,1778067569,164166,12109655,5226,3214,83,47.55,32,在线
2026年5月6日,19:39:59,1778067599,164166,12109655,5226,3214,83,47.55,32,在线
2026年5月6日,19:40:29,1778067629,164166,12109655,5226,3214,83,47.55,32,在线
2026年5月6日,19:40:59,1778067659,164166,12109655,5226,3214,83,47.55,32,在线
2026年5月6日,19:41:29,1778067689,164166,12109655,5226,3214,83,47.55,32,在线
2026年5月6日,19:41:59,1778067719,164166,12109655,5226,3214,83,47.55,32,在线
2026年5月6日,19:42:29,1778067749,164166,12109655,5226,3214,83,47.55,32,在线
2026年5月6日,19:43:01,1778067781,164166,12109655,5226,3214,83,47.55,32,在线
2026年5月6日,19:43:32,1778067812,164166,12109655,5226,3214,83,47.55,32,在线
2026年5月6日,19:43:59,1778067839,164166,12109655,5226,3214,83,47.55,32,在线
2026年5月6日,19:44:29,1778067869,164166,12109655,5267,3214,79,0,32,在线
2026年5月6日,19:44:59,1778067899,164166,12109655,5267,3214,79,0,32,在线
2026年5月6日,19:45:32,1778067932,164166,12109655,5267,3214,79,0,32,在线
2026年5月6日,19:45:59,1778067959,164166,12109655,5267,3214,79,0,32,在线
2026年5月6日,19:46:33,1778067993,164166,12109655,5267,3214,79,0,32,在线
2026年5月6日,19:47:00,1778068020,164166,12109655,5267,3214,79,0,32,在线
2026年5月6日,19:47:29,1778068049,164166,12109655,5267,3214,79,0,32,在线
2026年5月6日,19:47:59,1778068079,164166,12109655,5293,2978,77,0,33,在线
2026年5月6日,19:49:59,1778068199,164166,12109655,5209,2978,77,30.05,33,在线
2026年5月6日,19:50:29,1778068229,164166,12109655,5209,2978,77,30.05,33,在线
2026年5月6日,19:51:00,1778068260,164166,12109655,5209,2978,77,30.05,33,在线
2026年5月6日,19:51:30,1778068290,164166,12109655,5209,2978,77,30.05,33,在线
2026年5月6日,19:51:59,1778068319,164166,12109655,5209,2978,77,30.05,33,在线
2026年5月6日,19:52:30,1778068350,164166,12109655,5209,2978,77,30.05,33,在线
2026年5月6日,19:52:59,1778068379,164166,12109655,5209,2978,77,30.05,33,在线
2026年5月6日,19:53:30,1778068410,164166,12109655,5209,2978,77,30.05,33,在线
2026年5月6日,19:53:59,1778068439,164166,12109655,5209,2978,77,30.05,33,在线
2026年5月6日,19:54:29,1778068469,164166,12109655,5209,2978,77,30.05,33,在线
2026年5月6日,19:55:00,1778068500,164166,12109655,5145,2793,72,47.38,33,在线
2026年5月6日,19:55:29,1778068529,164166,12109655,5145,2793,72,47.38,33,在线
2026年5月6日,19:55:59,1778068559,164166,12109655,5145,2793,72,47.38,33,在线
2026年5月6日,19:56:29,1778068589,164166,12109655,5145,2793,72,47.38,33,在线
2026年5月6日,19:57:00,1778068620,164166,12109655,5145,2793,72,47.38,33,在线
2026年5月6日,19:57:29,1778068649,164166,12109655,5145,2793,72,47.38,33,在线
2026年5月6日,19:57:59,1778068679,164166,12109655,5145,2793,72,47.38,33,在线
2026年5月6日,19:58:29,1778068709,164166,12109655,5145,2793,72,47.38,33,在线
2026年5月6日,19:58:59,1778068739,164166,12109655,5145,2793,72,47.38,33,在线
2026年5月6日,19:59:29,1778068769,164166,12109655,5145,2793,72,47.38,33,在线
2026年5月6日,19:59:59,1778068799,164166,12109655,5174,2793,68,47.9,33,在线
2026年5月6日,20:00:29,1778068829,164166,12109655,5174,2793,68,47.9,33,在线
2026年5月6日,20:01:02,1778068862,164166,12109655,5174,2793,68,47.9,33,在线
2026年5月6日,20:01:29,1778068889,164166,12109655,5265,2634,68,0,33,在线
2026年5月6日,20:09:59,1778069399,164166,12109655,5273,2634,68,0,33,在线
2026年5月6日,20:10:59,1778069459,164166,12109655,5178,2618,68,35.29,33,在线
2026年5月6日,20:11:29,1778069489,164166,12109655,5178,2618,68,35.29,33,在线
2026年5月6日,20:12:00,1778069520,164166,12109655,5178,2618,68,35.29,33,在线
2026年5月6日,20:12:29,1778069549,164166,12109655,5178,2618,68,35.29,33,在线
2026年5月6日,20:13:00,1778069580,164166,12109655,5178,2618,68,35.29,33,在线
2026年5月6日,20:13:29,1778069609,164166,12109655,5178,2618,68,35.29,33,在线
2026年5月6日,20:13:59,1778069639,164166,12109655,5178,2618,68,35.29,33,在线
2026年5月6日,20:14:34,1778069674,164166,12109655,5178,2618,68,35.29,33,在线
2026年5月6日,20:15:32,1778069732,164166,12109655,5178,2618,68,35.29,33,在线
2026年5月6日,20:15:59,1778069759,164166,12109655,5245,2618,65,0,33,在线
2026年5月6日,20:16:29,1778069789,164166,12109655,5245,2618,65,0,33,在线
2026年5月6日,20:16:59,1778069819,164166,12109655,5245,2618,65,0,33,在线
2026年5月6日,20:17:29,1778069849,164166,12109655,5245,2618,65,0,33,在线
2026年5月6日,20:18:01,1778069881,164166,12109655,5245,2618,65,0,33,在线
2026年5月6日,20:18:29,1778069909,164166,12109655,5245,2618,65,0,33,在线
2026年5月6日,20:18:59,1778069939,164166,12109655,5245,2618,65,0,33,在线
2026年5月6日,20:19:29,1778069969,164166,12109655,5245,2618,65,0,33,在线
2026年5月6日,20:19:59,1778069999,164166,12109655,5245,2618,65,0,33,在线
2026年5月6日,20:20:34,1778070034,164166,12109655,5245,2618,65,0,33,在线
2026年5月6日,20:20:59,1778070059,164166,12109655,5125,2297,59,48.78,33,在线
2026年5月6日,20:21:34,1778070094,164166,12109655,5125,2297,59,48.78,33,在线
2026年5月6日,20:21:59,1778070119,164166,12109655,5125,2297,59,48.78,33,在线
2026年5月6日,20:22:29,1778070149,164166,12109655,5125,2297,59,48.78,33,在线
2026年5月6日,20:22:59,1778070179,164166,12109655,5125,2297,59,48.78,33,在线
2026年5月6日,20:23:32,1778070212,164166,12109655,5125,2297,59,48.78,33,在线
2026年5月6日,20:23:59,1778070239,164166,12109655,5125,2297,59,48.78,33,在线
2026年5月6日,20:24:29,1778070269,164166,12109655,5259,2297,58,0,33,在线
2026年5月6日,20:24:59,1778070299,164166,12109655,5259,2297,58,0,33,在线
2026年5月6日,20:25:30,1778070330,164166,12109655,5157,2225,58,46.68,33,在线
2026年5月6日,20:26:03,1778070363,164166,12109655,5157,2225,58,46.68,33,在线
2026年5月6日,20:26:29,1778070389,164166,12109655,5157,2225,58,46.68,33,在线
2026年5月6日,20:26:59,1778070419,164166,12109655,5157,2225,58,46.68,33,在线
2026年5月6日,20:27:32,1778070452,164166,12109655,5157,2225,58,46.68,33,在线
2026年5月6日,20:27:59,1778070479,164166,12109655,5157,2225,58,46.68,33,在线
2026年5月6日,20:28:29,1778070509,164166,12109655,5157,2225,58,46.68,33,在线
2026年5月6日,20:28:59,1778070539,164166,12109655,5157,2225,58,46.68,33,在线
2026年5月6日,20:29:30,1778070570,164166,12109655,5157,2225,58,46.68,33,在线
2026年5月6日,20:30:01,1778070601,164166,12109655,5157,2225,58,46.68,33,在线
2026年5月6日,20:30:29,1778070629,164166,12109655,5226,2225,53,0,33,在线
2026年5月6日,20:30:59,1778070659,164166,12109655,5226,2225,53,0,33,在线
2026年5月6日,20:31:29,1778070689,164166,12109655,5253,2060,53,0,33,在线
2026年5月6日,20:34:29,1778070869,164166,12109655,5194,2060,53,30.46,33,在线
2026年5月6日,20:35:00,1778070900,164166,12109655,5194,2060,53,30.46,33,在线
2026年5月6日,20:35:29,1778070929,164166,12109655,5194,2060,53,30.46,33,在线
2026年5月6日,20:35:59,1778070959,164166,12109655,5194,2060,53,30.46,33,在线
2026年5月6日,20:36:29,1778070989,164166,12109655,5194,2060,53,30.46,33,在线
2026年5月6日,20:36:59,1778071019,164166,12109655,5128,2060,51,30.46,33,在线
2026年5月6日,20:37:29,1778071049,164166,12109655,5128,2060,51,30.46,33,在线
2026年5月6日,20:38:01,1778071081,164166,12109655,5128,2060,51,30.46,33,在线
2026年5月6日,20:38:29,1778071109,164166,12109655,5128,2060,51,30.46,33,在线
2026年5月6日,20:38:59,1778071139,164166,12109655,5251,1934,50,0,33,在线
2026年5月6日,20:39:59,1778071199,164166,12109655,5226,1934,50,6.14,33,在线
2026年5月6日,20:40:29,1778071229,164166,12109655,5226,1934,50,6.14,33,在线
2026年5月6日,20:40:59,1778071259,164166,12109655,5226,1934,50,6.14,33,在线
2026年5月6日,20:41:29,1778071289,164166,12109655,5226,1934,50,6.14,33,在线
2026年5月6日,20:42:00,1778071320,164166,12109655,5226,1934,50,6.14,33,在线
2026年5月6日,20:42:29,1778071349,164166,12109655,5226,1934,50,6.14,33,在线
2026年5月6日,20:42:59,1778071379,164166,12109655,5226,1934,50,6.14,33,在线
2026年5月6日,20:43:29,1778071409,164166,12109655,5226,1934,50,6.14,33,在线
2026年5月6日,20:43:59,1778071439,164166,12109655,5226,1934,50,6.14,33,在线
2026年5月6日,20:44:29,1778071469,164166,12109655,5226,1934,50,6.14,33,在线
2026年5月6日,20:44:59,1778071499,164166,12109655,5130,1770,46,39.11,33,在线
2026年5月6日,20:45:31,1778071531,164166,12109655,5130,1770,46,39.11,33,在线
2026年5月6日,20:45:59,1778071559,164166,12109655,5130,1770,46,39.11,33,在线
2026年5月6日,20:46:29,1778071589,164166,12109655,5130,1770,46,39.11,33,在线
2026年5月6日,20:46:59,1778071619,164166,12109655,5130,1770,46,39.11,33,在线
2026年5月6日,20:47:29,1778071649,164166,12109655,5130,1770,46,39.11,33,在线
2026年5月6日,20:47:59,1778071679,164166,12109655,5130,1770,46,39.11,33,在线
2026年5月6日,20:48:29,1778071709,164166,12109655,5130,1770,46,39.11,33,在线
2026年5月6日,20:48:59,1778071739,164166,12109655,5130,1770,46,39.11,33,在线
2026年5月6日,20:49:29,1778071769,164166,12109655,5130,1770,46,39.11,33,在线
2026年5月6日,20:49:59,1778071799,164166,12109655,5203,1770,42,2.27,34,在线
2026年5月6日,20:50:32,1778071832,164166,12109655,5203,1770,42,2.27,34,在线
2026年5月6日,20:51:04,1778071864,164166,12109655,5203,1770,42,2.27,34,在线
2026年5月6日,20:51:59,1778071919,164166,12109655,5203,1770,42,2.27,34,在线
2026年5月6日,20:52:29,1778071949,164166,12109655,5224,1553,40,-2.75,34,在线
2026年5月6日,20:52:59,1778071979,164166,12109851,5615,3736,100,0,39,在线
2026年5月6日,20:53:29,1778072009,164166,12109851,5541,3732,100,4.1,39,在线
2026年5月6日,20:53:59,1778072039,164166,12109851,5541,3732,100,4.1,39,在线
2026年5月6日,20:54:29,1778072069,164166,12109851,5541,3732,100,4.1,39,在线
2026年5月6日,20:54:59,1778072099,164166,12109851,5541,3732,100,4.1,39,在线
2026年5月6日,20:55:29,1778072129,164166,12109851,5503,3732,100,0,39,在线
2026年5月6日,20:58:29,1778072309,164166,12109851,5497,3732,100,0,39,在线
2026年5月6日,20:59:59,1778072399,164166,12109851,5497,3732,100,0,39,在线
2026年5月6日,21:00:29,1778072429,164166,12109851,5486,3718,100,0,39,在线
2026年5月6日,21:05:29,1778072729,164166,12109851,5469,3718,100,0,38,在线
2026年5月6日,21:08:00,1778072880,164166,12109851,5463,3718,99,0,38,在线
2026年5月6日,21:08:29,1778072909,164166,12109851,5358,3708,99,47.9,38,在线
2026年5月6日,21:08:59,1778072939,164166,12109851,5358,3708,99,47.9,38,在线
2026年5月6日,21:09:34,1778072974,164166,12109851,5358,3708,99,47.9,38,在线
2026年5月6日,21:09:59,1778072999,164166,12109851,5358,3708,99,47.9,38,在线
2026年5月6日,21:10:29,1778073029,164166,12109851,5358,3708,99,47.9,38,在线
2026年5月6日,21:11:01,1778073061,164166,12109851,5333,3708,98,47.9,38,在线
2026年5月6日,21:11:30,1778073090,164166,12109851,5333,3708,98,47.9,38,在线
2026年5月6日,21:11:59,1778073119,164166,12109851,5333,3708,98,47.9,38,在线
2026年5月6日,21:12:59,1778073179,164166,12109851,5241,3634,97,49.51,38,在线
2026年5月6日,21:13:31,1778073211,164166,12109851,5241,3634,97,49.51,38,在线
2026年5月6日,21:13:59,1778073239,164166,12109851,5241,3634,97,49.51,38,在线
2026年5月6日,21:14:29,1778073269,164166,12109851,5241,3634,97,49.51,38,在线
2026年5月6日,21:15:04,1778073304,164166,12109851,5241,3634,97,49.51,38,在线
2026年5月6日,21:15:29,1778073329,164166,12109851,5241,3634,97,49.51,38,在线
2026年5月6日,21:15:59,1778073359,164166,12109851,5241,3634,97,49.51,38,在线
2026年5月6日,21:16:29,1778073389,164166,12109851,5241,3634,97,49.51,38,在线
2026年5月6日,21:16:59,1778073419,164166,12109851,5241,3634,97,49.51,38,在线
2026年5月6日,21:17:29,1778073449,164166,12109851,5241,3634,97,49.51,38,在线
2026年5月6日,21:18:00,1778073480,164166,12109851,5225,3634,93,48.32,38,在线
2026年5月6日,21:18:29,1778073509,164166,12109851,5225,3634,93,48.32,38,在线
2026年5月6日,21:19:00,1778073540,164166,12109851,5225,3634,93,48.32,38,在线
2026年5月6日,21:19:29,1778073569,164166,12109851,5225,3634,93,48.32,38,在线
2026年5月6日,21:19:59,1778073599,164166,12109851,5225,3634,93,48.32,38,在线
2026年5月6日,21:20:29,1778073629,164166,12109851,5225,3634,93,48.32,38,在线
2026年5月6日,21:20:59,1778073659,164166,12109851,5225,3634,93,48.32,38,在线
2026年5月6日,21:21:29,1778073689,164166,12109851,5225,3634,93,48.32,38,在线
2026年5月6日,21:22:00,1778073720,164166,12109851,5225,3634,93,48.32,38,在线
2026年5月6日,21:22:29,1778073749,164166,12109851,5225,3634,93,48.32,38,在线
2026年5月6日,21:23:03,1778073783,164166,12109851,5323,3278,88,0,39,在线
2026年5月6日,21:23:30,1778073810,164166,12109851,5323,3278,88,0,39,在线
2026年5月6日,21:23:59,1778073839,164166,12109851,5239,3271,88,48.14,39,在线
2026年5月6日,21:24:29,1778073869,164166,12109851,5239,3271,88,48.14,39,在线
2026年5月6日,21:24:59,1778073899,164166,12109851,5239,3271,88,48.14,39,在线
2026年5月6日,21:25:33,1778073933,164166,12109851,5239,3271,88,48.14,39,在线
2026年5月6日,21:25:59,1778073959,164166,12109851,5239,3271,88,48.14,39,在线
2026年5月6日,21:26:30,1778073990,164166,12109851,5239,3271,88,48.14,39,在线
2026年5月6日,21:26:59,1778074019,164166,12109851,5239,3271,88,48.14,39,在线
2026年5月6日,21:27:29,1778074049,164166,12109851,5239,3271,88,48.14,39,在线
2026年5月6日,21:27:59,1778074079,164166,12109851,5239,3271,88,48.14,39,在线
2026年5月6日,21:28:29,1778074109,164166,12109851,5239,3271,88,48.14,39,在线
2026年5月6日,21:28:59,1778074139,164166,12109851,5319,3271,83,0.51,39,在线
2026年5月6日,21:29:29,1778074169,164166,12109851,5321,3100,83,0,39,在线
2026年5月6日,21:29:59,1778074199,164166,12109851,5285,3100,83,12.7,39,在线
2026年5月6日,21:30:29,1778074229,164166,12109851,5285,3100,83,12.7,39,在线
2026年5月6日,21:30:59,1778074259,164166,12109851,5285,3100,83,12.7,39,在线
2026年5月6日,21:31:29,1778074289,164166,12109851,5285,3100,83,12.7,39,在线
2026年5月6日,21:31:59,1778074319,164166,12109851,5285,3100,83,12.7,39,在线
2026年5月6日,21:32:29,1778074349,164166,12109851,5285,3100,83,12.7,39,在线
2026年5月6日,21:32:59,1778074379,164166,12109851,5285,3100,83,12.7,39,在线
2026年5月6日,21:33:29,1778074409,164166,12109851,5285,3100,83,12.7,39,在线
2026年5月6日,21:33:59,1778074439,164166,12109851,5322,3037,81,0,39,在线
2026年5月6日,21:34:59,1778074499,164166,12109851,5235,3037,81,47.23,39,在线
2026年5月6日,21:35:29,1778074529,164166,12109851,5235,3037,81,47.23,39,在线
2026年5月6日,21:35:59,1778074559,164166,12109851,5235,3037,81,47.23,39,在线
2026年5月6日,21:36:29,1778074589,164166,12109851,5322,3021,81,0,39,在线
2026年5月6日,21:39:59,1778074799,164166,12109851,5326,3021,81,0,39,在线
2026年5月6日,21:40:59,1778074859,164166,12109851,5236,3021,81,51.69,39,在线
2026年5月6日,21:41:29,1778074889,164166,12109851,5236,3021,81,51.69,39,在线
2026年5月6日,21:41:59,1778074919,164166,12109851,5236,3021,81,51.69,39,在线
2026年5月6日,21:42:29,1778074949,164166,12109851,5236,3021,81,51.69,39,在线
2026年5月6日,21:43:00,1778074980,164166,12109851,5236,3021,81,51.69,39,在线
2026年5月6日,21:43:29,1778075009,164166,12109851,5236,3021,81,51.69,39,在线
2026年5月6日,21:43:59,1778075039,164166,12109851,5236,3021,81,51.69,39,在线
2026年5月6日,21:44:29,1778075069,164166,12109851,5236,3021,81,51.69,39,在线
2026年5月6日,21:44:59,1778075099,164166,12109851,5236,3021,81,51.69,39,在线
2026年5月6日,21:45:29,1778075129,164166,12109851,5236,3021,81,51.69,39,在线
2026年5月6日,21:45:59,1778075159,164166,12109851,5236,3021,81,51.69,39,在线
2026年5月6日,21:46:29,1778075189,164166,12109851,5236,3021,81,51.69,39,在线
2026年5月6日,21:47:03,1778075223,164166,12109851,5236,3021,81,51.69,39,在线
2026年5月6日,21:47:29,1778075249,164166,12109851,5236,3021,81,51.69,39,在线
2026年5月6日,21:47:59,1778075279,164166,12109851,5236,3021,81,51.69,39,在线
2026年5月6日,21:48:29,1778075309,164166,12109851,5236,3021,81,51.69,39,在线
2026年5月6日,21:48:59,1778075339,164166,12109851,5236,3021,81,51.69,39,在线
2026年5月6日,21:49:29,1778075369,164166,12109851,5236,3021,81,51.69,39,在线
2026年5月6日,21:49:59,1778075399,164166,12109851,5236,3021,81,51.69,39,在线
2026年5月6日,21:50:29,1778075429,164166,12109851,5236,3021,81,51.69,39,在线
2026年5月6日,21:51:00,1778075460,164166,12109851,5236,3021,81,51.69,39,在线
2026年5月6日,21:51:29,1778075489,164166,12109851,5236,3021,81,51.69,39,在线
2026年5月6日,21:51:59,1778075519,164166,12109851,5236,3021,81,51.69,39,在线
2026年5月6日,21:52:29,1778075549,164166,12109851,5236,3021,81,51.69,39,在线
2026年5月6日,21:53:03,1778075583,164166,12109851,5236,3021,81,51.69,39,在线
2026年5月6日,21:53:29,1778075609,164166,12109851,5236,3021,81,51.69,39,在线
2026年5月6日,21:53:59,1778075639,164166,12109851,5236,3021,81,51.69,39,在线
2026年5月6日,21:54:29,1778075669,164166,12109851,5236,3021,81,51.69,39,在线
2026年5月6日,21:54:59,1778075699,164166,12109851,5236,3021,81,51.69,39,在线
2026年5月6日,21:55:30,1778075730,164166,12109851,5236,3021,81,51.69,39,在线
2026年5月6日,21:55:59,1778075759,164166,12109851,5236,3021,81,51.69,39,在线
2026年5月6日,21:56:29,1778075789,164166,12109851,5236,3021,81,51.69,39,在线
2026年5月6日,21:56:59,1778075819,164166,12109851,5236,3021,81,51.69,39,在线
2026年5月6日,21:57:29,1778075849,164166,12109851,5236,3021,81,51.69,39,在线
2026年5月6日,21:58:00,1778075880,164166,12109851,5236,3021,81,51.69,39,在线
2026年5月6日,21:58:29,1778075909,164166,12109851,5236,3021,81,51.69,39,在线
2026年5月6日,21:58:59,1778075939,164166,12109851,5236,3021,81,51.69,39,在线
2026年5月6日,21:59:29,1778075969,164166,12109851,5236,3021,81,51.69,39,在线
2026年5月6日,22:00:01,1778076001,164166,12109851,5236,3021,81,51.69,39,在线
2026年5月6日,22:00:29,1778076029,164166,12109851,5236,3021,81,51.69,39,在线
2026年5月6日,22:01:00,1778076060,164166,12109851,5236,3021,81,51.69,39,在线
2026年5月6日,22:01:29,1778076089,164166,12109851,5236,3021,81,51.69,39,在线
2026年5月6日,22:01:59,1778076119,164166,12109851,5236,3021,81,51.69,39,在线
2026年5月6日,22:02:29,1778076149,164166,12109851,5236,3021,81,51.69,39,在线
2026年5月6日,22:02:59,1778076179,164166,12109851,5236,3021,81,51.69,39,在线
2026年5月6日,22:03:29,1778076209,164166,12109851,5236,3021,81,51.69,39,在线
2026年5月6日,22:03:59,1778076239,164166,12109851,5236,3021,81,51.69,39,在线
2026年5月6日,22:04:29,1778076269,164166,12109851,5236,3021,81,51.69,39,在线
2026年5月6日,22:04:59,1778076299,164166,12109851,5236,3021,81,51.69,39,在线
2026年5月6日,22:05:29,1778076329,164166,12109851,5236,3021,81,51.69,39,在线
2026年5月6日,22:05:59,1778076359,164166,12109851,5236,3021,81,51.69,39,在线
2026年5月6日,22:06:29,1778076389,164166,12109851,5236,3021,81,51.69,39,在线
2026年5月6日,22:06:59,1778076419,164166,12109851,5236,3021,81,51.69,39,在线
2026年5月6日,22:07:29,1778076449,164166,12109851,5236,3021,81,51.69,39,在线
2026年5月6日,22:07:59,1778076479,164166,12109851,5236,3021,81,51.69,39,在线
2026年5月6日,22:08:29,1778076509,164166,12109851,5236,3021,81,51.69,39,在线
2026年5月6日,22:09:00,1778076540,164166,12109851,5236,3021,81,51.69,39,在线
2026年5月6日,22:09:29,1778076569,164166,12109851,5236,3021,81,51.69,39,在线
2026年5月6日,22:09:59,1778076599,164166,12109851,5236,3021,81,51.69,39,在线
2026年5月6日,22:10:29,1778076629,164166,12109851,5236,3021,81,51.69,39,在线
2026年5月6日,22:10:59,1778076659,164166,12109851,5236,3021,81,51.69,39,在线
2026年5月6日,22:11:29,1778076689,164166,12109851,5236,3021,81,51.69,39,在线
2026年5月6日,22:11:59,1778076719,164166,12109851,5236,3021,81,51.69,39,在线
2026年5月6日,22:12:29,1778076749,164166,12109851,5236,3021,81,51.69,39,在线
2026年5月6日,22:12:59,1778076779,164166,12109851,5236,3021,81,51.69,39,在线
2026年5月6日,22:13:29,1778076809,164166,12109851,5236,3021,81,51.69,39,在线
2026年5月6日,22:13:59,1778076839,164166,12109851,5236,3021,81,51.69,39,在线
2026年5月6日,22:14:29,1778076869,164166,12109851,5236,3021,81,51.69,39,在线
2026年5月6日,22:14:59,1778076899,164166,12109851,5236,3021,81,51.69,39,在线
2026年5月6日,22:15:29,1778076929,164166,12109851,5236,3021,81,51.69,39,在线
2026年5月6日,22:15:59,1778076959,164166,12109851,5236,3021,81,51.69,39,在线
2026年5月6日,22:16:29,1778076989,164166,12109851,5236,3021,81,51.69,39,在线
2026年5月6日,22:16:59,1778077019,164166,12109851,5236,3021,81,51.69,39,在线
2026年5月6日,22:17:29,1778077049,164166,12109851,5236,3021,81,51.69,39,在线
2026年5月6日,22:17:59,1778077079,164166,12109851,5236,3021,81,51.69,39,在线
2026年5月6日,22:18:29,1778077109,164166,12109851,5236,3021,81,51.69,39,在线
2026年5月6日,22:18:59,1778077139,164166,12109851,5236,3021,81,51.69,39,在线
2026年5月6日,22:19:29,1778077169,164166,12109851,5236,3021,81,51.69,39,在线
2026年5月6日,22:20:01,1778077201,164166,12109851,5236,3021,81,51.69,39,在线
2026年5月6日,22:20:29,1778077229,164166,12109851,5236,3021,81,51.69,39,在线
2026年5月6日,22:20:59,1778077259,164166,12109851,5236,3021,81,51.69,39,在线
2026年5月6日,22:21:29,1778077289,164166,12109851,5236,3021,81,51.69,39,在线
2026年5月6日,22:21:59,1778077319,164166,12109851,5236,3021,81,51.69,39,在线
2026年5月6日,22:22:29,1778077349,164166,12109851,5236,3021,81,51.69,39,在线
2026年5月6日,22:22:59,1778077379,164166,12109851,5236,3021,81,51.69,39,在线
2026年5月6日,22:23:29,1778077409,164166,12109851,5236,3021,81,51.69,39,在线
2026年5月6日,22:23:59,1778077439,164166,12109851,5236,3021,81,51.69,39,在线
2026年5月6日,22:24:29,1778077469,164166,12109851,5236,3021,81,51.69,39,在线
2026年5月6日,22:24:59,1778077499,164166,12109851,5236,3021,81,51.69,39,在线
2026年5月6日,22:25:29,1778077529,164166,12109851,5236,3021,81,51.69,39,在线
2026年5月6日,22:25:59,1778077559,164166,12109851,5236,3021,81,51.69,39,在线
2026年5月6日,22:26:29,1778077589,164166,12109851,5236,3021,81,51.69,39,在线
2026年5月6日,22:26:59,1778077619,164166,12109851,5236,3021,81,51.69,39,在线
2026年5月6日,22:27:29,1778077649,164166,12109851,5236,3021,81,51.69,39,在线
2026年5月6日,22:27:59,1778077679,164166,12109851,5236,3021,81,51.69,39,在线
2026年5月6日,22:28:29,1778077709,164166,12109851,5236,3021,81,51.69,39,在线
2026年5月6日,22:29:03,1778077743,164166,12109851,5236,3021,81,51.69,39,在线
2026年5月6日,22:29:59,1778077799,164166,12109851,5236,3021,81,51.69,39,在线
2026年5月6日,22:30:29,1778077829,164166,12109851,5236,3021,81,51.69,39,在线
2026年5月6日,22:31:01,1778077861,164166,12109851,5236,3021,81,51.69,39,在线
2026年5月6日,22:31:29,1778077889,164166,12109851,5236,3021,81,51.69,39,在线
2026年5月6日,22:32:00,1778077920,164166,12109851,5236,3021,81,51.69,39,在线
2026年5月6日,22:32:32,1778077952,164166,12109851,5236,3021,81,51.69,39,在线
2026年5月6日,22:32:59,1778077979,164166,12109851,5236,3021,81,51.69,39,在线
2026年5月6日,22:33:29,1778078009,164166,12109851,5236,3021,81,51.69,39,在线
2026年5月6日,22:33:59,1778078039,164166,12109851,5236,3021,81,51.69,39,在线
2026年5月6日,22:34:34,1778078074,164166,12109851,5236,3021,81,51.69,39,在线
2026年5月6日,22:34:59,1778078099,164166,12109851,5236,3021,81,51.69,39,在线
2026年5月6日,22:35:29,1778078129,164166,12109851,5236,3021,81,51.69,39,在线
2026年5月6日,22:35:59,1778078159,164166,12109851,5236,3021,81,51.69,39,在线
2026年5月6日,22:36:29,1778078189,164166,12109851,5236,3021,81,51.69,39,在线
2026年5月6日,22:36:59,1778078219,164166,12109851,5236,3021,81,51.69,39,在线
2026年5月6日,22:37:33,1778078253,164166,12109851,5236,3021,81,51.69,39,在线
2026年5月6日,22:37:59,1778078279,164166,12109851,5236,3021,81,51.69,39,在线
2026年5月6日,22:38:29,1778078309,164166,12109851,5236,3021,81,51.69,39,在线
2026年5月6日,22:38:59,1778078339,164166,12109851,5236,3021,81,51.69,39,在线
2026年5月6日,22:39:31,1778078371,164166,12109851,5236,3021,81,51.69,39,在线
2026年5月6日,22:39:59,1778078399,164166,12109851,5236,3021,81,51.69,39,在线
2026年5月6日,22:40:31,1778078431,164166,12109851,5236,3021,81,51.69,39,在线
2026年5月6日,22:41:01,1778078461,164166,12109851,5236,3021,81,51.69,39,离线
2026年5月6日,22:41:30,1778078490,164166,12109851,5236,3021,81,51.69,39,离线
2026年5月6日,22:42:29,1778078549,164166,12109851,5236,3021,81,51.69,39,离线
2026年5月6日,22:42:59,1778078579,164166,12109851,5236,3021,81,51.69,39,离线
2026年5月6日,22:43:32,1778078612,164166,12109851,5236,3021,81,51.69,39,离线
2026年5月6日,22:43:59,1778078639,164166,12109851,5236,3021,81,51.69,39,离线
2026年5月6日,22:44:29,1778078669,164166,12109851,5236,3021,81,51.69,39,离线
2026年5月6日,22:44:59,1778078699,164166,12109851,5236,3021,81,51.69,39,离线
2026年5月6日,22:45:29,1778078729,164166,12109851,5236,3021,81,51.69,39,离线
2026年5月6日,22:45:59,1778078759,164166,12109851,5236,3021,81,51.69,39,离线
2026年5月6日,22:46:29,1778078789,164166,12109851,5236,3021,81,51.69,39,离线
2026年5月6日,22:47:02,1778078822,164166,12109851,5236,3021,81,51.69,39,离线
2026年5月6日,22:47:29,1778078849,164166,12109851,5236,3021,81,51.69,39,离线
2026年5月6日,22:48:00,1778078880,164166,12109851,5236,3021,81,51.69,39,离线
2026年5月6日,22:48:29,1778078909,164166,12109851,5236,3021,81,51.69,39,离线
2026年5月6日,22:49:04,1778078944,164166,12109851,5236,3021,81,51.69,39,离线
2026年5月6日,22:49:29,1778078969,164166,12109851,5236,3021,81,51.69,39,离线
2026年5月6日,22:49:59,1778078999,164166,12109851,5236,3021,81,51.69,39,离线
2026年5月6日,22:50:29,1778079029,164166,12109851,5236,3021,81,51.69,39,离线
2026年5月6日,22:50:59,1778079059,164166,12109851,5236,3021,81,51.69,39,离线
2026年5月6日,22:51:29,1778079089,164166,12109851,5236,3021,81,51.69,39,离线
2026年5月6日,22:51:59,1778079119,164166,12109851,5236,3021,81,51.69,39,离线
2026年5月6日,22:52:29,1778079149,164166,12109851,5236,3021,81,51.69,39,离线
2026年5月6日,22:52:59,1778079179,164166,12109851,5236,3021,81,51.69,39,离线
2026年5月6日,22:53:29,1778079209,164166,12109851,5236,3021,81,51.69,39,离线
2026年5月6日,22:53:59,1778079239,164166,12109851,5236,3021,81,51.69,39,离线
2026年5月6日,22:54:29,1778079269,164166,12109851,5236,3021,81,51.69,39,离线
2026年5月6日,22:54:59,1778079299,164166,12109851,5236,3021,81,51.69,39,离线
2026年5月6日,22:55:29,1778079329,164166,12109851,5236,3021,81,51.69,39,离线
2026年5月6日,22:56:00,1778079360,164166,12109851,5236,3021,81,51.69,39,离线
2026年5月6日,22:56:32,1778079392,164166,12109851,5236,3021,81,51.69,39,离线
2026年5月6日,22:57:03,1778079423,164166,12109851,5236,3021,81,51.69,39,离线
2026年5月6日,22:57:59,1778079479,164166,12109851,5236,3021,81,51.69,39,离线
2026年5月6日,22:58:32,1778079512,164166,12109851,5236,3021,81,51.69,39,离线
2026年5月6日,22:59:02,1778079542,164166,12109851,5236,3021,81,51.69,39,离线
2026年5月6日,22:59:29,1778079569,164166,12109851,5236,3021,81,51.69,39,离线
2026年5月6日,22:59:59,1778079599,164166,12109851,5236,3021,81,51.69,39,离线
2026年5月6日,23:00:31,1778079631,164166,12109851,5236,3021,81,51.69,39,离线
2026年5月6日,23:00:59,1778079659,164166,12109851,5236,3021,81,51.69,39,离线
2026年5月6日,23:01:34,1778079694,164166,12109851,5236,3021,81,51.69,39,离线
2026年5月6日,23:02:01,1778079721,164166,12109851,5236,3021,81,51.69,39,离线
2026年5月6日,23:02:29,1778079749,164166,12109851,5236,3021,81,51.69,39,离线
2026年5月6日,23:02:59,1778079779,164166,12109851,5236,3021,81,51.69,39,离线
2026年5月6日,23:03:31,1778079811,164166,12109851,5236,3021,81,51.69,39,离线
2026年5月6日,23:03:59,1778079839,164166,12109851,5236,3021,81,51.69,39,离线
2026年5月6日,23:04:29,1778079869,164166,12109851,5236,3021,81,51.69,39,离线
2026年5月6日,23:04:59,1778079899,164166,12109851,5236,3021,81,51.69,39,离线
2026年5月6日,23:05:30,1778079930,164166,12109851,5236,3021,81,51.69,39,离线
2026年5月6日,23:05:59,1778079959,164166,12109851,5236,3021,81,51.69,39,离线
2026年5月6日,23:06:29,1778079989,164166,12109851,5236,3021,81,51.69,39,离线
2026年5月6日,23:06:59,1778080019,164166,12109851,5236,3021,81,51.69,39,离线
2026年5月6日,23:07:29,1778080049,164166,12109851,5236,3021,81,51.69,39,离线
2026年5月6日,23:07:59,1778080079,164166,12109851,5236,3021,81,51.69,39,离线
2026年5月6日,23:08:29,1778080109,164166,12109851,5236,3021,81,51.69,39,离线
2026年5月6日,23:08:59,1778080139,164166,12109851,5236,3021,81,51.69,39,离线
2026年5月6日,23:09:29,1778080169,164166,12109851,5236,3021,81,51.69,39,离线
2026年5月6日,23:09:59,1778080199,164166,12109851,5236,3021,81,51.69,39,离线
2026年5月6日,23:10:29,1778080229,164166,12109851,5236,3021,81,51.69,39,离线
2026年5月6日,23:10:59,1778080259,164166,12109851,5236,3021,81,51.69,39,离线
2026年5月6日,23:11:29,1778080289,164166,12109851,5236,3021,81,51.69,39,离线
2026年5月6日,23:12:00,1778080320,164166,12109851,5236,3021,81,51.69,39,离线
2026年5月6日,23:12:29,1778080349,164166,12109851,5236,3021,81,51.69,39,离线
2026年5月6日,23:12:59,1778080379,164166,12109851,5236,3021,81,51.69,39,离线
2026年5月6日,23:13:29,1778080409,164166,12109851,5236,3021,81,51.69,39,离线
2026年5月6日,23:13:59,1778080439,164166,12109851,5236,3021,81,51.69,39,离线
2026年5月6日,23:14:31,1778080471,164166,12109851,5236,3021,81,51.69,39,离线
2026年5月6日,23:14:59,1778080499,164166,12109851,5236,3021,81,51.69,39,离线
2026年5月6日,23:15:30,1778080530,164166,12109851,5236,3021,81,51.69,39,离线
2026年5月6日,23:15:59,1778080559,164166,12109851,5236,3021,81,51.69,39,离线
2026年5月6日,23:16:29,1778080589,164166,12109851,5236,3021,81,51.69,39,离线
2026年5月6日,23:16:59,1778080619,164166,12109851,5236,3021,81,51.69,39,离线
2026年5月6日,23:17:29,1778080649,164166,12109851,5236,3021,81,51.69,39,离线
2026年5月6日,23:17:59,1778080679,164166,12109851,5236,3021,81,51.69,39,离线
2026年5月6日,23:18:29,1778080709,164166,12109851,5236,3021,81,51.69,39,离线
2026年5月6日,23:19:00,1778080740,164166,12109851,5236,3021,81,51.69,39,离线
2026年5月6日,23:19:29,1778080769,164166,12109851,5236,3021,81,51.69,39,离线
2026年5月6日,23:19:59,1778080799,164166,12109851,5236,3021,81,51.69,39,离线
2026年5月6日,23:20:29,1778080829,164166,12109851,5236,3021,81,51.69,39,离线
2026年5月6日,23:20:59,1778080859,164166,12109851,5236,3021,81,51.69,39,离线
2026年5月6日,23:21:29,1778080889,164166,12109851,5236,3021,81,51.69,39,离线
2026年5月6日,23:22:03,1778080923,164166,12109851,5236,3021,81,51.69,39,离线
2026年5月6日,23:22:29,1778080949,164166,12109851,5236,3021,81,51.69,39,离线
2026年5月6日,23:22:59,1778080979,164166,12109851,5236,3021,81,51.69,39,离线
2026年5月6日,23:23:30,1778081010,164166,12109851,5236,3021,81,51.69,39,离线
2026年5月6日,23:23:59,1778081039,164166,12109851,5236,3021,81,51.69,39,离线
2026年5月6日,23:24:29,1778081069,164166,12109851,5236,3021,81,51.69,39,离线
2026年5月6日,23:25:02,1778081102,164166,12109851,5236,3021,81,51.69,39,离线
2026年5月6日,23:25:29,1778081129,164166,12109851,5236,3021,81,51.69,39,离线
2026年5月6日,23:26:03,1778081163,164166,12109851,5236,3021,81,51.69,39,离线
2026年5月6日,23:26:29,1778081189,164166,12109851,5236,3021,81,51.69,39,离线
2026年5月6日,23:26:59,1778081219,164166,12109851,5236,3021,81,51.69,39,离线
2026年5月6日,23:27:29,1778081249,164166,12109851,5236,3021,81,51.69,39,离线
2026年5月6日,23:28:00,1778081280,164166,12109851,5236,3021,81,51.69,39,离线
2026年5月6日,23:28:30,1778081310,164166,12109851,5236,3021,81,51.69,39,离线
2026年5月6日,23:28:59,1778081339,164166,12109851,5236,3021,81,51.69,39,离线
2026年5月6日,23:29:29,1778081369,164166,12109851,5236,3021,81,51.69,39,离线
2026年5月6日,23:29:59,1778081399,164166,12109851,5236,3021,81,51.69,39,离线
2026年5月6日,23:30:29,1778081429,164166,12109851,5236,3021,81,51.69,39,离线
2026年5月6日,23:30:59,1778081459,164166,12109851,5236,3021,81,51.69,39,离线
2026年5月6日,23:31:29,1778081489,164166,12109851,5236,3021,81,51.69,39,离线
2026年5月6日,23:31:59,1778081519,164166,12109851,5236,3021,81,51.69,39,离线
2026年5月6日,23:32:29,1778081549,164166,12109851,5236,3021,81,51.69,39,离线
2026年5月6日,23:32:59,1778081579,164166,12109851,5236,3021,81,51.69,39,离线
2026年5月6日,23:33:33,1778081613,164166,12109851,5236,3021,81,51.69,39,离线
2026年5月6日,23:33:59,1778081639,164166,12109851,5236,3021,81,51.69,39,离线
2026年5月6日,23:34:29,1778081669,164166,12109851,5236,3021,81,51.69,39,离线
2026年5月6日,23:34:59,1778081699,164166,12109851,5236,3021,81,51.69,39,离线
2026年5月6日,23:35:29,1778081729,164166,12109851,5236,3021,81,51.69,39,离线
2026年5月6日,23:35:59,1778081759,164166,12109851,5236,3021,81,51.69,39,离线
2026年5月6日,23:36:29,1778081789,164166,12109851,5236,3021,81,51.69,39,离线
2026年5月6日,23:37:01,1778081821,164166,12109851,5236,3021,81,51.69,39,离线
2026年5月6日,23:37:29,1778081849,164166,12109851,5236,3021,81,51.69,39,离线
2026年5月6日,23:37:59,1778081879,164166,12109851,5236,3021,81,51.69,39,离线
2026年5月6日,23:38:29,1778081909,164166,12109851,5236,3021,81,51.69,39,离线
2026年5月6日,23:38:59,1778081939,164166,12109851,5236,3021,81,51.69,39,离线
2026年5月6日,23:39:29,1778081969,164166,12109851,5236,3021,81,51.69,39,离线
2026年5月6日,23:39:59,1778081999,164166,12109851,5236,3021,81,51.69,39,离线
2026年5月6日,23:40:29,1778082029,164166,12109851,5236,3021,81,51.69,39,离线
2026年5月6日,23:40:59,1778082059,164166,12109851,5236,3021,81,51.69,39,离线
2026年5月6日,23:41:29,1778082089,164166,12109851,5236,3021,81,51.69,39,离线
2026年5月6日,23:41:59,1778082119,164166,12109851,5236,3021,81,51.69,39,离线
2026年5月6日,23:42:31,1778082151,164166,12109851,5236,3021,81,51.69,39,离线
2026年5月6日,23:43:29,1778082209,164166,12109851,5236,3021,81,51.69,39,离线
2026年5月6日,23:43:59,1778082239,164166,12109851,5236,3021,81,51.69,39,离线
2026年5月6日,23:44:29,1778082269,164166,12109851,5236,3021,81,51.69,39,离线
2026年5月6日,23:45:01,1778082301,164166,12109851,5236,3021,81,51.69,39,离线
2026年5月6日,23:45:29,1778082329,164166,12109851,5236,3021,81,51.69,39,离线
2026年5月6日,23:45:59,1778082359,164166,12109851,5236,3021,81,51.69,39,离线
2026年5月6日,23:46:33,1778082393,164166,12109851,5236,3021,81,51.69,39,离线
2026年5月6日,23:46:59,1778082419,164166,12109851,5236,3021,81,51.69,39,离线
2026年5月6日,23:47:29,1778082449,164166,12109851,5236,3021,81,51.69,39,离线
2026年5月6日,23:47:59,1778082479,164166,12109851,5236,3021,81,51.69,39,离线
2026年5月6日,23:48:29,1778082509,164166,12109851,5236,3021,81,51.69,39,离线
2026年5月6日,23:48:59,1778082539,164166,12109851,5236,3021,81,51.69,39,离线
2026年5月6日,23:49:31,1778082571,164166,12109851,5236,3021,81,51.69,39,离线
2026年5月6日,23:49:59,1778082599,164166,12109851,5236,3021,81,51.69,39,离线
2026年5月6日,23:50:29,1778082629,164166,12109851,5236,3021,81,51.69,39,离线
2026年5月6日,23:50:59,1778082659,164166,12109851,5236,3021,81,51.69,39,离线
2026年5月6日,23:51:33,1778082693,164166,12109851,5236,3021,81,51.69,39,离线
2026年5月6日,23:51:59,1778082719,164166,12109851,5236,3021,81,51.69,39,离线
2026年5月6日,23:52:29,1778082749,164166,12109851,5236,3021,81,51.69,39,离线
2026年5月6日,23:53:00,1778082780,164166,12109851,5236,3021,81,51.69,39,离线
2026年5月6日,23:53:29,1778082809,164166,12109851,5236,3021,81,51.69,39,离线
2026年5月6日,23:53:59,1778082839,164166,12109851,5236,3021,81,51.69,39,离线
2026年5月6日,23:54:29,1778082869,164166,12109851,5236,3021,81,51.69,39,离线
2026年5月6日,23:55:03,1778082903,164166,12109851,5236,3021,81,51.69,39,离线
2026年5月6日,23:55:59,1778082959,164166,12109851,5236,3021,81,51.69,39,离线
2026年5月6日,23:56:30,1778082990,164166,12109851,5236,3021,81,51.69,39,离线
2026年5月6日,23:56:59,1778083019,164166,12109851,5236,3021,81,51.69,39,离线
2026年5月6日,23:57:29,1778083049,164166,12109851,5236,3021,81,51.69,39,离线
2026年5月6日,23:57:59,1778083079,164166,12109851,5236,3021,81,51.69,39,离线
2026年5月6日,23:58:29,1778083109,164166,12109851,5236,3021,81,51.69,39,离线
2026年5月6日,23:59:03,1778083143,164166,12109851,5236,3021,81,51.69,39,离线
2026年5月6日,23:59:29,1778083169,164166,12109851,5236,3021,81,51.69,39,离线
